-- phpMyAdmin SQL Dump
-- version 4.6.6deb5
-- https://www.phpmyadmin.net/
--
-- Host: localhost:3306
-- Generation Time: 21 Feb 2020 pada 16.16
-- Versi Server: 5.7.29-0ubuntu0.18.04.1
-- PHP Version: 7.2.24-0ubuntu0.18.04.2

SET SQL_MODE = "NO_AUTO_VALUE_ON_ZERO";
SET time_zone = "+00:00";


/*!40101 SET @OLD_CHARACTER_SET_CLIENT=@@CHARACTER_SET_CLIENT */;
/*!40101 SET @OLD_CHARACTER_SET_RESULTS=@@CHARACTER_SET_RESULTS */;
/*!40101 SET @OLD_COLLATION_CONNECTION=@@COLLATION_CONNECTION */;
/*!40101 SET NAMES utf8mb4 */;

--
-- Database: `rapor`
--

-- --------------------------------------------------------

--
-- Struktur dari tabel `absence`
--

CREATE TABLE `absence` (
  `id` int(10) UNSIGNED NOT NULL,
  `user_id` int(11) UNSIGNED NOT NULL,
  `student_id` int(10) UNSIGNED NOT NULL,
  `sick` int(3) NOT NULL,
  `permission` int(3) NOT NULL,
  `without_explanation` int(3) NOT NULL
) ENGINE=InnoDB DEFAULT CHARSET=latin1;

--
-- Dumping data untuk tabel `absence`
--

INSERT INTO `absence` (`id`, `user_id`, `student_id`, `sick`, `permission`, `without_explanation`) VALUES
(2, 25, 3, 1, 4, 17),
(3, 25, 4, 1, 2, 4),
(13, 25, 5, 1, 2, 9),
(14, 25, 5, 1, 2, 9),
(15, 28, 10, 2, 0, 21),
(16, 28, 12, 1, 0, 19),
(17, 28, 14, 0, 7, 6),
(18, 28, 16, 0, 0, 12),
(19, 28, 18, 0, 3, 0),
(20, 28, 20, 0, 0, 6),
(21, 28, 21, 0, 7, 0),
(22, 28, 22, 7, 0, 3),
(23, 28, 23, 2, 9, 3),
(24, 28, 25, 0, 0, 13),
(25, 28, 27, 0, 2, 13),
(26, 28, 28, 0, 0, 1),
(27, 28, 31, 0, 7, 16),
(28, 28, 33, 0, 0, 10),
(29, 28, 35, 0, 0, 9),
(30, 28, 37, 0, 3, 0),
(31, 28, 41, 2, 6, 7),
(32, 28, 43, 0, 0, 31),
(33, 28, 44, 0, 7, 8),
(34, 28, 46, 0, 0, 16),
(35, 28, 51, 0, 7, 5),
(36, 28, 53, 0, 0, 12),
(37, 28, 58, 0, 0, 14),
(38, 28, 61, 0, 7, 1),
(39, 28, 63, 0, 0, 0),
(40, 28, 62, 0, 0, 7),
(41, 28, 65, 0, 0, 0),
(42, 28, 66, 0, 0, 10),
(43, 28, 68, 0, 0, 0),
(44, 28, 144, 0, 7, 10),
(45, 25, 6, 0, 0, 3),
(46, 25, 7, 0, 0, 6),
(47, 25, 8, 0, 0, 7),
(48, 25, 9, 0, 0, 3),
(49, 25, 11, 0, 0, 14),
(50, 25, 13, 2, 4, 2),
(51, 25, 15, 2, 3, 7),
(52, 25, 17, 0, 0, 0),
(53, 25, 24, 2, 0, 0),
(54, 25, 26, 0, 0, 1),
(55, 25, 29, 0, 1, 0),
(56, 25, 30, 6, 0, 3),
(57, 25, 32, 0, 0, 3),
(58, 25, 34, 0, 2, 9),
(59, 25, 36, 0, 0, 0),
(60, 25, 38, 0, 1, 7),
(61, 25, 39, 1, 5, 0),
(62, 25, 40, 2, 0, 0),
(63, 25, 42, 0, 0, 0),
(64, 25, 45, 0, 0, 0),
(65, 25, 47, 0, 0, 13),
(66, 25, 48, 0, 0, 3),
(67, 25, 49, 0, 0, 3),
(68, 25, 50, 0, 0, 1),
(69, 25, 52, 8, 3, 0),
(70, 25, 54, 1, 1, 4),
(71, 25, 55, 0, 1, 0),
(72, 25, 57, 1, 0, 2),
(73, 25, 59, 0, 3, 5),
(74, 25, 60, 0, 0, 0),
(75, 25, 145, 0, 0, 0),
(76, 25, 146, 0, 0, 0);

-- --------------------------------------------------------

--
-- Struktur dari tabel `achievement`
--

CREATE TABLE `achievement` (
  `id` bigint(20) UNSIGNED NOT NULL,
  `student_id` int(10) UNSIGNED NOT NULL,
  `name` varchar(255) NOT NULL,
  `description` text NOT NULL
) ENGINE=InnoDB DEFAULT CHARSET=latin1;

-- --------------------------------------------------------

--
-- Struktur dari tabel `assignment`
--

CREATE TABLE `assignment` (
  `id` int(10) UNSIGNED NOT NULL,
  `student_id` int(10) UNSIGNED NOT NULL,
  `course_id` int(10) UNSIGNED NOT NULL,
  `user_id` int(11) UNSIGNED NOT NULL,
  `name` varchar(255) NOT NULL,
  `value` int(11) NOT NULL
) ENGINE=InnoDB DEFAULT CHARSET=latin1;

--
-- Dumping data untuk tabel `assignment`
--

INSERT INTO `assignment` (`id`, `student_id`, `course_id`, `user_id`, `name`, `value`) VALUES
(10, 10, 1, 30, 'tugas 1', 70),
(11, 10, 1, 30, 'tugas 2', 75),
(15, 3, 15, 33, 'tugas 1', 75),
(16, 3, 15, 33, 'tugas 2', 72),
(17, 10, 10, 31, 'Tugas 1', 70),
(18, 12, 1, 30, 'tugas 1', 70),
(19, 12, 1, 30, 'tugas 2', 70),
(22, 4, 15, 33, 'tugas 1', 80),
(23, 4, 15, 33, 'tugas 2', 80),
(24, 14, 1, 30, 'tugas 1', 70),
(25, 14, 1, 30, 'tugas 2', 70),
(28, 5, 15, 33, 'tugas 1', 75),
(29, 5, 15, 33, 'tugas 2', 75),
(31, 16, 1, 30, 'tugas 1', 70),
(32, 16, 1, 30, 'tugas 2', 70),
(35, 6, 15, 33, 'tugas 1', 76),
(36, 6, 15, 33, 'tugas 2', 75),
(37, 18, 1, 30, 'tugas 1', 80),
(38, 18, 1, 30, 'tugas 2', 80),
(41, 26, 4, 31, '1', 80),
(42, 7, 15, 33, 'tugas 1', 77),
(43, 7, 15, 33, 'tugas 2', 78),
(44, 20, 1, 30, 'tugas 1', 70),
(45, 20, 1, 30, 'tugas 2', 70),
(48, 29, 4, 27, '1', 80),
(49, 8, 15, 33, 'tugas 1', 75),
(50, 8, 15, 33, 'tugas 2', 70),
(51, 21, 1, 30, 'tugas 1', 75),
(52, 21, 1, 30, 'tugas 2', 75),
(60, 32, 4, 27, '1', 75),
(61, 22, 1, 30, 'tugas 1', 75),
(62, 9, 15, 33, 'tugas 1', 77),
(64, 22, 1, 30, 'tugas 2', 79),
(68, 3, 1, 29, 'Tugas', 70),
(70, 23, 1, 30, 'tugas 1', 70),
(71, 23, 1, 30, 'tugas 2', 70),
(74, 11, 15, 33, 'tugas 1', 75),
(75, 11, 15, 33, 'tugas 2', 70),
(76, 25, 1, 30, 'tugas 1', 70),
(77, 25, 1, 30, 'tugas 2', 70),
(80, 3, 10, 31, 'Tugas 1', 70),
(81, 3, 10, 31, 'tugas 2', 75),
(82, 13, 15, 33, 'tugas 1', 75),
(83, 13, 15, 33, 'tugas 2', 77),
(84, 27, 1, 30, 'tugas 1', 75),
(85, 27, 1, 30, 'tugas 2', 70),
(88, 4, 10, 31, 'Tugas 1', 70),
(89, 4, 10, 31, 'tugas 2', 70),
(90, 28, 1, 30, 'tugas 1', 70),
(91, 28, 1, 30, 'tugas 2', 71),
(93, 15, 15, 33, 'tugas 1', 60),
(95, 5, 10, 31, 'Tugas 1', 60),
(96, 5, 10, 31, 'tugas 2', 60),
(100, 31, 1, 30, 'tugas 1', 70),
(101, 17, 15, 33, 'tugas 1', 75),
(102, 3, 8, 24, 'KD1', 76),
(103, 3, 8, 24, 'KD2', 70),
(104, 31, 1, 30, 'tugas 2', 70),
(106, 3, 8, 24, 'KD3', 70),
(107, 3, 8, 24, 'KD4', 75),
(108, 33, 1, 30, 'tugas 1', 70),
(109, 33, 1, 30, 'tugas 2', 70),
(110, 35, 1, 30, 'tugas 1', 70),
(111, 35, 1, 30, 'tugas 2', 75),
(112, 37, 1, 30, 'tugas 1', 77),
(113, 37, 1, 30, 'tugas 2', 75),
(114, 41, 1, 30, 'tugas 1', 75),
(115, 41, 1, 30, 'tugas 2', 71),
(116, 43, 1, 30, 'tugas 1', 70),
(117, 43, 1, 30, 'tugas 2', 70),
(118, 44, 1, 30, 'tugas 1', 70),
(119, 44, 1, 30, 'tugas 2', 70),
(120, 46, 1, 30, 'tugas 1', 70),
(121, 46, 1, 30, 'tugas 2', 70),
(122, 51, 1, 30, 'tugas 1', 70),
(123, 51, 1, 30, 'tugas 2', 70),
(124, 53, 1, 30, 'tugas 1', 70),
(125, 53, 1, 30, 'tugas 2', 71),
(126, 58, 1, 30, 'tugas 1', 70),
(127, 58, 1, 30, 'tugas 2', 75),
(128, 61, 1, 30, 'tugas 1', 70),
(129, 61, 1, 30, 'tugas 2', 70),
(130, 62, 1, 30, 'tugas 1', 71),
(131, 62, 1, 30, 'tugas 2', 75),
(132, 63, 1, 30, 'tugas 1', 75),
(133, 63, 1, 30, 'tugas 2', 75),
(134, 65, 1, 30, 'tugas 1', 75),
(135, 65, 1, 30, 'tugas 2', 75),
(136, 66, 1, 30, 'tugas 1', 75),
(137, 66, 1, 30, 'tugas 2', 71),
(138, 4, 1, 29, 'Tugas', 72),
(139, 68, 1, 30, 'tugas 1', 75),
(140, 17, 15, 33, 'tugas 2', 75),
(141, 68, 1, 30, 'tugas 2', 70),
(143, 24, 15, 33, 'tugas 1', 75),
(144, 24, 15, 33, 'tugas 2', 80),
(145, 26, 15, 33, 'tugas 1', 75),
(146, 26, 15, 33, 'tugas 2', 75),
(147, 5, 1, 29, 'TUGAS', 70),
(148, 29, 15, 33, 'tugas 1', 77),
(149, 29, 15, 33, 'tugas 2', 75),
(150, 69, 1, 30, 'tugas 1', 71),
(151, 69, 1, 30, 'tugas 2', 71),
(152, 70, 1, 30, 'tugas 1', 75),
(153, 70, 1, 30, 'tugas 2', 71),
(154, 30, 15, 33, 'tugas 1', 75),
(155, 30, 15, 33, 'tugas 2', 72),
(156, 71, 1, 30, 'tugas 1', 71),
(157, 71, 1, 30, 'tugas 2', 75),
(158, 72, 1, 30, 'tugas 1', 70),
(159, 72, 1, 30, 'tugas 2', 70),
(160, 6, 1, 29, 'Tugas', 71),
(162, 73, 1, 30, 'tugas 1', 70),
(163, 73, 1, 30, 'tugas 2', 70),
(164, 32, 15, 33, 'tugas 1', 75),
(165, 32, 15, 33, 'tugas 2', 80),
(166, 74, 1, 30, 'tugas 1', 70),
(168, 74, 1, 30, 'tugas 2', 70),
(169, 75, 1, 30, 'tugas 1', 71),
(170, 75, 1, 30, 'tugas 2', 72),
(171, 76, 1, 30, 'tugas 1', 75),
(172, 76, 1, 30, 'tugas 2', 72),
(173, 34, 15, 33, 'tugas 1', 80),
(174, 34, 15, 33, 'tugas 2', 73),
(175, 6, 10, 31, 'Tugas 1', 70),
(176, 6, 10, 31, 'tugas 2', 75),
(177, 77, 1, 30, 'tugas 1', 79),
(178, 7, 1, 29, 'Tugas', 73),
(179, 77, 1, 30, 'tugas 2', 79),
(180, 7, 10, 31, 'Tugas 1', 65),
(181, 7, 10, 31, 'tugas 2', 70),
(182, 8, 1, 29, 'Tugas', 75),
(183, 36, 15, 33, 'tugas 1', 75),
(184, 79, 1, 30, 'tugas 1', 75),
(185, 79, 1, 30, 'tugas 2', 75),
(186, 36, 15, 33, 'tugas 2', 80),
(187, 80, 1, 30, 'tugas 1', 70),
(188, 80, 1, 30, 'tugas 2', 70),
(189, 11, 1, 29, 'Tugas', 75),
(190, 9, 1, 29, 'Tugas', 72),
(191, 82, 1, 30, 'tugas 1', 75),
(192, 82, 1, 30, 'tugas 2', 75),
(193, 9, 15, 33, 'tugas 2', 75),
(194, 84, 1, 30, 'tugas 1', 75),
(195, 84, 1, 30, 'tugas 2', 75),
(196, 86, 1, 30, 'tugas 1', 75),
(197, 86, 1, 30, 'tugas 2', 75),
(198, 15, 15, 33, 'tugas 2', 70),
(199, 88, 1, 30, 'tugas 1', 72),
(200, 13, 1, 29, 'Tugas', 80),
(201, 88, 1, 30, 'tugas 2', 79),
(202, 90, 1, 30, 'tugas 1', 75),
(203, 90, 1, 30, 'tugas 2', 71),
(204, 38, 15, 33, 'tugas 1', 75),
(205, 8, 10, 31, 'Tugas 1', 70),
(206, 8, 10, 31, 'tugas 2', 75),
(207, 38, 15, 33, 'tugas 2', 75),
(208, 92, 1, 30, 'tugas 1', 70),
(209, 34, 4, 27, '1', 75),
(210, 92, 1, 30, 'tugas 2', 70),
(211, 15, 1, 29, 'Tugas', 75),
(212, 36, 4, 27, '1', 85),
(213, 96, 1, 30, 'tugas 1', 75),
(214, 96, 1, 30, 'tugas 2', 75),
(215, 39, 15, 33, 'tugas 1', 75),
(216, 39, 15, 33, 'tugas 2', 78),
(218, 39, 4, 27, '1', 83),
(219, 94, 1, 30, 'tugas 1', 79),
(220, 94, 1, 30, 'tugas 2', 79),
(221, 9, 10, 31, 'Tugas 1', 75),
(222, 9, 10, 31, 'tugas 2', 80),
(223, 40, 15, 33, 'tugas 1', 80),
(224, 40, 15, 33, 'tugas 2', 78),
(225, 97, 1, 30, 'tugas 1', 70),
(226, 97, 1, 30, 'tugas 2', 70),
(228, 99, 1, 30, 'tugas 1', 75),
(229, 11, 10, 31, 'Tugas 1', 70),
(230, 99, 1, 30, 'tugas 2', 75),
(231, 11, 10, 31, 'tugas 2', 65),
(232, 42, 15, 33, 'tugas 1', 75),
(233, 42, 15, 33, 'tugas 2', 77),
(234, 101, 1, 30, 'tugas 1', 80),
(235, 101, 1, 30, 'tugas 2', 80),
(236, 10, 8, 25, 'KD1', 70),
(237, 13, 10, 31, 'Tugas 1', 75),
(238, 13, 10, 31, 'tugas 2', 65),
(239, 10, 8, 25, 'KD2', 70),
(240, 10, 5, 28, '1', 55),
(241, 102, 1, 30, 'tugas 1', 75),
(242, 10, 5, 28, '2', 0),
(243, 102, 1, 30, 'tugas 2', 75),
(244, 10, 5, 28, '3', 0),
(245, 10, 5, 28, '4', 0),
(246, 17, 1, 29, 'Tugas', 75),
(247, 45, 15, 33, 'tugas 1', 75),
(248, 10, 8, 25, 'KD3', 60),
(249, 45, 15, 33, 'tugas 2', 80),
(250, 10, 8, 25, 'KD4', 60),
(251, 15, 10, 31, 'Tugas 1', 70),
(252, 15, 10, 31, 'tugas 2', 65),
(253, 103, 1, 30, 'tugas 1', 70),
(254, 103, 1, 30, 'tugas 2', 70),
(255, 12, 5, 28, '1', 80),
(256, 47, 15, 33, 'tugas 1', 75),
(257, 47, 15, 33, 'tugas 2', 77),
(258, 12, 5, 28, '2', 77),
(259, 12, 5, 28, '3', 70),
(260, 12, 5, 28, '4', 70),
(261, 4, 8, 24, 'KD1', 75),
(262, 4, 8, 24, 'KD2', 76),
(263, 4, 8, 24, 'KD3', 75),
(264, 104, 1, 30, 'tugas 1', 70),
(265, 4, 8, 24, 'KD4', 75),
(266, 104, 1, 30, 'tugas 2', 75),
(267, 17, 10, 31, 'Tugas 1', 70),
(268, 17, 10, 31, 'tugas 2', 65),
(269, 105, 1, 30, 'tugas 1', 75),
(270, 14, 5, 28, '1', 70),
(271, 40, 4, 27, '1', 83),
(272, 105, 1, 30, 'tugas 2', 75),
(273, 48, 15, 33, 'tugas 1', 70),
(274, 48, 15, 33, 'tugas 2', 78),
(275, 14, 5, 28, '2', 77),
(276, 14, 5, 28, '3', 75),
(277, 14, 5, 28, '3', 70),
(278, 24, 10, 31, 'Tugas 1', 80),
(279, 12, 8, 25, 'KD1', 70),
(280, 24, 10, 31, 'tugas 2', 85),
(281, 24, 1, 29, 'Tugas', 75),
(282, 5, 8, 24, 'KD1', 70),
(283, 107, 1, 30, 'tugas 1', 70),
(284, 12, 8, 25, 'KD2', 70),
(285, 5, 8, 24, 'KD2', 72),
(286, 12, 8, 25, 'KD3', 60),
(287, 5, 8, 24, 'KD3', 70),
(288, 16, 5, 28, '1', 23),
(289, 5, 8, 24, 'KD4', 76),
(290, 42, 4, 27, '1', 75),
(291, 12, 8, 25, 'KD4', 60),
(292, 16, 5, 28, '2', 73),
(293, 16, 5, 28, '3', 53),
(294, 49, 15, 33, 'tugas 1', 75),
(295, 16, 5, 28, '4', 27),
(296, 49, 15, 33, 'tugas 2', 80),
(297, 26, 1, 29, 'Tugas', 75),
(298, 6, 8, 24, 'KD1', 75),
(299, 18, 5, 28, '1', 83),
(300, 6, 8, 24, 'KD2', 70),
(301, 18, 5, 28, '2', 85),
(302, 6, 8, 24, 'KD3', 67),
(303, 18, 5, 28, '3', 83),
(304, 6, 8, 24, 'KD4', 76),
(305, 18, 5, 28, '4', 80),
(306, 29, 1, 29, 'Tugas', 80),
(307, 50, 15, 33, 'tugas 1', 75),
(308, 50, 15, 33, 'tugas 2', 60),
(309, 14, 8, 25, 'KD1', 75),
(310, 14, 8, 25, 'KD2', 75),
(311, 14, 8, 25, 'KD3', 70),
(312, 14, 8, 25, 'KD4', 70),
(314, 30, 1, 29, 'Tugas', 73),
(315, 45, 4, 27, '1', 83),
(316, 26, 10, 31, 'Tugas 1', 70),
(317, 26, 10, 31, 'tugas 2', 65),
(318, 7, 8, 24, 'KD1', 75),
(319, 7, 8, 24, 'KD2', 70),
(320, 7, 8, 24, 'KD3', 67),
(321, 7, 8, 24, 'KD4', 70),
(322, 16, 8, 25, 'KD1', 70),
(323, 16, 8, 25, 'KD2', 70),
(324, 20, 5, 28, '1', 75),
(325, 16, 8, 25, 'KD3', 60),
(326, 52, 15, 33, 'tugas 1', 75),
(327, 20, 5, 28, '2', 72),
(328, 20, 5, 28, '3', 70),
(329, 52, 15, 33, 'tugas 2', 60),
(330, 20, 5, 28, '4', 70),
(331, 16, 8, 25, 'KD4', 70),
(332, 29, 10, 31, 'Tugas 1', 75),
(333, 29, 10, 31, 'tugas 2', 80),
(334, 49, 4, 27, '1', 75),
(335, 8, 8, 24, 'KD1', 70),
(336, 8, 8, 24, 'KD2', 75),
(337, 8, 8, 24, 'KD3', 76),
(338, 8, 8, 24, 'KD4', 77),
(339, 32, 1, 29, 'Tugas', 80),
(340, 30, 10, 31, 'Tugas 1', 70),
(341, 54, 15, 33, 'tugas 1', 70),
(342, 30, 10, 31, 'tugas 2', 75),
(343, 54, 15, 33, 'tugas 2', 77),
(344, 50, 4, 27, '1', 75),
(345, 21, 5, 28, '1', 80),
(346, 21, 5, 28, '2', 83),
(347, 21, 5, 28, '3', 83),
(348, 18, 8, 25, 'KD1', 73),
(349, 21, 5, 28, '4', 85),
(350, 18, 8, 25, 'KD1', 75),
(351, 18, 8, 25, 'KD3', 75),
(352, 18, 8, 25, 'KD4', 70),
(353, 34, 1, 29, 'Tugas', 75),
(354, 32, 10, 31, 'Tugas 1', 80),
(355, 9, 8, 24, 'KD1', 70),
(356, 32, 10, 31, 'tugas 2', 80),
(357, 9, 8, 24, 'KD2', 75),
(358, 9, 8, 24, 'KD3', 75),
(359, 9, 8, 24, 'KD4', 76),
(360, 18, 8, 25, 'KD4', 75),
(361, 55, 15, 33, 'tugas 1', 75),
(362, 52, 4, 27, '1', 75),
(363, 55, 15, 33, 'tugas 2', 80),
(364, 22, 5, 28, '1', 70),
(365, 22, 5, 28, '2', 72),
(366, 22, 5, 28, '3', 78),
(367, 34, 10, 31, 'Tugas 1', 70),
(368, 22, 5, 28, '4', 70),
(369, 36, 1, 29, 'Tugas', 82),
(370, 20, 8, 25, 'KD1', 60),
(371, 20, 8, 25, 'KD2', 70),
(372, 78, 1, 30, 'tugas 1', 70),
(373, 57, 15, 33, 'tugas 1', 75),
(374, 20, 8, 25, 'KD3', 60),
(375, 57, 15, 33, 'tugas 2', 60),
(376, 20, 8, 25, 'KD4', 60),
(377, 78, 1, 30, 'tugas 2', 70),
(378, 11, 8, 24, 'KD1', 75),
(379, 11, 8, 24, 'KD2', 70),
(380, 23, 5, 28, '1', 70),
(381, 38, 1, 29, 'Tugas', 80),
(382, 36, 10, 31, 'Tugas 1', 75),
(383, 11, 8, 24, 'KD3', 73),
(384, 36, 10, 31, 'tugas 2', 80),
(385, 11, 8, 24, 'KD4', 75),
(386, 23, 5, 28, '2', 73),
(387, 23, 5, 28, '3', 70),
(388, 54, 4, 27, '1', 75),
(389, 23, 5, 28, '4', 70),
(390, 59, 15, 33, 'tugas 1', 80),
(391, 39, 1, 29, 'Tugas', 80),
(392, 59, 15, 33, 'tugas 2', 75),
(393, 38, 10, 31, 'Tugas 1', 70),
(394, 38, 10, 31, 'tugas 2', 75),
(395, 13, 8, 24, 'KD1', 75),
(396, 13, 8, 24, 'KD2', 70),
(397, 13, 8, 24, 'KD3', 73),
(398, 13, 8, 24, 'KD4', 76),
(399, 40, 1, 29, 'Tugas', 90),
(400, 39, 10, 31, 'Tugas 1', 70),
(401, 25, 5, 28, '1', 80),
(402, 39, 10, 31, 'tugas 2', 75),
(403, 25, 5, 28, '2', 65),
(405, 55, 4, 27, '1', 83),
(406, 60, 15, 33, 'tugas 1', 70),
(407, 60, 15, 33, 'tugas 2', 75),
(408, 15, 8, 24, 'KD1', 70),
(409, 25, 5, 28, '3', 65),
(411, 15, 8, 24, 'KD2', 67),
(412, 25, 5, 28, '4', 0),
(413, 15, 8, 24, 'KD3', 76),
(414, 15, 8, 24, 'KD4', 70),
(415, 40, 10, 31, 'Tugas 1', 65),
(416, 40, 10, 31, 'tugas 2', 75),
(417, 42, 1, 29, 'Tugas', 80),
(418, 17, 8, 24, 'KD1', 75),
(419, 27, 5, 28, '1', 73),
(420, 27, 5, 28, '2', 75),
(421, 17, 8, 24, 'KD2', 70),
(422, 21, 8, 25, 'KD1', 77),
(423, 27, 5, 28, '3', 75),
(424, 17, 8, 24, 'KD3', 67),
(425, 21, 8, 25, 'KD2', 70),
(426, 27, 5, 28, '4', 75),
(427, 21, 8, 25, 'KD3', 77),
(428, 17, 8, 24, 'KD4', 77),
(429, 21, 8, 25, 'KD4', 77),
(430, 42, 10, 31, 'Tugas 1', 85),
(431, 42, 10, 31, 'tugas 2', 80),
(432, 45, 1, 29, 'Tugas', 81),
(433, 24, 8, 24, 'KD1', 75),
(434, 24, 8, 24, 'KD2', 70),
(435, 24, 8, 24, 'KD3', 75),
(436, 24, 8, 24, 'KD4', 76),
(437, 28, 5, 28, '1', 78),
(438, 28, 5, 28, '2', 77),
(439, 28, 5, 28, '3', 82),
(440, 45, 10, 31, 'Tugas 1', 70),
(441, 45, 10, 31, 'tugas 2', 75),
(442, 28, 5, 28, '4', 75),
(443, 47, 1, 29, 'Tugas', 75),
(444, 26, 8, 24, 'KD1', 75),
(445, 22, 8, 25, 'KD1', 60),
(446, 26, 8, 24, 'KD2', 76),
(447, 22, 8, 25, 'KD2', 60),
(448, 26, 8, 24, 'KD3', 75),
(449, 22, 8, 25, 'KD3', 70),
(450, 22, 8, 25, 'KD4', 70),
(451, 26, 8, 24, 'KD4', 73),
(452, 31, 5, 28, '1', 70),
(453, 31, 5, 28, '2', 70),
(454, 31, 5, 28, '3', 23),
(455, 31, 5, 28, '4', 0),
(456, 48, 1, 29, 'Tugas', 80),
(457, 47, 10, 31, 'Tugas 1', 70),
(458, 47, 10, 31, 'tugas 2', 75),
(459, 29, 8, 24, 'KD1', 70),
(460, 29, 8, 24, 'KD2', 76),
(461, 29, 8, 24, 'KD3', 70),
(462, 29, 8, 24, 'KD4', 78),
(463, 33, 5, 28, '1', 23),
(464, 33, 5, 28, '2', 50),
(465, 23, 8, 25, 'KD1', 60),
(466, 33, 5, 28, '3', 27),
(467, 23, 8, 25, 'KD2', 60),
(468, 33, 5, 28, '4', 0),
(469, 23, 8, 25, 'KD3', 70),
(470, 48, 10, 31, 'Tugas 1', 75),
(471, 23, 8, 25, 'KD4', 70),
(472, 48, 10, 31, 'tugas 2', 80),
(473, 49, 1, 29, 'Tugas', 80),
(474, 70, 15, 33, 'Tugas 1', 70),
(475, 35, 5, 28, '1', 79),
(476, 30, 8, 24, 'KD1', 70),
(477, 35, 5, 28, '2', 77),
(478, 30, 8, 24, 'KD2', 72),
(479, 35, 5, 28, '3', 70),
(480, 70, 15, 33, 'tugas 2', 60),
(481, 35, 5, 28, '4', 70),
(482, 30, 8, 24, 'KD3', 70),
(483, 30, 8, 24, 'KD4', 67),
(484, 49, 10, 31, 'Tugas 1', 75),
(485, 49, 10, 31, 'tugas 2', 75),
(486, 25, 8, 25, 'KD1', 60),
(487, 50, 1, 29, 'Tugas', 80),
(488, 25, 8, 25, 'KD2', 70),
(489, 25, 8, 25, 'KD3', 60),
(490, 25, 8, 25, 'KD4', 70),
(491, 37, 5, 28, '1', 77),
(492, 32, 8, 24, 'KD1', 70),
(493, 37, 5, 28, '2', 75),
(494, 37, 5, 28, '3', 72),
(495, 50, 10, 31, 'Tugas 1', 75),
(496, 37, 5, 28, '4', 72),
(497, 50, 10, 31, 'tugas 2', 80),
(498, 32, 8, 24, 'KD2', 75),
(499, 32, 8, 24, 'KD3', 72),
(500, 32, 8, 24, 'KD4', 67),
(501, 52, 1, 29, 'Tugas', 83),
(502, 71, 15, 33, 'tugas 1', 70),
(503, 71, 15, 33, 'tugas 2', 71),
(504, 41, 5, 28, '1', 80),
(505, 41, 5, 28, '2', 72),
(506, 41, 5, 28, '3', 75),
(507, 41, 5, 28, '4', 75),
(508, 52, 10, 31, 'Tugas 1', 70),
(509, 27, 8, 25, 'KD1', 60),
(510, 34, 8, 24, 'KD1', 70),
(511, 27, 8, 25, 'KD2', 60),
(512, 34, 8, 24, 'KD2', 70),
(513, 27, 8, 25, 'KD3', 60),
(514, 34, 8, 24, 'KD3', 77),
(515, 27, 8, 25, 'KD4', 70),
(516, 34, 8, 24, 'KD4', 69),
(517, 52, 10, 31, 'tugas 2', 70),
(518, 54, 1, 29, 'Tugas', 80),
(519, 27, 8, 25, 'KD3', 0),
(520, 43, 5, 28, '1', 70),
(521, 43, 5, 28, '2', 70),
(522, 43, 5, 28, '3', 80),
(523, 43, 5, 28, '4', 70),
(524, 54, 10, 31, 'Tugas 1', 65),
(525, 36, 8, 24, 'KD1', 70),
(526, 36, 8, 24, 'KD2', 75),
(527, 54, 10, 31, 'tugas 2', 80),
(528, 36, 8, 24, 'KD3', 72),
(529, 36, 8, 24, 'KD4', 70),
(530, 46, 5, 28, '1', 0),
(531, 55, 10, 31, 'Tugas 1', 65),
(532, 46, 5, 28, '2', 48),
(533, 55, 10, 31, 'tugas 2', 70),
(535, 28, 8, 25, 'KD1', 80),
(536, 46, 5, 28, '3', 27),
(537, 28, 8, 25, 'KD2', 80),
(538, 46, 5, 28, '4', 0),
(539, 28, 8, 25, 'KD3', 75),
(540, 28, 8, 25, 'KD4', 77),
(541, 55, 1, 29, 'Tugas', 80),
(542, 73, 15, 33, '1', 70),
(543, 38, 8, 24, 'KD1', 70),
(544, 38, 8, 24, 'KD2', 72),
(545, 57, 10, 31, 'Tugas 1', 75),
(546, 59, 4, 27, '1', 83),
(547, 57, 10, 31, 'tugas 2', 75),
(548, 51, 5, 28, '1', 70),
(549, 38, 8, 24, 'KD3', 67),
(550, 51, 5, 28, '2', 73),
(551, 73, 15, 33, '2', 45),
(552, 38, 8, 24, 'KD4', 70),
(553, 51, 5, 28, '3', 70),
(554, 51, 5, 28, '4', 70),
(555, 57, 1, 29, 'Tugas', 78),
(556, 31, 8, 25, 'KD1', 60),
(557, 31, 8, 25, 'KD2', 60),
(558, 60, 4, 27, '1', 83),
(559, 31, 8, 25, 'KD3', 60),
(560, 18, 6, 36, 'Tugas pertama', 100),
(561, 31, 8, 25, 'KD4', 70),
(562, 39, 8, 24, 'KD1', 70),
(563, 39, 8, 24, 'KD2', 77),
(564, 59, 10, 31, 'Tugas 1', 75),
(565, 39, 8, 24, 'KD3', 75),
(566, 59, 10, 31, 'tugas 2', 80),
(567, 74, 15, 33, '1', 70),
(568, 53, 5, 28, '1', 85),
(569, 18, 6, 36, 'Tugas kedua', 100),
(570, 39, 8, 24, 'KD4', 78),
(571, 74, 15, 33, '2', 70),
(572, 53, 5, 28, '2', 70),
(573, 53, 5, 28, '3', 70),
(574, 53, 5, 28, '4', 70),
(575, 59, 1, 29, 'Tugas', 82),
(576, 60, 10, 31, 'Tugas 1', 80),
(577, 18, 6, 36, 'Tugas ketiga', 100),
(578, 60, 10, 31, 'tugas 2', 70),
(579, 79, 4, 27, '1', 75),
(580, 33, 8, 25, 'KD1', 35),
(581, 60, 1, 29, 'Tugas', 80),
(582, 33, 8, 25, 'KD2', 50),
(583, 56, 5, 28, '1', 80),
(584, 33, 8, 25, 'KD3', 60),
(585, 56, 5, 28, '2', 70),
(586, 56, 5, 28, '3', 80),
(587, 33, 8, 25, 'KD4', 60),
(588, 56, 5, 28, '4', 70),
(589, 40, 8, 24, 'KD1', 76),
(590, 40, 8, 24, 'KD2', 70),
(591, 40, 8, 24, 'KD3', 75),
(592, 40, 8, 24, 'KD4', 78),
(593, 82, 4, 27, '1', 80),
(594, 76, 15, 33, '1', 70),
(595, 58, 5, 28, '1', 77),
(596, 76, 15, 33, '1', 71),
(597, 42, 8, 24, 'KD1', 70),
(599, 42, 8, 24, 'KD2', 67),
(600, 42, 8, 24, 'KD3', 77),
(601, 42, 8, 24, 'KD4', 75),
(602, 58, 5, 28, '2', 75),
(603, 111, 1, 29, 'Tugas', 60),
(604, 58, 5, 28, '3', 70),
(605, 77, 15, 33, '1', 70),
(606, 58, 5, 28, '4', 70),
(607, 77, 15, 33, '2', 72),
(608, 45, 8, 24, 'KD1', 75),
(609, 45, 8, 24, 'KD2', 70),
(610, 45, 8, 24, 'KD3', 75),
(611, 45, 8, 24, 'KD4', 76),
(612, 96, 4, 27, '1', 85),
(613, 61, 5, 28, '1', 70),
(614, 61, 5, 28, '2', 77),
(615, 47, 8, 24, 'KD1', 70),
(616, 47, 8, 24, 'KD2', 75),
(617, 61, 5, 28, '3', 70),
(618, 47, 8, 24, 'KD3', 67),
(619, 144, 1, 30, 'tugas 1', 77),
(620, 61, 5, 28, '4', 70),
(621, 47, 8, 24, 'KD4', 75),
(622, 144, 1, 30, 'tugas 2', 79),
(623, 10, 10, 31, 'tugas 2', 75),
(624, 78, 15, 33, '1', 70),
(625, 35, 8, 25, 'KD1', 77),
(626, 48, 8, 24, 'KD1', 70),
(627, 35, 8, 25, 'KD2', 70),
(628, 62, 5, 28, '1', 80),
(629, 48, 8, 24, 'KD2', 70),
(630, 62, 5, 28, '2', 77),
(631, 35, 8, 25, 'KD3', 75),
(632, 48, 8, 24, 'KD3', 76),
(633, 35, 8, 25, 'KD4', 70),
(634, 48, 8, 24, 'KD4', 72),
(635, 62, 5, 28, '3', 70),
(636, 62, 5, 28, '4', 70),
(637, 12, 10, 31, 'Tugas 1', 75),
(638, 12, 10, 31, 'tugas 2', 70),
(639, 79, 15, 33, '1', 70),
(640, 79, 15, 33, '2', 70),
(641, 77, 4, 27, '1', 75),
(642, 63, 5, 28, '1', 90),
(643, 14, 10, 31, 'Tugas 1', 65),
(644, 14, 10, 31, 'tugas 2', 70),
(645, 63, 5, 28, '2', 73),
(646, 10, 6, 36, 'Tugas pertama', 50),
(647, 63, 5, 28, '3', 78),
(648, 37, 8, 25, 'KD1', 77),
(649, 10, 6, 36, 'Tugas kedua', 50),
(650, 37, 8, 25, 'KD2', 70),
(651, 63, 5, 28, '4', 75),
(652, 37, 8, 25, 'KD2', 77),
(653, 49, 8, 24, 'KD1', 70),
(654, 49, 8, 24, 'KD2', 75),
(655, 37, 8, 25, 'KD4', 77),
(656, 49, 8, 24, 'KD3', 76),
(657, 49, 8, 24, 'KD4', 69),
(658, 16, 10, 31, 'Tugas 1', 75),
(659, 10, 6, 36, 'Tugas ketiga', 0),
(660, 16, 10, 31, 'tugas 2', 65),
(661, 65, 5, 28, '1', 70),
(662, 65, 5, 28, '2', 70),
(663, 65, 5, 28, '3', 78),
(664, 65, 5, 28, '4', 70),
(665, 18, 10, 31, 'Tugas 1', 75),
(666, 18, 10, 31, 'tugas 2', 75),
(667, 74, 4, 27, '1', 75),
(668, 50, 8, 24, 'KD1', 70),
(669, 50, 8, 24, 'KD2', 76),
(670, 50, 8, 24, 'KD3', 75),
(671, 41, 8, 25, 'KD1', 60),
(672, 50, 8, 24, 'KD4', 77),
(673, 41, 8, 25, 'KD2', 70),
(674, 41, 8, 25, 'KD3', 60),
(675, 41, 8, 25, 'KD4', 70),
(676, 20, 10, 31, 'Tugas 1', 50),
(677, 20, 10, 31, 'tugas 2', 30),
(678, 80, 15, 33, '1', 70),
(679, 52, 8, 24, 'KD1', 70),
(680, 52, 8, 24, 'KD2', 75),
(681, 66, 5, 28, '1', 65),
(682, 52, 8, 24, 'KD3', 70),
(683, 66, 5, 28, '2', 65),
(684, 52, 8, 24, 'KD4', 78),
(685, 66, 5, 28, '3', 65),
(686, 66, 5, 28, '4', 65),
(687, 21, 10, 31, 'Tugas 1', 80),
(688, 21, 10, 31, 'tugas 2', 85),
(689, 43, 8, 25, 'KD', 60),
(690, 12, 6, 36, 'Tugas pertama', 100),
(691, 12, 6, 36, 'Tugas kedua', 60),
(692, 12, 6, 36, 'Tugas ketiga', 80),
(693, 22, 10, 31, 'Tugas 1', 65),
(694, 68, 5, 28, '1', 0),
(695, 22, 10, 31, 'tugas 2', 65),
(696, 68, 5, 28, '2', 0),
(697, 68, 5, 28, '3', 0),
(698, 82, 15, 33, '1', 70),
(699, 68, 5, 28, '4', 0),
(700, 105, 4, 27, '1', 75),
(701, 82, 15, 33, '2', 55),
(702, 44, 8, 25, 'KD', 70),
(703, 23, 10, 31, 'Tugas 1', 50),
(704, 23, 10, 31, 'tugas 2', 50),
(705, 54, 8, 24, 'KD1', 75),
(706, 54, 8, 24, 'KD2', 76),
(707, 144, 5, 28, '1', 70),
(708, 54, 8, 24, 'KD3', 70),
(709, 144, 5, 28, '2', 70),
(710, 54, 8, 24, 'KD4', 75),
(711, 144, 5, 28, '3', 70),
(712, 144, 5, 28, '4', 70),
(713, 84, 15, 33, '1', 70),
(714, 84, 15, 33, '2', 70),
(715, 101, 4, 27, '1', 75),
(716, 25, 10, 31, 'Tugas 1', 65),
(717, 25, 10, 31, 'tugas 2', 65),
(718, 55, 8, 24, 'KD1', 75),
(719, 46, 8, 25, 'KD', 35),
(720, 55, 8, 24, 'KD3', 75),
(721, 55, 8, 24, 'KD3', 76),
(722, 86, 15, 33, '1', 75),
(723, 55, 8, 24, 'KD4', 70),
(724, 14, 6, 36, 'Tugas pertama', 100),
(725, 86, 15, 33, '2', 75),
(726, 69, 5, 28, 'TUGAS1', 33),
(727, 14, 6, 36, 'Tugas kedua', 100),
(728, 27, 10, 31, 'Tugas 1', 65),
(729, 27, 10, 31, 'tugas 2', 65),
(730, 69, 5, 28, 'TUGAS2', 0),
(731, 14, 6, 36, 'Tugas ketiga', 85),
(732, 69, 5, 28, 'TUGAS3', 83),
(733, 69, 5, 28, 'TUGAS4', 0),
(734, 28, 10, 31, 'Tugas 1', 65),
(735, 28, 10, 31, 'tugas 2', 80),
(736, 88, 15, 33, '1', 70),
(737, 57, 8, 24, 'KD1', 75),
(738, 88, 15, 33, '2', 71),
(739, 57, 8, 24, 'KD2', 72),
(740, 57, 8, 24, 'KD3', 70),
(741, 57, 8, 24, 'KD4', 76),
(742, 51, 8, 25, 'KD', 70),
(743, 31, 10, 31, 'Tugas 1', 50),
(744, 31, 10, 31, 'tugas 2', 30),
(745, 70, 5, 28, 'TUGAS1', 90),
(746, 70, 5, 28, 'TUGAS2', 33),
(747, 70, 5, 28, 'TUGAS3', 0),
(748, 70, 5, 28, 'TUGAS4', 0),
(749, 90, 15, 33, '1', 70),
(750, 59, 8, 24, 'KD1', 75),
(751, 33, 10, 31, 'Tugas 1', 30),
(752, 33, 10, 31, 'tugas 2', 30),
(753, 53, 8, 25, 'KD1', 75),
(754, 59, 8, 24, 'KD2', 70),
(755, 53, 8, 25, 'KD2', 70),
(756, 59, 8, 24, 'KD3', 70),
(757, 16, 6, 36, 'Tugas pertama', 100),
(758, 59, 8, 24, 'KD4', 72),
(759, 53, 8, 25, 'KD3', 77),
(760, 16, 6, 36, 'Tugas kedua', 60),
(761, 53, 8, 25, 'KD4', 80),
(762, 71, 5, 28, 'TUGAS1', 83),
(763, 92, 15, 33, '1', 70),
(764, 16, 6, 36, 'Tugas ketiga', 0),
(765, 71, 5, 28, 'TUGAS2', 70),
(766, 71, 5, 28, 'TUGAS3', 83),
(767, 71, 5, 28, 'TUGAS4', 70),
(768, 94, 15, 33, '1', 70),
(769, 35, 10, 31, 'tugas 1', 70),
(770, 60, 8, 24, 'KD1', 76),
(771, 94, 15, 33, '2', 70),
(772, 60, 8, 24, 'KD2', 72),
(773, 35, 10, 31, 'tugas 2', 65),
(774, 60, 8, 24, 'KD3', 69),
(775, 60, 8, 24, 'KD4', 77),
(776, 58, 8, 25, 'KD1', 75),
(777, 58, 8, 25, 'KD2', 70),
(778, 72, 5, 28, 'TUGAS1', 33),
(779, 72, 5, 28, 'TUGAS2', 17),
(780, 58, 8, 25, 'KD3', 75),
(781, 37, 10, 31, 'tugas 1', 65),
(782, 58, 8, 25, 'KD4', 77),
(783, 72, 5, 28, 'TUGAS3', 40),
(784, 37, 10, 31, 'tugas 2', 60),
(785, 72, 5, 28, 'TUGAS4', 0),
(786, 96, 15, 33, '1', 70),
(787, 96, 15, 33, '2', 75),
(788, 20, 6, 36, 'Tugas pertama', 100),
(789, 41, 10, 31, 'tugas 1', 75),
(790, 20, 6, 36, 'Tugas kedua', 85),
(791, 41, 10, 31, 'tugas 2', 80),
(792, 20, 6, 36, 'Tugas ketiga', 80),
(793, 43, 10, 31, 'tugas 1', 65),
(794, 43, 10, 31, 'tugas 2', 50),
(795, 61, 8, 25, 'KD1', 75),
(796, 73, 5, 28, 'TUGAS1', 70),
(797, 61, 8, 25, 'KD2', 70),
(798, 73, 5, 28, 'TUGAS2', 65),
(799, 73, 5, 28, 'TUGAS3', 70),
(800, 61, 8, 25, 'KD3', 75),
(801, 44, 10, 31, 'tugas 1', 65),
(802, 61, 8, 25, 'KD4', 77),
(803, 73, 5, 28, 'TUGAS4', 65),
(804, 44, 10, 31, 'tugas 2', 65),
(805, 97, 15, 33, '1', 70),
(806, 99, 15, 33, '1', 70),
(807, 46, 10, 31, 'tugas 1', 30),
(808, 46, 10, 31, 'tugas 2', 45),
(809, 62, 8, 25, 'KD1', 77),
(810, 62, 8, 25, 'KD2', 75),
(811, 62, 8, 25, 'KD3', 75),
(812, 62, 8, 25, 'KD4', 77),
(813, 74, 5, 28, 'TUGAS1', 70),
(814, 74, 5, 28, 'TUGAS2', 90),
(815, 74, 5, 28, 'TUGAS3', 70),
(816, 74, 5, 28, 'TUGAS4', 83),
(817, 10, 14, 24, 'KD1', 70),
(818, 75, 5, 28, 'TUGAS1', 70),
(819, 10, 14, 24, 'KD2', 73),
(820, 75, 5, 28, 'TUGAS2', 70),
(821, 75, 5, 28, 'TUGAS3', 70),
(822, 10, 14, 24, 'KD3', 70),
(823, 75, 5, 28, 'TUGAS4', 70),
(824, 10, 14, 24, 'KD4', 68),
(825, 63, 8, 25, 'KD1', 79),
(826, 63, 8, 25, 'KD2', 70),
(827, 63, 8, 25, 'KD3', 75),
(828, 63, 8, 25, 'KD4', 80),
(829, 76, 5, 28, 'TUGAS1', 80),
(830, 76, 5, 28, 'TUGAS2', 92),
(831, 76, 5, 28, 'TUGAS3', 80),
(832, 76, 5, 28, 'TUGAS4', 83),
(833, 12, 14, 24, 'KD1', 70),
(834, 12, 14, 24, 'KD2', 70),
(835, 12, 14, 24, 'KD3', 72),
(836, 77, 5, 28, 'TUGAS1', 70),
(837, 77, 5, 28, 'TUGAS2', 85),
(838, 77, 5, 28, 'TUGAS3', 83),
(839, 77, 5, 28, 'TUGAS4', 70),
(840, 12, 14, 24, 'KD4', 60),
(841, 78, 5, 28, 'TUGAS1', 70),
(842, 78, 5, 28, 'TUGAS2', 92),
(843, 78, 5, 28, 'TUGAS3', 83),
(844, 78, 5, 28, 'TUGAS4', 70),
(845, 3, 7, 34, '1', 50),
(846, 3, 7, 34, '1', 50),
(847, 51, 10, 31, 'Tugas 1', 65),
(848, 51, 10, 31, 'tugas 2', 65),
(849, 14, 14, 24, 'KD1', 70),
(850, 14, 14, 24, 'KD2', 69),
(851, 14, 14, 24, 'KD3', 78),
(852, 14, 14, 24, 'KD4', 79),
(853, 65, 8, 25, 'KD', 70),
(854, 79, 5, 28, 'TUGAS1', 80),
(855, 79, 5, 28, 'TUGAS2', 92),
(856, 53, 10, 31, 'Tugas 1', 65),
(857, 53, 10, 31, 'tugas 2', 70),
(858, 79, 5, 28, 'TUGAS3', 85),
(859, 4, 7, 34, '1', 85),
(860, 79, 5, 28, 'TUGAS4', 70),
(861, 4, 7, 34, '1', 78),
(862, 66, 8, 25, 'KD', 70),
(863, 56, 10, 31, 'Tugas 1', 65),
(864, 56, 10, 31, 'tugas 2', 65),
(865, 16, 14, 24, 'KD1', 50),
(866, 16, 14, 24, 'KD2', 45),
(867, 16, 14, 24, 'KD3', 56),
(868, 16, 14, 24, 'KD4', 60),
(869, 80, 5, 28, 'TUGAS1', 33),
(870, 80, 5, 28, 'TUGAS2', 23),
(871, 58, 10, 31, 'Tugas 1', 65),
(872, 58, 10, 31, 'tugas 2', 65),
(873, 80, 5, 28, 'TUGAS3', 0),
(874, 80, 5, 28, 'TUGAS4', 0),
(875, 5, 7, 34, '1', 80),
(876, 18, 14, 24, 'KD1', 76),
(877, 82, 5, 28, 'TUGAS1', 70),
(878, 82, 5, 28, 'TUGAS2', 82),
(879, 18, 14, 24, 'KD2', 80),
(880, 5, 7, 34, '1', 70),
(881, 18, 14, 24, 'KD3', 78),
(882, 82, 5, 28, 'TUGAS3', 85),
(883, 61, 10, 31, 'Tugas 1', 75),
(884, 82, 5, 28, 'TUGAS4', 70),
(885, 18, 14, 24, 'KD4', 77),
(886, 61, 10, 31, 'tugas 2', 70),
(887, 144, 8, 25, 'KD', 75),
(888, 62, 10, 31, 'Tugas 1', 80),
(889, 62, 10, 31, 'tugas 2', 85),
(890, 84, 5, 28, 'TUGAS1', 73),
(891, 20, 14, 24, 'KD1', 75),
(892, 84, 5, 28, 'TUGAS2', 92),
(893, 63, 10, 31, 'Tugas 1', 75),
(894, 20, 14, 24, 'KD2', 76),
(895, 63, 10, 31, 'tugas 2', 75),
(896, 84, 5, 28, 'TUGAS3', 78),
(897, 20, 14, 24, 'KD3', 70),
(898, 84, 5, 28, 'TUGAS4', 70),
(899, 20, 14, 24, 'KD4', 70),
(900, 6, 7, 34, '1', 85),
(901, 6, 7, 34, '1', 80),
(902, 21, 6, 36, 'Tugas pertama', 100),
(903, 21, 6, 36, 'Tugas kedua', 100),
(904, 64, 10, 31, 'Tugas 1', 70),
(905, 21, 6, 36, 'Tugas ketiga', 90),
(906, 86, 5, 28, 'TUGAS1', 83),
(907, 21, 14, 24, 'KD1', 76),
(908, 64, 10, 31, 'tugas 2', 75),
(909, 86, 5, 28, 'TUGAS2', 90),
(910, 21, 14, 24, 'KD2', 77),
(911, 21, 14, 24, 'KD3', 80),
(912, 86, 5, 28, 'TUGAS3', 83),
(913, 21, 14, 24, 'KD4', 75),
(914, 86, 5, 28, 'TUGAS4', 80),
(915, 65, 10, 31, 'Tugas 1', 70),
(916, 65, 10, 31, 'tugas 2', 70),
(917, 7, 7, 34, '1', 50),
(918, 7, 7, 34, '1', 50),
(919, 88, 5, 28, 'TUGAS1', 90),
(920, 88, 5, 28, 'TUGAS2', 85),
(921, 22, 6, 36, 'Tugas pertama', 100),
(922, 22, 14, 24, 'KD1', 70),
(923, 88, 5, 28, 'TUGAS3', 83),
(924, 22, 14, 24, 'KD2', 70),
(925, 88, 5, 28, 'TUGAS4', 80),
(926, 22, 6, 36, 'Tugas kedua', 100),
(927, 22, 14, 24, 'KD3', 69),
(928, 22, 6, 36, 'Tugas ketiga', 80),
(929, 22, 14, 24, 'KD4', 73),
(930, 71, 8, 25, 'KD1', 75),
(931, 71, 8, 25, 'KD2', 75),
(932, 66, 10, 31, 'Tugas 1', 65),
(933, 66, 10, 31, 'tugas 2', 65),
(934, 71, 8, 25, 'KD3', 75),
(935, 71, 8, 25, 'KD', 70),
(936, 23, 14, 24, 'KD1', 68),
(937, 67, 10, 31, 'Tugas 1', 65),
(938, 8, 7, 34, '1', 50),
(939, 90, 5, 28, 'TUGAS1', 57),
(940, 67, 10, 31, 'tugas 2', 30),
(941, 90, 5, 28, 'TUGAS2', 33),
(942, 23, 14, 24, 'KD2', 70),
(943, 8, 7, 34, '1', 50),
(944, 90, 5, 28, 'TUGAS3', 0),
(945, 23, 14, 24, 'KD3', 65),
(946, 90, 5, 28, 'TUGAS4', 40),
(947, 23, 14, 24, 'KD4', 71),
(948, 68, 10, 31, 'Tugas 1', 50),
(949, 68, 10, 31, 'tugas 2', 65),
(950, 25, 14, 24, 'KD1', 70),
(951, 25, 14, 24, 'KD2', 75),
(952, 92, 5, 28, 'TUGAS1', 23),
(953, 92, 5, 28, 'TUGAS2', 27),
(954, 25, 14, 24, 'KD3', 72),
(955, 144, 10, 31, 'Tugas 1', 80),
(956, 144, 10, 31, 'tugas 2', 85),
(957, 25, 14, 24, 'KD4', 70),
(958, 92, 5, 28, 'TUGAS3', 83),
(959, 92, 5, 28, 'TUGAS4', 0),
(960, 23, 6, 36, 'Tugas pertama', 100),
(961, 23, 6, 36, 'Tugas kedua', 100),
(963, 94, 5, 28, 'TUGAS1', 70),
(965, 23, 6, 36, 'Tugas ketiga', 80),
(966, 94, 5, 28, 'TUGAS2', 70),
(967, 94, 5, 28, 'TUGAS3', 70),
(968, 94, 5, 28, 'TUGAS4', 70),
(969, 27, 14, 24, 'KD1', 71),
(970, 69, 15, 33, '1', 70),
(971, 27, 14, 24, 'KD2', 73),
(972, 27, 14, 24, 'KD3', 75),
(973, 27, 14, 24, 'KD4', 70),
(974, 96, 5, 28, 'TUGAS1', 70),
(975, 96, 5, 28, 'TUGAS2', 90),
(976, 96, 5, 28, 'TUGAS3', 83),
(977, 9, 7, 34, '1', 70),
(978, 25, 6, 36, 'Tugas pertama', 100),
(979, 96, 5, 28, 'TUGAS4', 78),
(980, 9, 7, 34, '1', 70),
(981, 72, 15, 33, '1', 65),
(982, 74, 8, 25, 'KD1', 75),
(983, 25, 6, 36, 'Tugas kedua', 50),
(984, 74, 8, 25, 'KD2', 75),
(985, 28, 14, 24, 'KD1', 73),
(986, 25, 6, 36, 'Tugas ketiga', 70),
(987, 28, 14, 24, 'KD2', 75),
(988, 97, 5, 28, 'TUGAS1', 70),
(989, 28, 14, 24, 'KD3', 77),
(990, 97, 5, 28, 'TUGAS2', 70),
(991, 97, 5, 28, 'TUGAS3', 70),
(992, 28, 14, 24, 'KD4', 76),
(993, 97, 5, 28, 'TUGAS4', 70),
(994, 31, 14, 24, 'KD1', 76),
(995, 11, 7, 34, '1', 75),
(996, 31, 14, 24, 'KD2', 70),
(997, 99, 5, 28, 'TUGAS1', 23),
(998, 31, 14, 24, 'KD3', 70),
(999, 99, 5, 28, 'TUGAS2', 33),
(1000, 11, 7, 34, '1', 80),
(1001, 31, 14, 24, 'KD4', 75),
(1002, 99, 5, 28, 'TUGAS3', 0),
(1003, 99, 5, 28, 'TUGAS4', 0),
(1004, 76, 8, 25, 'KD1', 75),
(1005, 33, 14, 24, 'KD1', 70),
(1006, 76, 8, 25, 'KD', 75),
(1007, 33, 14, 24, 'KD2', 65),
(1008, 101, 5, 28, 'TUGAS1', 70),
(1009, 76, 8, 25, 'KD3', 75),
(1010, 101, 5, 28, 'TUGAS2', 92),
(1011, 33, 14, 24, 'KD3', 75),
(1012, 76, 8, 25, 'KD4', 75),
(1013, 33, 14, 24, 'KD4', 77),
(1014, 101, 5, 28, 'TUGAS3', 85),
(1015, 101, 5, 28, 'TUGAS4', 70),
(1016, 13, 7, 34, '1', 80),
(1017, 102, 5, 28, 'TUGAS1', 70),
(1018, 13, 7, 34, '1', 80),
(1019, 102, 5, 28, 'TUGAS2', 90),
(1020, 102, 5, 28, 'TUGAS3', 70),
(1021, 102, 5, 28, 'TUGAS4', 70),
(1022, 35, 14, 24, 'KD1', 74),
(1023, 35, 14, 24, 'KD2', 75),
(1024, 35, 14, 24, 'KD3', 70),
(1025, 35, 14, 24, 'KD4', 78),
(1026, 77, 8, 25, 'KD1', 75),
(1027, 77, 8, 25, 'KD1', 75),
(1028, 103, 5, 28, 'TUGAS1', 65),
(1029, 77, 8, 25, 'KD3', 75),
(1030, 103, 5, 28, 'TUGAS2', 80),
(1031, 77, 8, 25, 'KD4', 75),
(1032, 103, 5, 28, 'TUGAS3', 65),
(1033, 15, 7, 34, '1', 60),
(1034, 103, 5, 28, 'TUGAS4', 65),
(1035, 15, 7, 34, '1', 70),
(1036, 37, 14, 24, 'KD1', 70),
(1037, 37, 14, 24, 'KD2', 76),
(1038, 37, 14, 24, 'KD3', 77),
(1039, 37, 14, 24, 'KD4', 75),
(1040, 104, 6, 28, 'TUGAS1', 70),
(1041, 104, 6, 28, 'TUGAS2', 70),
(1042, 104, 6, 28, 'TUGAS3', 83),
(1043, 104, 6, 28, 'TUGAS4', 70),
(1044, 78, 8, 25, 'KD1', 75),
(1045, 17, 7, 34, '1', 70),
(1046, 78, 8, 25, 'KD2', 75),
(1047, 17, 7, 34, '1', 70),
(1048, 78, 8, 25, 'KD3', 75),
(1049, 105, 5, 28, 'TUGAS1', 70),
(1050, 105, 5, 28, 'TUGAS2', 70),
(1051, 41, 14, 24, 'KD1', 70),
(1052, 105, 5, 28, 'TUGAS3', 83),
(1053, 41, 14, 24, 'KD2', 75),
(1054, 41, 14, 24, 'KD3', 77),
(1055, 41, 14, 24, 'KD4', 76),
(1056, 105, 5, 28, 'TUGAS4', 70),
(1057, 43, 14, 24, 'KD1', 75),
(1058, 79, 8, 25, 'KD1', 75),
(1059, 24, 7, 34, '1', 82),
(1060, 43, 14, 24, 'KD2', 70),
(1061, 79, 8, 25, 'KD2', 75),
(1062, 24, 7, 34, '1', 80),
(1063, 107, 5, 28, 'TUGAS1', 70),
(1064, 43, 14, 24, 'KD3', 76),
(1065, 79, 8, 25, 'KD2', 75),
(1066, 107, 5, 28, 'TUGAS2', 70),
(1067, 43, 14, 24, 'KD4', 75),
(1068, 107, 5, 28, 'TUGAS3', 70),
(1069, 79, 8, 25, 'KD4', 75),
(1070, 107, 5, 28, 'TUGAS4', 70),
(1071, 44, 14, 24, 'KD1', 75),
(1072, 44, 14, 24, 'KD2', 73),
(1073, 44, 14, 24, 'KD3', 74),
(1074, 26, 7, 34, '1', 85),
(1075, 44, 14, 24, 'KD4', 70),
(1076, 26, 7, 34, '1', 88),
(1077, 27, 6, 36, 'Tugas pertama', 70),
(1078, 80, 8, 25, 'KD', 75),
(1079, 27, 6, 36, 'Tugas kedua', 100),
(1080, 27, 6, 36, 'Tugas ketiga', 70),
(1081, 46, 14, 24, 'KD1', 73),
(1082, 46, 14, 24, 'KD2', 71),
(1083, 46, 14, 24, 'KD3', 65),
(1084, 29, 7, 34, '1', 75),
(1085, 46, 14, 24, 'KD4', 70),
(1086, 29, 7, 34, '1', 75),
(1087, 82, 8, 25, 'KD1', 75),
(1088, 82, 8, 25, 'KD2', 75),
(1089, 82, 8, 25, 'KD3', 70),
(1090, 82, 8, 25, 'KD4', 70),
(1091, 82, 8, 25, 'KD2', 75),
(1092, 30, 7, 34, '1', 60),
(1093, 30, 7, 34, '1', 60),
(1094, 51, 14, 24, 'KD1', 72),
(1095, 51, 14, 24, 'KD2', 66),
(1096, 51, 14, 24, 'KD3', 74),
(1097, 84, 8, 25, 'KD1', 75),
(1098, 51, 14, 24, 'KD4', 70),
(1099, 28, 6, 36, 'Tugas pertama', 100),
(1100, 84, 8, 25, 'KD2', 75),
(1101, 28, 6, 36, 'Tugas kedua', 100),
(1102, 84, 8, 25, 'KD3', 75),
(1103, 84, 8, 25, 'KD4', 70),
(1104, 28, 6, 36, 'Tugas ketiga', 94),
(1105, 32, 7, 34, '1', 70),
(1106, 32, 7, 34, '1', 80),
(1107, 53, 14, 24, 'KD1', 75),
(1108, 86, 8, 25, 'KD1', 75),
(1109, 53, 14, 24, 'KD2', 70),
(1110, 34, 7, 34, '1', 75),
(1111, 86, 8, 25, 'KD2', 75),
(1112, 34, 7, 34, '1', 70),
(1113, 86, 8, 25, 'KD3', 75),
(1114, 53, 14, 24, 'KD3', 70),
(1115, 86, 8, 25, 'KD4', 70),
(1116, 31, 6, 36, 'Tugas pertama', 100),
(1117, 53, 14, 24, 'KD4', 73),
(1118, 31, 6, 36, 'Tugas kedua', 95),
(1119, 31, 6, 36, 'Tugas ketiga', 50),
(1120, 36, 7, 34, '1', 80),
(1121, 36, 7, 34, '1', 75),
(1122, 58, 14, 24, 'KD1', 69),
(1123, 58, 14, 24, 'KD2', 76),
(1124, 58, 14, 24, 'KD3', 72),
(1125, 88, 8, 25, 'KD1', 75),
(1126, 88, 8, 25, 'KD2', 75),
(1127, 58, 14, 24, 'KD4', 70),
(1128, 38, 7, 34, '1', 75),
(1129, 88, 8, 25, 'KD3', 75),
(1130, 38, 7, 34, '1', 75),
(1131, 88, 8, 25, 'KD4', 70),
(1132, 61, 14, 24, 'KD1', 75),
(1133, 33, 6, 36, 'Tugas pertama', 100),
(1134, 33, 6, 36, 'Tugas kedua', 100),
(1135, 61, 14, 24, 'KD2', 76),
(1136, 39, 7, 34, '1', 80),
(1137, 33, 6, 36, 'Tugas ketiga', 0),
(1138, 61, 14, 24, 'KD3', 70),
(1139, 39, 7, 34, '1', 70),
(1140, 61, 14, 24, 'KD4', 73),
(1141, 40, 7, 34, '1', 85),
(1142, 40, 7, 34, '1', 80),
(1143, 62, 14, 24, 'KD1', 75),
(1144, 62, 14, 24, 'KD2', 73),
(1145, 62, 14, 24, 'KD3', 76),
(1146, 62, 14, 24, 'KD4', 76),
(1147, 94, 8, 25, 'KD1', 70),
(1148, 94, 8, 25, 'KD2', 73),
(1149, 94, 8, 25, 'KD3', 75),
(1150, 94, 8, 25, 'KD4', 75),
(1151, 42, 7, 34, '1', 75),
(1152, 42, 7, 34, '1', 80),
(1153, 35, 6, 36, 'Tugas pertama', 100),
(1154, 63, 14, 24, 'KD1', 77),
(1155, 35, 6, 36, 'Tugas kedua', 85),
(1156, 63, 14, 24, 'KD2', 70),
(1157, 63, 14, 24, 'KD3', 70),
(1158, 35, 6, 36, 'Tugas ketiga', 100),
(1159, 63, 14, 24, 'KD4', 75),
(1160, 45, 7, 34, '1', 80),
(1161, 45, 7, 34, '1', 80),
(1162, 96, 8, 25, 'KD1', 75),
(1163, 96, 8, 25, 'KD2', 78),
(1164, 96, 8, 25, 'KD3', 80),
(1165, 96, 8, 25, 'KD4', 80),
(1166, 65, 14, 24, 'KD1', 70),
(1167, 65, 14, 24, 'KD2', 74),
(1168, 65, 14, 24, 'KD3', 73),
(1169, 65, 14, 24, 'KD4', 75),
(1170, 37, 6, 36, 'Tugas pertama', 100),
(1171, 37, 6, 36, 'Tugas kedua', 100),
(1172, 37, 6, 36, 'Tugas ketiga', 94),
(1173, 66, 14, 24, 'KD1', 0),
(1174, 66, 14, 24, 'KD2', 0),
(1175, 47, 7, 34, '1', 50),
(1176, 66, 14, 24, 'KD3', 75),
(1177, 47, 7, 34, '1', 50),
(1178, 66, 14, 24, 'KD4', 76),
(1179, 48, 7, 34, '1', 85),
(1180, 48, 7, 34, '1', 80),
(1181, 67, 14, 24, 'KD1', 0),
(1182, 145, 1, 29, 'Tugas', 70),
(1183, 67, 14, 24, 'KD2', 0),
(1184, 67, 14, 24, 'KD3', 0),
(1185, 67, 14, 24, 'KD4', 0),
(1186, 68, 14, 24, 'KD1', 0),
(1187, 68, 14, 24, 'KD2', 0),
(1188, 68, 14, 24, 'KD3', 0),
(1189, 68, 14, 24, 'KD4', 0),
(1190, 146, 1, 29, 'Tugas', 62),
(1191, 101, 8, 25, 'KD1', 70),
(1192, 101, 8, 25, 'KD2', 75),
(1193, 41, 6, 36, 'Tugas pertama', 100),
(1194, 101, 8, 25, 'KD3', 75),
(1195, 41, 6, 36, 'Tugas kedua', 99),
(1196, 101, 8, 25, 'KD4', 77),
(1197, 41, 6, 36, 'Tugas ketiga', 91),
(1198, 144, 14, 24, 'KD1', 69),
(1199, 144, 14, 24, 'KD2', 70),
(1200, 144, 14, 24, 'KD3', 74),
(1201, 144, 14, 24, 'KD4', 70),
(1202, 50, 7, 34, '1', 80),
(1203, 50, 7, 34, '1', 80),
(1204, 43, 6, 36, 'Tugas pertama', 85),
(1205, 49, 7, 34, '1', 80),
(1206, 49, 7, 34, '1', 70),
(1207, 43, 6, 36, 'Tugas kedua', 100),
(1208, 43, 6, 36, 'Tugas ketiga', 50),
(1209, 102, 8, 25, 'KD1', 70),
(1210, 102, 8, 25, 'KD2', 70),
(1211, 102, 8, 25, 'KD3', 75),
(1212, 102, 8, 25, 'KD4', 77),
(1213, 44, 6, 36, 'Tugas pertama', 100),
(1214, 44, 6, 36, 'Tugas kedua', 85),
(1215, 44, 6, 36, 'Tugas ketiga', 0),
(1216, 52, 7, 34, '1', 70),
(1217, 52, 7, 34, '1', 75),
(1218, 54, 7, 34, '1', 75),
(1219, 54, 7, 34, '1', 75),
(1220, 46, 6, 36, 'Tugas pertama', 90),
(1221, 55, 7, 34, '1', 70),
(1222, 55, 7, 34, '1', 70),
(1223, 46, 6, 36, 'Tugas kedua', 100),
(1224, 46, 6, 36, 'Tugas ketiga', 50),
(1225, 3, 14, 25, 'KD1', 70),
(1226, 3, 14, 25, 'KD2', 70),
(1227, 3, 14, 25, 'KD3', 75),
(1228, 3, 14, 25, 'KD4', 75),
(1229, 3, 14, 25, 'KD5', 75),
(1230, 57, 7, 34, '1', 70),
(1231, 57, 7, 34, '1', 70),
(1232, 51, 6, 36, 'Tugas pertama', 100),
(1233, 59, 7, 34, '1', 75),
(1234, 51, 6, 36, 'Tugas kedua', 85),
(1235, 59, 7, 34, '1', 75),
(1236, 51, 6, 36, 'Tugas ketiga', 100),
(1237, 4, 14, 25, 'KD1', 72),
(1238, 4, 14, 25, 'KD2', 72),
(1239, 4, 14, 25, 'KD3', 76),
(1240, 4, 14, 25, 'KD3', 77),
(1241, 4, 14, 25, 'KD5', 76),
(1242, 60, 7, 34, '1', 80),
(1243, 60, 7, 34, '1', 80),
(1244, 53, 6, 36, 'Tugas pertama', 100),
(1245, 53, 6, 36, 'Tugas kedua', 99),
(1246, 53, 6, 36, 'Tugas ketiga', 90),
(1247, 5, 14, 25, 'KD1', 72),
(1248, 5, 14, 25, 'KD2', 70),
(1249, 5, 14, 25, 'KD3', 75),
(1250, 5, 14, 25, 'KD4', 80),
(1251, 5, 14, 25, 'KD5', 76),
(1252, 69, 14, 24, 'KD1', 60),
(1253, 69, 14, 24, 'KD2', 70),
(1254, 69, 14, 24, 'KD3', 75),
(1255, 69, 14, 24, 'KD4', 77),
(1256, 56, 6, 36, 'Tugas pertama', 100),
(1257, 6, 14, 25, 'KD1', 75),
(1258, 56, 6, 36, 'Tugas kedua', 75),
(1259, 6, 14, 25, 'KD2', 75),
(1260, 10, 7, 34, '1', 70),
(1261, 56, 6, 36, 'Tugas ketiga', 99),
(1262, 10, 7, 34, '1', 70),
(1263, 6, 14, 25, 'KD3', 75),
(1264, 6, 14, 25, 'KD4', 80),
(1265, 70, 14, 24, 'KD1', 60),
(1266, 6, 14, 25, 'KD5', 76),
(1267, 70, 14, 24, 'KD2', 65),
(1268, 70, 14, 24, 'KD3', 70),
(1269, 70, 14, 24, 'KD4', 68),
(1270, 58, 6, 36, 'Tugas pertama', 97),
(1271, 58, 6, 36, 'Tugas kedua', 100),
(1272, 58, 6, 36, 'Tugas ketiga', 60),
(1273, 7, 14, 25, 'KD1', 75),
(1274, 12, 7, 34, '1', 70),
(1275, 7, 14, 25, 'KD2', 75),
(1276, 71, 14, 24, 'KD1', 68),
(1277, 12, 7, 34, '1', 70),
(1278, 7, 14, 25, 'KD3', 70),
(1279, 71, 14, 24, 'KD2', 70),
(1280, 7, 14, 25, 'KD4', 75),
(1281, 71, 14, 24, 'KD3', 70),
(1282, 71, 14, 24, 'KD4', 76),
(1283, 7, 14, 25, 'KD5', 75),
(1284, 14, 7, 34, '1', 75),
(1285, 61, 6, 36, 'Tugas pertama', 100),
(1286, 14, 7, 34, '1', 75),
(1287, 61, 6, 36, 'Tugas kedua', 85),
(1288, 61, 6, 36, 'Tugas ketiga', 100),
(1289, 8, 14, 25, 'KD1', 70),
(1290, 72, 14, 24, 'KD1', 67),
(1291, 8, 14, 25, 'KD2', 70),
(1292, 72, 14, 24, 'KD2', 69),
(1293, 62, 6, 36, 'Tugas pertama', 100),
(1294, 72, 14, 24, 'KD3', 70),
(1295, 62, 6, 36, 'Tugas kedua', 80),
(1296, 16, 7, 34, '1', 70),
(1297, 72, 14, 24, 'KD4', 70),
(1298, 16, 7, 34, '1', 70),
(1299, 8, 14, 25, 'KD3', 72),
(1300, 8, 14, 25, 'KD4', 75),
(1301, 62, 6, 36, 'Tugas ketiga', 100),
(1302, 8, 14, 25, 'KD5', 76),
(1303, 73, 14, 24, 'KD1', 60),
(1304, 73, 14, 24, 'KD2', 72),
(1305, 73, 14, 24, 'KD3', 0),
(1306, 63, 6, 36, 'Tugas pertama', 100),
(1307, 18, 7, 34, '1', 85),
(1308, 63, 6, 36, 'Tugas kedua', 100),
(1309, 73, 14, 24, 'KD4', 65),
(1310, 63, 6, 36, 'Tugas ketiga', 95),
(1311, 18, 7, 34, '1', 82),
(1312, 74, 14, 24, 'KD1', 67),
(1313, 74, 14, 24, 'KD2', 70),
(1314, 74, 14, 24, 'KD3', 71),
(1315, 9, 14, 25, 'KD1', 73),
(1316, 74, 14, 24, 'KD4', 75),
(1317, 9, 14, 25, 'KD2', 74),
(1318, 9, 14, 25, 'KD3', 75),
(1319, 9, 14, 25, 'KD4', 75),
(1320, 9, 14, 25, 'KD5', 78),
(1321, 20, 7, 34, '1', 70),
(1322, 20, 7, 34, '1', 70),
(1323, 75, 14, 24, 'KD1', 0),
(1324, 75, 14, 24, 'KD2', 70),
(1325, 75, 14, 24, 'KD3', 55),
(1326, 75, 14, 24, 'KD4', 0),
(1327, 65, 6, 36, 'Tugas pertama', 100),
(1328, 65, 6, 36, 'Tugas kedua', 98),
(1329, 11, 14, 25, 'KD1', 70),
(1330, 21, 7, 34, '1', 78),
(1331, 11, 14, 25, 'KD2', 70),
(1332, 65, 6, 36, 'Tugas ketiga', 95),
(1333, 21, 7, 34, '1', 82),
(1334, 11, 14, 25, 'KD3', 75),
(1335, 11, 14, 25, 'KD4', 76),
(1336, 76, 14, 24, 'KD1', 70),
(1337, 11, 14, 25, 'KD5', 75),
(1338, 76, 14, 24, 'KD2', 69),
(1339, 76, 14, 24, 'KD3', 70),
(1340, 76, 14, 24, 'KD4', 75),
(1341, 22, 7, 34, '1', 75),
(1342, 22, 7, 34, '1', 75),
(1343, 77, 14, 24, 'KD1', 70),
(1344, 66, 6, 36, 'Tugas pertama', 100),
(1345, 77, 14, 24, 'KD2', 73),
(1346, 66, 6, 36, 'Tugas kedua', 100),
(1347, 77, 14, 24, 'KD3', 75),
(1348, 77, 14, 24, 'KD4', 75),
(1349, 66, 6, 36, 'Tugas ketiga', 50),
(1350, 13, 14, 25, 'KD1', 75),
(1351, 23, 7, 34, '1', 70),
(1352, 23, 7, 34, '1', 70),
(1353, 13, 14, 25, 'KD2', 76),
(1354, 78, 14, 24, 'KD1', 70),
(1355, 78, 14, 24, 'KD2', 74),
(1356, 13, 14, 25, 'KD3', 80),
(1357, 78, 14, 24, 'KD3', 50),
(1358, 13, 14, 25, 'KD4', 81),
(1359, 13, 14, 25, 'KD5', 80),
(1360, 78, 14, 24, 'KD4', 63),
(1361, 25, 7, 34, '1', 60),
(1362, 25, 7, 34, '1', 60),
(1363, 79, 14, 24, 'KD1', 70),
(1364, 79, 14, 24, 'KD2', 78),
(1365, 79, 14, 24, 'KD3', 70),
(1366, 79, 14, 24, 'KD4', 74),
(1367, 15, 14, 25, 'KD1', 70),
(1368, 68, 6, 36, 'Tugas pertama', 0),
(1369, 15, 14, 25, 'KD2', 70),
(1370, 68, 6, 36, 'Tugas kedua', 0),
(1371, 15, 14, 25, 'KD3', 75),
(1372, 68, 6, 36, 'Tugas ketiga', 70),
(1373, 15, 14, 25, 'KD4', 75),
(1374, 15, 14, 25, 'KD5', 75),
(1375, 27, 7, 34, '1', 70),
(1376, 27, 7, 34, '1', 70),
(1377, 80, 14, 24, 'KD1', 70),
(1378, 80, 14, 24, 'KD2', 75),
(1379, 80, 14, 24, 'KD3', 73),
(1380, 80, 14, 24, 'KD4', 75),
(1381, 17, 14, 25, 'KD1', 75),
(1382, 144, 6, 36, 'Tugas pertama', 100),
(1383, 144, 6, 36, 'Tugas kedua', 80),
(1384, 17, 14, 25, 'KD2', 77),
(1385, 144, 6, 36, 'Tugas ketiga', 100),
(1386, 17, 14, 25, 'KD3', 79),
(1387, 82, 14, 24, 'KD1', 70),
(1388, 17, 14, 25, 'KD4', 80),
(1389, 82, 14, 24, 'KD2', 72),
(1390, 17, 14, 25, 'KD5', 80),
(1391, 82, 14, 24, 'KD3', 75),
(1392, 82, 14, 24, 'KD4', 75),
(1393, 28, 7, 34, '1', 72),
(1394, 28, 7, 34, '1', 75),
(1395, 84, 14, 24, 'KD1', 70),
(1396, 24, 14, 25, 'KD1', 70),
(1397, 24, 14, 25, 'KD2', 76),
(1398, 24, 14, 25, 'KD3', 80),
(1399, 84, 14, 24, 'KD2', 75),
(1400, 24, 14, 25, 'KD4', 79),
(1401, 84, 14, 24, 'KD3', 68),
(1402, 31, 7, 34, '1', 60),
(1403, 24, 14, 25, 'KD5', 75),
(1404, 31, 7, 34, '1', 60),
(1405, 84, 14, 24, 'KD4', 75),
(1406, 86, 14, 24, 'KD1', 70),
(1407, 86, 14, 24, 'KD2', 73),
(1408, 86, 14, 24, 'KD3', 75),
(1409, 26, 14, 25, 'KD1', 75),
(1410, 86, 14, 24, 'KD4', 72),
(1411, 26, 14, 25, 'KD2', 77),
(1412, 26, 14, 25, 'KD3', 80),
(1413, 26, 14, 25, 'KD4', 80),
(1414, 26, 14, 25, 'KD5', 75),
(1415, 33, 7, 34, '1', 65),
(1417, 33, 7, 34, '1', 60),
(1419, 88, 14, 24, 'KD1', 70),
(1420, 88, 14, 24, 'KD2', 73),
(1421, 88, 14, 24, 'KD3', 75),
(1422, 88, 14, 24, 'KD4', 76),
(1423, 35, 7, 34, '1', 70),
(1424, 35, 7, 34, '1', 70),
(1425, 29, 14, 25, 'KD1', 80),
(1426, 29, 14, 25, 'KD2', 75),
(1427, 29, 14, 25, 'KD3', 79),
(1428, 90, 14, 24, 'KD1', 67),
(1429, 29, 14, 25, 'KD4', 80),
(1430, 90, 14, 24, 'KD2', 69),
(1431, 29, 14, 25, 'KD5', 75),
(1432, 90, 14, 24, 'KD3', 70),
(1433, 90, 14, 24, 'KD4', 75),
(1434, 37, 7, 34, '1', 75),
(1435, 37, 7, 34, '1', 70),
(1436, 30, 14, 25, 'KD1', 75),
(1437, 92, 14, 24, 'KD1', 60),
(1438, 92, 14, 24, 'KD2', 65),
(1439, 30, 14, 25, 'KD2', 70),
(1440, 92, 14, 24, 'KD3', 70),
(1441, 30, 14, 25, 'KD3', 70),
(1442, 92, 14, 24, 'KD4', 72),
(1443, 30, 14, 25, 'KD4', 70),
(1444, 30, 14, 25, 'KD5', 70),
(1445, 41, 7, 34, '1', 80),
(1446, 41, 7, 34, '1', 80),
(1447, 94, 14, 24, 'KD1', 68),
(1448, 94, 14, 24, 'KD2', 70),
(1449, 94, 14, 24, 'KD3', 75),
(1450, 94, 14, 24, 'KD4', 74),
(1451, 32, 14, 25, 'KD1', 75),
(1452, 10, 13, 36, 'Tugas pertama', 50),
(1453, 32, 14, 25, 'KD2', 72),
(1454, 43, 7, 34, '1', 70),
(1455, 32, 14, 25, 'KD3', 75),
(1456, 43, 7, 34, '1', 60),
(1457, 32, 14, 25, 'KD4', 76),
(1458, 10, 13, 36, 'Tugas kedua', 50),
(1459, 32, 14, 25, 'KD5', 80),
(1460, 10, 13, 36, 'Tugas ketiga', 0),
(1461, 96, 14, 24, 'KD1', 75),
(1462, 96, 14, 24, 'KD2', 75),
(1463, 96, 14, 24, 'KD3', 74),
(1464, 96, 14, 24, 'KD4', 77),
(1465, 44, 7, 34, '1', 80),
(1466, 3, 5, 28, '1', 70),
(1467, 34, 14, 25, 'KD1', 75),
(1468, 3, 5, 28, '2', 70),
(1469, 44, 7, 34, '1', 75),
(1470, 34, 14, 25, 'KD2', 75),
(1471, 3, 5, 28, '3', 80),
(1472, 34, 14, 25, 'KD3', 79),
(1473, 3, 5, 28, '4', 70),
(1474, 34, 14, 25, 'KD4', 79),
(1475, 34, 14, 25, 'KD5', 75),
(1476, 4, 5, 28, '1', 75),
(1477, 4, 5, 28, '2', 75),
(1478, 97, 14, 24, 'KD1', 60),
(1479, 4, 5, 28, '3', 80),
(1480, 97, 14, 24, 'KD2', 0),
(1481, 4, 5, 28, '4', 70),
(1482, 46, 7, 34, '1', 60),
(1483, 97, 14, 24, 'KD3', 50),
(1484, 46, 7, 34, '1', 60),
(1485, 97, 14, 24, 'KD4', 59),
(1486, 36, 14, 25, 'KD1', 75),
(1487, 36, 14, 25, 'KD2', 78),
(1488, 36, 14, 25, 'KD3', 75),
(1489, 36, 14, 25, 'KD4', 75),
(1490, 36, 14, 25, 'KD5', 75),
(1491, 5, 5, 28, 'TUGAS', 75),
(1492, 5, 5, 28, 'TUGAS2', 70),
(1493, 5, 5, 28, 'TUGAS3', 70),
(1494, 5, 5, 28, 'TUGAS4', 70),
(1495, 99, 14, 24, 'KD1', 60),
(1496, 51, 7, 34, '1', 70),
(1497, 99, 14, 24, 'KD2', 50),
(1498, 51, 7, 34, '1', 70),
(1499, 99, 14, 24, 'KD3', 0),
(1500, 99, 14, 24, 'KD4', 66),
(1501, 38, 14, 25, 'KD1', 75),
(1502, 38, 14, 25, 'KD2', 75),
(1503, 38, 14, 25, 'KD3', 79),
(1504, 38, 14, 25, 'KD4', 80),
(1505, 6, 5, 28, 'TUGAS1', 75),
(1506, 6, 5, 28, 'TUGAS2', 78),
(1507, 38, 14, 25, 'KD5', 78),
(1508, 6, 5, 28, 'TUGAS3', 80),
(1509, 6, 5, 28, 'TUGAS4', 100),
(1510, 53, 7, 34, '1', 80),
(1511, 53, 7, 34, '1', 75),
(1512, 101, 14, 24, 'KD1', 67),
(1513, 18, 13, 36, 'Tugas pertama', 100),
(1514, 7, 5, 28, 'TUGAS1', 70),
(1515, 101, 14, 24, 'KD2', 70),
(1516, 18, 13, 36, 'Tugas kedua', 100),
(1517, 7, 5, 28, 'TUGAS2', 70),
(1518, 101, 14, 24, 'KD3', 73),
(1519, 7, 5, 28, 'TUGAS3', 80),
(1520, 18, 13, 36, 'Tugas ketiga', 100),
(1521, 101, 14, 24, 'KD4', 77),
(1522, 7, 5, 28, 'TUGAS4', 70),
(1523, 39, 14, 25, 'KD1', 75),
(1524, 39, 14, 25, 'KD2', 77),
(1525, 39, 14, 25, 'KD3', 78),
(1526, 39, 14, 25, 'KD4', 80),
(1527, 39, 14, 25, 'KD5', 75),
(1528, 58, 7, 34, '1', 75),
(1529, 58, 7, 34, '1', 70),
(1530, 102, 14, 24, 'KD1', 69),
(1531, 102, 14, 24, 'KD2', 70),
(1532, 102, 14, 24, 'KD3', 70),
(1533, 102, 14, 24, 'KD3', 75),
(1534, 40, 14, 25, 'KD1', 80),
(1535, 40, 14, 25, 'KD2', 81),
(1536, 40, 14, 25, 'KD3', 84),
(1537, 40, 14, 25, 'KD4', 80),
(1538, 40, 14, 25, 'KD5', 86),
(1539, 103, 14, 24, 'KD1', 69),
(1540, 61, 7, 34, '1', 70),
(1541, 61, 7, 34, '1', 80),
(1542, 8, 5, 28, 'TUGAS1', 70),
(1543, 8, 5, 28, 'TUGAS2', 70),
(1544, 103, 14, 24, 'KD2', 70),
(1545, 8, 5, 28, 'TUGAS3', 70),
(1546, 103, 14, 24, 'KD3', 0),
(1547, 103, 14, 24, 'KD4', 73),
(1548, 8, 5, 28, 'TUGAS4', 70),
(1549, 12, 13, 36, 'Tugas pertama', 50),
(1550, 42, 14, 25, 'KD1', 80),
(1551, 42, 14, 25, 'KD2', 82),
(1552, 42, 14, 25, 'KD3', 84),
(1553, 12, 13, 36, 'Tugas kedua', 50),
(1554, 42, 14, 25, 'KD4', 85),
(1555, 42, 14, 25, 'KD5', 86),
(1556, 12, 13, 36, 'Tugas ketiga', 0),
(1557, 62, 7, 34, '1', 70),
(1558, 62, 7, 34, '1', 70),
(1559, 9, 5, 28, 'TUGAS1', 75),
(1560, 104, 14, 24, 'KD1', 0),
(1561, 9, 5, 28, 'TUGAS2', 70),
(1562, 104, 14, 24, 'KD2', 69),
(1563, 9, 5, 28, 'TUGAS3', 70),
(1564, 104, 14, 24, 'KD3', 70),
(1565, 9, 5, 28, 'TUGAS4', 80),
(1566, 104, 14, 24, 'KD4', 72),
(1567, 3, 12, 26, 'Tugas 1', 80),
(1569, 3, 12, 26, 'tugas 2', 90),
(1570, 3, 12, 26, 'tugas 3', 100),
(1571, 4, 12, 26, 'Tugas 1', 80),
(1572, 4, 12, 26, 'tugas 2', 90),
(1573, 4, 12, 26, 'TUGAS  3', 100),
(1575, 63, 7, 34, '1', 75),
(1576, 63, 7, 34, '1', 75),
(1577, 65, 7, 34, '1', 80),
(1578, 65, 7, 34, '1', 75),
(1579, 5, 12, 26, 'Tugas 1', 80),
(1580, 5, 12, 26, 'tugas 2', 90),
(1581, 66, 7, 34, '1', 50),
(1582, 66, 7, 34, '1', 50),
(1583, 5, 12, 26, 'TUGAS 3', 100),
(1584, 68, 7, 34, '1', 50),
(1585, 68, 7, 34, '1', 50),
(1586, 144, 7, 34, '1', 70),
(1587, 144, 7, 34, '1', 70),
(1588, 70, 17, 34, '1', 50),
(1589, 70, 17, 34, '1', 50),
(1591, 69, 17, 34, '1', 70),
(1592, 69, 17, 34, '1', 70),
(1593, 71, 17, 34, '1', 75),
(1594, 71, 17, 34, '1', 75),
(1595, 72, 17, 34, '1', 60),
(1596, 72, 17, 34, '1', 60),
(1597, 73, 17, 34, '1', 60),
(1598, 73, 17, 34, '1', 50),
(1599, 74, 17, 34, '1', 70),
(1600, 74, 17, 34, '1', 70),
(1601, 75, 17, 34, '1', 70),
(1602, 75, 17, 34, '1', 60),
(1603, 76, 17, 34, '1', 80),
(1604, 76, 17, 34, '1', 70),
(1605, 6, 12, 26, 'Tugas 1', 80),
(1606, 6, 12, 26, 'tugas 2', 90),
(1607, 6, 12, 26, 'TUGAS 3', 100),
(1608, 7, 12, 26, 'Proyek', 80),
(1611, 8, 12, 26, 'Proyek', 80),
(1612, 8, 12, 26, 'Portofolio', 90),
(1614, 77, 17, 34, '1', 75),
(1615, 77, 17, 34, '1', 80),
(1616, 78, 17, 34, '1', 70),
(1617, 78, 17, 34, '1', 80),
(1618, 9, 12, 26, 'Tugas 1', 80),
(1619, 9, 12, 26, 'tugas 2', 90),
(1620, 9, 12, 26, 'TUGAS 3', 100),
(1621, 79, 17, 34, '1', 87),
(1622, 79, 17, 34, '1', 80),
(1626, 11, 12, 26, 'Proyek', 86),
(1629, 80, 17, 34, '1', 50),
(1630, 80, 17, 34, '1', 50),
(1631, 3, 11, 23, '1', 70),
(1632, 3, 11, 23, '2', 60),
(1633, 3, 11, 23, '3', 50),
(1634, 13, 12, 26, 'Proyek', 80),
(1635, 13, 12, 26, 'Portofolio', 90),
(1637, 82, 17, 34, '1', 77),
(1638, 82, 17, 34, '1', 70),
(1639, 4, 11, 23, '1', 80),
(1640, 4, 11, 23, '2', 60),
(1641, 4, 11, 23, '3', 80),
(1642, 15, 12, 26, 'Proyek', 80),
(1643, 15, 12, 26, 'Portofolio', 90),
(1645, 5, 11, 23, '1', 60),
(1646, 84, 17, 34, '1', 79),
(1647, 84, 17, 34, '1', 80),
(1648, 5, 11, 23, '2', 70),
(1649, 5, 11, 23, '3', 70),
(1650, 86, 17, 34, '1', 75),
(1651, 86, 17, 34, '1', 79),
(1652, 17, 12, 26, 'Proyek', 80),
(1653, 17, 12, 26, 'Portofolio', 90),
(1655, 88, 17, 34, '1', 75),
(1656, 88, 17, 34, '1', 70),
(1657, 90, 17, 34, '1', 60),
(1658, 90, 17, 34, '1', 60),
(1659, 3, 3, 32, '1', 70),
(1660, 24, 12, 26, 'Proyek', 80),
(1661, 24, 12, 26, 'Portofolio', 90),
(1663, 92, 17, 34, '1', 60),
(1664, 92, 17, 34, '1', 60),
(1665, 94, 17, 34, '1', 75),
(1666, 94, 17, 34, '1', 80),
(1667, 4, 3, 32, 'Tugas', 70),
(1668, 96, 17, 34, '1', 89),
(1669, 96, 17, 34, '1', 85),
(1670, 97, 17, 34, '1', 50),
(1671, 97, 17, 34, '1', 30),
(1672, 6, 11, 23, '1', 75),
(1673, 6, 11, 23, '1', 75),
(1674, 6, 11, 23, '3', 90),
(1675, 26, 12, 26, 'Proyek', 80),
(1676, 26, 12, 26, 'Portofolio', 90),
(1678, 7, 11, 23, '1', 75),
(1679, 7, 11, 23, '2', 60),
(1680, 7, 11, 23, '3', 80),
(1681, 8, 11, 23, '1', 70),
(1682, 8, 11, 23, '2', 0),
(1683, 8, 11, 23, '3', 70),
(1684, 29, 12, 26, 'Proyek', 80),
(1685, 29, 12, 26, 'Portofolio', 90),
(1687, 9, 11, 23, '1', 75),
(1688, 9, 11, 23, '2', 70),
(1689, 9, 11, 23, '3', 80),
(1690, 11, 11, 23, '1', 0),
(1691, 11, 11, 23, '2', 0),
(1692, 11, 11, 23, '3', 0),
(1693, 30, 12, 26, 'Proyek', 80),
(1694, 30, 12, 26, 'Portofolio', 90),
(1696, 9, 3, 32, 'TUGAS', 70),
(1697, 99, 17, 34, '1', 60),
(1698, 99, 17, 34, '1', 70),
(1699, 5, 3, 32, 'tgs', 77),
(1700, 101, 17, 34, '1', 80),
(1701, 101, 17, 34, '1', 83),
(1702, 6, 3, 32, 'tgs', 83),
(1703, 13, 11, 23, '1', 80),
(1704, 13, 11, 23, '2', 80),
(1705, 13, 11, 23, '3', 90),
(1706, 7, 3, 32, 'tgs', 80),
(1707, 102, 17, 34, '1', 80),
(1708, 102, 17, 34, '1', 80),
(1709, 103, 17, 34, '1', 50),
(1710, 103, 17, 34, '1', 50),
(1711, 8, 3, 32, 'tgs', 73),
(1712, 105, 17, 34, '1', 70),
(1713, 105, 17, 34, '1', 70),
(1714, 11, 3, 32, 'tgs', 70),
(1715, 15, 11, 23, '1', 0),
(1716, 15, 11, 23, '2', 0),
(1717, 15, 11, 23, '3', 60),
(1718, 13, 3, 32, 'tgs', 83),
(1719, 104, 17, 34, '1', 60),
(1720, 104, 17, 34, '1', 60),
(1721, 15, 3, 32, 'tgs', 70),
(1722, 17, 11, 23, '1', 70),
(1723, 17, 11, 23, '2', 70),
(1724, 17, 11, 23, '3', 80),
(1725, 7, 12, 26, 'Portofolio', 90),
(1726, 11, 12, 26, 'Portofolio', 90),
(1727, 32, 12, 26, 'Proyek', 80),
(1728, 32, 12, 26, 'Portofolio', 90),
(1729, 3, 1, 25, 'Tugas coba', 100),
(1730, 3, 1, 25, 'tugas coba 2', 80),
(1731, 3, 1, 25, 'tugas coba 3', 75),
(1732, 34, 12, 26, 'Proyek', 80),
(1733, 34, 12, 26, 'Portofolio', 90),
(1734, 36, 12, 26, 'Proyek', 80),
(1735, 36, 12, 26, 'Portofolio', 90),
(1736, 38, 12, 26, 'Proyek', 80),
(1737, 38, 12, 26, 'Portofolio', 90),
(1738, 39, 12, 26, 'Proyek', 80),
(1739, 39, 12, 26, 'Portofolio', 90),
(1740, 40, 12, 26, 'Proyek', 80),
(1741, 40, 12, 26, 'Portofolio', 90),
(1742, 42, 12, 26, 'Proyek', 80),
(1743, 42, 12, 26, 'Portofolio', 86),
(1744, 45, 12, 26, 'Proyek', 80),
(1745, 45, 12, 26, 'Portofolio', 90),
(1746, 47, 12, 26, 'Proyek', 80),
(1747, 47, 12, 26, 'Portofolio', 90),
(1748, 48, 12, 26, 'Proyek', 80),
(1749, 48, 12, 26, 'Portofolio', 90),
(1750, 49, 12, 26, 'Proyek', 80),
(1751, 49, 12, 26, 'Portofolio', 90),
(1752, 50, 12, 26, 'Proyek', 80),
(1753, 50, 12, 26, 'Portofolio', 90),
(1754, 11, 5, 28, 'TUGAS1', 75),
(1755, 11, 5, 28, 'TUGAS2', 70),
(1756, 11, 5, 28, 'TUGAS3', 70),
(1757, 11, 5, 28, 'TUGAS4', 80),
(1758, 52, 12, 26, 'Proyek', 80),
(1759, 52, 12, 26, 'Portofolio', 90),
(1760, 45, 14, 25, 'kd1', 75),
(1761, 45, 14, 25, 'KD2', 80),
(1762, 45, 14, 25, 'KD3', 80),
(1763, 45, 14, 25, 'KD4', 78),
(1764, 105, 14, 24, 'KD1', 67),
(1765, 105, 14, 24, 'KD2', 70),
(1766, 105, 14, 24, 'KD3', 74),
(1767, 105, 14, 24, 'KD4', 75),
(1768, 45, 14, 25, 'KD5', 80),
(1769, 54, 12, 26, 'Proyek', 80),
(1770, 54, 12, 26, 'Portofolio', 90),
(1771, 107, 14, 24, 'KD1', 50),
(1772, 107, 14, 24, 'KD2', 50),
(1773, 107, 14, 24, 'KD3', 50),
(1774, 107, 14, 24, 'KD4', 50),
(1775, 55, 12, 26, 'Proyek', 80),
(1776, 55, 12, 26, 'Portofolio', 90),
(1777, 47, 14, 25, 'KD1', 70),
(1778, 47, 14, 25, 'KD2', 80),
(1779, 47, 14, 25, 'KD3', 83),
(1780, 47, 14, 25, 'KD4', 78),
(1781, 14, 13, 36, 'Tugas pertama', 100),
(1782, 47, 14, 25, 'KD5', 80),
(1783, 14, 13, 36, 'Tugas kedua', 100),
(1784, 14, 13, 36, 'Tugas ketiga', 80),
(1785, 13, 5, 28, 'TUGAS1', 80),
(1786, 13, 5, 28, 'TUGAS2', 70),
(1787, 13, 5, 28, 'TUGAS3', 80),
(1788, 13, 5, 28, 'TUGAS4', 80),
(1789, 48, 14, 25, 'KD1', 75),
(1790, 48, 14, 25, 'KD2', 75),
(1791, 48, 14, 25, 'KD3', 77),
(1792, 57, 12, 26, 'Proyek', 80);
INSERT INTO `assignment` (`id`, `student_id`, `course_id`, `user_id`, `name`, `value`) VALUES
(1793, 57, 12, 26, 'Portofolio', 90),
(1794, 48, 14, 25, 'KD4', 79),
(1795, 48, 14, 25, 'KD5', 80),
(1796, 15, 5, 28, 'TUGAS1', 70),
(1797, 16, 13, 36, 'Tugas pertama', 50),
(1798, 15, 5, 28, 'TUGAS2', 70),
(1799, 16, 13, 36, 'Tugas kedua', 50),
(1800, 15, 5, 28, 'TUGAS3', 80),
(1801, 16, 13, 36, 'Tugas ketiga', 0),
(1802, 15, 5, 28, 'TUGAS4', 70),
(1803, 17, 3, 32, 'tgs', 70),
(1804, 24, 3, 32, 'tgs', 79),
(1805, 49, 14, 25, 'KD1', 75),
(1806, 49, 14, 25, 'KD2', 75),
(1807, 49, 14, 25, 'KD3', 78),
(1808, 49, 14, 25, 'KD4', 75),
(1809, 59, 12, 26, 'Proyek', 80),
(1810, 49, 14, 25, 'KD5', 80),
(1811, 59, 12, 26, 'Portofolio', 90),
(1812, 146, 8, 24, 'KD1', 0),
(1813, 17, 5, 28, 'TUGAS1', 70),
(1814, 26, 3, 32, 'tgs', 83),
(1815, 146, 8, 24, 'KD2', 0),
(1816, 17, 5, 28, 'TUGAS2', 70),
(1817, 20, 13, 36, 'Tugas pertama', 50),
(1818, 17, 5, 28, 'TUGAS3', 80),
(1819, 20, 13, 36, 'Tugas kedua', 50),
(1820, 17, 5, 28, 'TUGAS4', 70),
(1821, 20, 13, 36, 'Tugas ketiga', 0),
(1822, 146, 8, 24, 'KD3', 0),
(1823, 50, 14, 25, 'KD1', 75),
(1824, 146, 8, 24, 'KD4', 0),
(1825, 50, 14, 25, 'KD2', 75),
(1826, 50, 14, 25, 'KD3', 78),
(1827, 29, 3, 32, 'tgs', 75),
(1828, 50, 14, 25, 'KD4', 70),
(1829, 24, 5, 28, 'TUGAS1', 75),
(1830, 50, 14, 25, 'KD5', 80),
(1831, 60, 12, 26, 'Proyek', 80),
(1832, 24, 5, 28, 'TUGAS2', 70),
(1833, 60, 12, 26, 'Portofolio', 90),
(1834, 24, 5, 28, 'TUGAS3', 80),
(1835, 24, 5, 28, 'TUGAS4', 70),
(1836, 30, 3, 32, 'tgs', 70),
(1837, 52, 14, 25, 'KD1', 75),
(1838, 21, 13, 36, 'Tugas pertama', 100),
(1839, 52, 14, 25, 'KD2', 76),
(1840, 21, 13, 36, 'Tugas kedua', 100),
(1841, 52, 14, 25, 'KD3', 80),
(1842, 21, 13, 36, 'Tugas ketiga', 94),
(1843, 52, 14, 25, 'KD4', 80),
(1844, 32, 3, 32, 'tgs', 78),
(1845, 52, 14, 25, 'KD5', 80),
(1846, 26, 5, 28, 'TUGAS1', 70),
(1847, 26, 5, 28, 'TUGAS2', 70),
(1848, 145, 8, 24, 'KD1', 0),
(1849, 26, 5, 28, 'TUGAS3', 80),
(1850, 145, 12, 26, 'Proyek', 80),
(1851, 145, 8, 24, 'KD2', 0),
(1852, 26, 5, 28, 'TUGAS4', 80),
(1853, 145, 8, 24, 'KD3', 0),
(1854, 145, 8, 24, 'KD4', 70),
(1855, 145, 12, 26, 'Portofolio', 90),
(1856, 34, 3, 32, 'tgs', 84),
(1857, 54, 14, 25, 'KD1', 75),
(1858, 54, 14, 25, 'KD2', 75),
(1859, 54, 14, 25, 'KD3', 76),
(1860, 36, 3, 32, 'tgs', 86),
(1861, 54, 14, 25, 'KD4', 79),
(1862, 29, 5, 28, 'TUGAS1', 75),
(1863, 54, 14, 25, 'KD5', 80),
(1864, 29, 5, 28, 'TUGAS2', 75),
(1865, 125, 8, 24, 'KD1', 50),
(1866, 146, 12, 26, 'Proyek', 80),
(1867, 125, 8, 24, 'KD2', 69),
(1868, 146, 12, 26, 'Portofolio', 90),
(1869, 125, 8, 24, 'KD3', 76),
(1870, 125, 8, 24, 'KD4', 75),
(1871, 29, 5, 28, 'TUGAS3', 80),
(1872, 29, 5, 28, 'TUGAS4', 100),
(1873, 38, 3, 32, 'tgs', 81),
(1874, 55, 14, 25, 'KD1', 75),
(1875, 24, 11, 23, '1', 80),
(1876, 55, 14, 25, 'KD2', 79),
(1877, 24, 11, 23, '2', 70),
(1878, 55, 14, 25, 'KD3', 78),
(1879, 55, 14, 25, 'KD4', 80),
(1880, 24, 11, 23, '3', 80),
(1881, 30, 5, 28, 'TUGAS1', 70),
(1882, 30, 5, 28, 'TUGAS2', 70),
(1883, 30, 5, 28, 'TUGAS3', 80),
(1884, 30, 5, 28, 'TUGAS4', 80),
(1885, 39, 3, 32, 'tgs', 74),
(1886, 55, 14, 25, 'KD5', 82),
(1887, 22, 13, 36, 'Tugas pertama', 100),
(1888, 32, 5, 28, 'TUGAS1', 70),
(1889, 32, 5, 28, 'TUGAS2', 70),
(1890, 111, 12, 26, 'Proyek', 80),
(1891, 32, 5, 28, 'TUGAS3', 80),
(1892, 22, 13, 36, 'Tugas kedua', 50),
(1893, 32, 5, 28, 'TUGAS4', 80),
(1894, 40, 3, 32, 'tgs', 85),
(1895, 22, 13, 36, 'Tugas ketiga', 50),
(1896, 26, 11, 23, '1', 80),
(1897, 57, 14, 25, 'KD1', 75),
(1898, 111, 12, 26, 'Portofolio', 90),
(1899, 57, 14, 25, 'KD2', 75),
(1900, 57, 14, 25, 'KD1', 78),
(1901, 57, 14, 25, 'KD3', 79),
(1902, 57, 14, 25, 'KD5', 80),
(1903, 42, 3, 32, 'tgs', 70),
(1904, 45, 3, 32, 'tgs', 76),
(1905, 112, 12, 26, 'Proyek', 80),
(1906, 112, 12, 26, 'Portofolio', 90),
(1907, 23, 13, 36, 'Tugas pertama', 50),
(1908, 23, 13, 36, 'Tugas kedua', 50),
(1909, 59, 14, 25, 'KD1', 75),
(1910, 23, 13, 36, 'Tugas ketiga', 0),
(1911, 34, 5, 28, 'TUGAS1', 70),
(1912, 59, 14, 25, 'KD2', 79),
(1913, 59, 14, 25, 'KD3', 80),
(1914, 34, 5, 28, 'TUGAS2', 80),
(1915, 34, 5, 28, 'TUGAS3', 80),
(1916, 59, 14, 25, 'KD4', 80),
(1917, 47, 3, 32, 'tgs', 72),
(1918, 34, 5, 28, 'TUGAS4', 70),
(1919, 59, 14, 25, 'KD5', 81),
(1920, 7, 1, 29, 'keterampilan', 70),
(1921, 48, 3, 32, 'tgs', 79),
(1922, 25, 13, 36, 'Tugas pertama', 65),
(1923, 25, 13, 36, 'Tugas kedua', 50),
(1924, 36, 5, 28, 'TUGAS1', 75),
(1925, 36, 5, 28, 'TUGAS2', 70),
(1926, 25, 13, 36, 'Tugas ketiga', 40),
(1927, 29, 11, 23, '1', 75),
(1928, 60, 14, 25, 'KD1', 75),
(1929, 60, 14, 25, 'KD2', 76),
(1930, 29, 11, 23, '2', 80),
(1931, 36, 5, 28, 'TUGAS3', 80),
(1932, 60, 14, 25, 'KD3', 80),
(1933, 36, 5, 28, 'TUGAS4', 85),
(1934, 49, 3, 32, 'tgs', 78),
(1935, 60, 14, 25, 'KD4', 79),
(1936, 60, 14, 25, 'KD5', 83),
(1937, 38, 5, 28, 'TUGAS1', 70),
(1939, 29, 11, 23, '3', 80),
(1940, 38, 5, 28, 'TUGAS2', 70),
(1941, 38, 5, 28, 'TUGAS3', 80),
(1942, 50, 3, 32, 'tgs', 83),
(1943, 38, 5, 28, 'TUGAS4', 70),
(1944, 27, 13, 36, 'Tugas pertama', 100),
(1945, 27, 13, 36, 'Tugas kedua', 100),
(1946, 27, 13, 36, 'Tugas ketiga', 80),
(1947, 52, 3, 32, 'tgs', 73),
(1948, 39, 5, 28, 'TUGAS1', 85),
(1949, 39, 5, 28, 'TUGAS2', 70),
(1950, 39, 5, 28, 'TUGAS3', 80),
(1951, 39, 5, 28, 'TUGAS4', 70),
(1952, 54, 3, 32, 'tgs', 70),
(1953, 28, 13, 36, 'Tugas pertama', 100),
(1954, 28, 13, 36, 'Tugas kedua', 100),
(1955, 28, 13, 36, 'Tugas ketiga', 95),
(1956, 55, 3, 32, 'tgs', 79),
(1957, 31, 13, 36, 'Tugas pertama', 50),
(1958, 31, 13, 36, 'Tugas kedua', 50),
(1959, 31, 13, 36, 'Tugas ketiga', 0),
(1960, 113, 12, 26, 'Proyek', 80),
(1961, 113, 12, 26, 'Portofolio', 90),
(1962, 33, 13, 36, 'Tugas pertama', 80),
(1963, 33, 13, 36, 'Tugas kedua', 80),
(1964, 145, 3, 32, 'tgs', 0),
(1965, 33, 13, 36, 'Tugas ketiga', 50),
(1966, 114, 12, 26, 'Proyek', 80),
(1967, 114, 12, 26, 'Portofolio', 90),
(1968, 40, 5, 28, 'TUGAS1', 70),
(1969, 40, 5, 28, 'TUGAS2', 70),
(1970, 40, 5, 28, 'TUGAS3', 80),
(1971, 40, 5, 28, 'TUGAS4', 100),
(1972, 57, 3, 32, 'tgs', 71),
(1973, 35, 13, 36, 'Tugas pertama', 80),
(1974, 35, 13, 36, 'Tugas kedua', 60),
(1975, 35, 13, 36, 'Tugas ketiga', 70),
(1976, 42, 5, 28, 'TUGAS1', 75),
(1977, 42, 5, 28, 'TUGAS2', 70),
(1978, 115, 12, 26, 'Proyek', 80),
(1979, 115, 12, 26, 'Portofolio', 90),
(1980, 42, 5, 28, 'TUGAS3', 80),
(1981, 42, 5, 28, 'TUGAS4', 80),
(1982, 59, 3, 32, 'tgs', 85),
(1983, 69, 10, 31, 'tugas 1', 75),
(1984, 30, 11, 23, '1', 0),
(1985, 30, 11, 23, '2', 0),
(1986, 69, 10, 31, 'tugas 2', 70),
(1987, 37, 13, 36, 'Tugas pertama', 100),
(1988, 30, 11, 23, '3', 60),
(1989, 45, 5, 28, 'TUGAS1', 70),
(1990, 45, 5, 28, 'TUGAS2', 70),
(1991, 37, 13, 36, 'Tugas kedua', 100),
(1992, 60, 3, 32, 'tgs', 82),
(1993, 45, 5, 28, 'TUGAS3', 80),
(1994, 37, 13, 36, 'Tugas ketiga', 95),
(1995, 45, 5, 28, 'TUGAS4', 100),
(1996, 116, 12, 26, 'Proyek', 80),
(1997, 116, 12, 26, 'Portofolio', 90),
(1998, 146, 3, 32, 'tgs', 0),
(1999, 47, 5, 28, 'TUGAS1', 70),
(2000, 70, 10, 31, 'tugas 1', 70),
(2001, 47, 5, 28, 'TUGAS2', 70),
(2002, 70, 10, 31, 'tugas 2', 70),
(2003, 47, 5, 28, 'TUGAS3', 70),
(2004, 47, 5, 28, 'TUGAS4', 70),
(2005, 41, 13, 36, 'Tugas pertama', 100),
(2006, 41, 13, 36, 'Tugas kedua', 100),
(2007, 10, 11, 23, '1', 60),
(2008, 70, 7, 34, '1', 50),
(2009, 70, 7, 34, '1', 50),
(2010, 41, 13, 36, 'Tugas ketiga', 90),
(2011, 10, 11, 23, '2', 40),
(2012, 10, 11, 23, '3', 0),
(2013, 71, 10, 31, 'tugas 1', 70),
(2014, 117, 12, 26, 'Proyek', 80),
(2015, 71, 10, 31, 'tugas 2', 65),
(2016, 117, 12, 26, 'Portofolio', 90),
(2017, 69, 7, 34, '1', 72),
(2018, 48, 5, 28, 'TUGAS1', 70),
(2019, 69, 7, 34, '1', 70),
(2020, 48, 5, 28, 'TUGAS2', 85),
(2021, 48, 5, 28, 'TUGAS3', 80),
(2022, 48, 5, 28, 'TUGAS4', 85),
(2023, 43, 13, 36, 'Tugas pertama', 98),
(2024, 10, 3, 32, 'tgs', 50),
(2025, 43, 13, 36, 'Tugas kedua', 70),
(2026, 71, 7, 34, '1', 80),
(2027, 71, 7, 34, '1', 85),
(2028, 43, 13, 36, 'Tugas ketiga', 50),
(2029, 32, 11, 23, '1', 75),
(2030, 49, 5, 28, 'TUGAS1', 70),
(2031, 49, 5, 28, 'TUGAS2', 75),
(2032, 32, 11, 23, '2', 50),
(2033, 49, 5, 28, 'TUGAS3', 85),
(2034, 32, 11, 23, '3', 80),
(2035, 49, 5, 28, 'TUGAS4', 80),
(2036, 72, 7, 34, '1', 60),
(2037, 72, 7, 34, '1', 60),
(2038, 44, 13, 36, 'Tugas pertama', 100),
(2039, 78, 7, 34, '1', 70),
(2040, 78, 7, 34, '1', 75),
(2041, 50, 5, 28, 'TUGAS1', 70),
(2042, 72, 10, 31, 'tugas 1', 65),
(2043, 12, 11, 23, '1', 65),
(2044, 44, 13, 36, 'Tugas kedua', 100),
(2045, 72, 10, 31, 'tugas 2', 70),
(2046, 50, 5, 28, 'TUGAS2', 75),
(2047, 50, 5, 28, 'TUGAS3', 80),
(2048, 12, 11, 23, '2', 60),
(2049, 44, 13, 36, 'Tugas ketiga', 75),
(2050, 50, 5, 28, 'TUGAS4', 80),
(2051, 12, 11, 23, '3', 0),
(2053, 97, 7, 34, '1', 30),
(2054, 97, 7, 34, '1', 30),
(2055, 12, 3, 32, 'tgs', 60),
(2056, 73, 7, 34, '1', 50),
(2057, 52, 5, 28, 'TUGAS1', 70),
(2058, 73, 7, 34, '1', 50),
(2059, 34, 11, 23, '1', 75),
(2060, 52, 5, 28, 'TUGAS2', 80),
(2061, 34, 11, 23, '2', 70),
(2062, 52, 5, 28, 'TUGAS3', 80),
(2063, 34, 11, 23, '3', 70),
(2064, 52, 5, 28, 'TUGAS4', 100),
(2065, 14, 3, 32, 'tgs', 75),
(2066, 46, 13, 36, 'Tugas pertama', 85),
(2067, 46, 13, 36, 'Tugas kedua', 100),
(2068, 79, 7, 34, '1', 80),
(2069, 79, 7, 34, '1', 80),
(2070, 46, 13, 36, 'Tugas ketiga', 50),
(2071, 73, 10, 31, 'tugas 1', 65),
(2072, 14, 11, 23, '1', 75),
(2073, 118, 12, 26, 'Proyek', 80),
(2074, 73, 10, 31, 'tugas 2', 65),
(2075, 118, 12, 26, 'Portofolio', 90),
(2076, 14, 11, 23, '2', 85),
(2077, 54, 5, 28, 'TUGAS1', 75),
(2078, 14, 11, 23, '3', 80),
(2079, 54, 5, 28, 'TUGAS2', 70),
(2080, 54, 5, 28, 'TUGAS3', 80),
(2081, 54, 5, 28, 'TUGAS4', 70),
(2082, 75, 7, 34, '1', 70),
(2083, 75, 7, 34, '1', 60),
(2084, 74, 10, 31, 'tugas 1', 65),
(2085, 16, 3, 32, 'tgs', 60),
(2086, 36, 11, 23, '1', 80),
(2087, 74, 10, 31, 'tugas 2', 65),
(2088, 36, 11, 23, '2', 70),
(2089, 36, 11, 23, '3', 70),
(2090, 51, 13, 36, 'Tugas pertama', 80),
(2091, 55, 5, 28, 'TUGAS1', 80),
(2092, 51, 13, 36, 'Tugas kedua', 80),
(2093, 55, 5, 28, 'TUGAS2', 70),
(2094, 76, 7, 34, '1', 77),
(2095, 55, 5, 28, 'TUGAS3', 80),
(2096, 76, 7, 34, '1', 75),
(2097, 51, 13, 36, 'Tugas ketiga', 50),
(2098, 119, 12, 26, 'Proyek', 0),
(2099, 55, 5, 28, 'TUGAS4', 70),
(2100, 119, 12, 26, 'Portofolio', 0),
(2101, 75, 10, 31, 'tugas 1', 60),
(2102, 75, 10, 31, 'tugas 2', 60),
(2103, 18, 3, 32, 'tgs', 90),
(2104, 16, 11, 23, '1', 60),
(2105, 16, 11, 23, '2', 0),
(2106, 16, 11, 23, '3', 85),
(2107, 80, 7, 34, '1', 60),
(2108, 76, 10, 31, 'tugas 1', 70),
(2109, 53, 13, 36, 'Tugas pertama', 100),
(2110, 80, 7, 34, '1', 50),
(2111, 53, 13, 36, 'Tugas kedua', 100),
(2112, 76, 10, 31, 'tugas 2', 70),
(2113, 53, 13, 36, 'Tugas ketiga', 93),
(2114, 20, 3, 32, 'tgs', 70),
(2115, 57, 5, 28, 'TUGAS1', 70),
(2116, 82, 7, 34, '1', 73),
(2117, 57, 5, 28, 'TUGAS2', 70),
(2118, 82, 7, 34, '1', 75),
(2119, 120, 12, 26, 'Proyek', 80),
(2120, 57, 5, 28, 'TUGAS3', 80),
(2121, 120, 12, 26, 'Portofolio', 90),
(2122, 57, 5, 28, 'TUGAS4', 70),
(2123, 18, 11, 23, '1', 75),
(2124, 21, 3, 32, 'tgs', 85),
(2125, 77, 10, 31, 'tugas 1', 70),
(2126, 56, 13, 36, 'Tugas pertama', 100),
(2127, 18, 11, 23, '2', 85),
(2128, 77, 10, 31, 'tugas 2', 75),
(2129, 38, 11, 23, '1', 50),
(2130, 56, 13, 36, 'Tugas kedua', 100),
(2131, 38, 11, 23, '2', 0),
(2132, 18, 11, 23, '3', 60),
(2133, 38, 11, 23, '3', 60),
(2134, 56, 13, 36, 'Tugas ketiga', 50),
(2135, 84, 7, 34, '1', 75),
(2136, 84, 7, 34, '1', 80),
(2137, 59, 5, 28, 'TUGAS1', 70),
(2138, 59, 5, 28, 'TUGAS2', 70),
(2139, 59, 5, 28, 'TUGAS3', 80),
(2140, 59, 5, 28, 'TUGAS4', 100),
(2141, 78, 10, 31, 'tugas 1', 70),
(2142, 78, 10, 31, 'tugas 2', 70),
(2143, 86, 7, 34, '1', 75),
(2144, 86, 7, 34, '1', 75),
(2145, 58, 13, 36, 'Tugas pertama', 80),
(2146, 22, 3, 32, 'tgs', 75),
(2147, 58, 13, 36, 'Tugas kedua', 60),
(2148, 20, 11, 23, '1', 70),
(2149, 58, 13, 36, 'Tugas ketiga', 40),
(2150, 20, 11, 23, '2', 85),
(2151, 20, 11, 23, '3', 60),
(2152, 60, 5, 28, 'TUGAS1', 80),
(2153, 121, 12, 26, 'Proyek', 80),
(2154, 60, 5, 28, 'TUGAS2', 70),
(2155, 79, 10, 31, 'tugas 1', 75),
(2156, 121, 12, 26, 'Portofolio', 90),
(2157, 60, 5, 28, 'TUGAS3', 80),
(2158, 79, 10, 31, 'tugas 2', 70),
(2159, 39, 11, 23, '1', 75),
(2160, 88, 7, 34, '1', 75),
(2161, 60, 5, 28, 'TUGAS3', 85),
(2162, 88, 7, 34, '1', 75),
(2163, 23, 3, 32, 'tgs', 50),
(2164, 39, 11, 23, '2', 70),
(2165, 39, 11, 23, '3', 75),
(2166, 61, 13, 36, 'Tugas pertama', 100),
(2167, 61, 13, 36, 'Tugas kedua', 100),
(2168, 61, 13, 36, 'Tugas ketiga', 90),
(2169, 80, 10, 31, 'tugas 1', 65),
(2170, 80, 10, 31, 'tugas 2', 70),
(2171, 145, 5, 28, 'TUGAS1', 0),
(2172, 21, 11, 23, '1', 75),
(2173, 145, 5, 28, 'TUGAS2', 0),
(2174, 25, 3, 32, 'tgs', 60),
(2175, 21, 11, 23, '2', 80),
(2176, 145, 5, 28, 'TUGAS3', 0),
(2177, 145, 5, 28, 'TUGAS4', 0),
(2178, 21, 11, 23, '3', 70),
(2179, 102, 7, 34, '1', 75),
(2180, 102, 7, 34, '1', 78),
(2181, 62, 13, 36, 'Tugas pertama', 100),
(2182, 62, 13, 36, 'Tugas kedua', 60),
(2183, 80, 1, 30, 'praktek', 0),
(2184, 146, 5, 28, 'TUGAS1', 0),
(2185, 146, 5, 28, 'TUGAS2', 0),
(2186, 62, 13, 36, 'Tugas ketiga', 60),
(2187, 146, 5, 28, 'TUGAS3', 0),
(2188, 146, 5, 28, 'TUGAS4', 0),
(2189, 82, 10, 31, 'tugas 1', 75),
(2190, 82, 10, 31, 'tugas 2', 75),
(2191, 63, 13, 36, 'Tugas pertama', 100),
(2192, 63, 13, 36, 'Tugas kedua', 100),
(2193, 63, 13, 36, 'Tugas ketiga', 96),
(2194, 22, 11, 23, '1', 75),
(2195, 84, 10, 31, 'tugas 1', 75),
(2196, 84, 10, 31, 'tugas 2', 75),
(2197, 22, 11, 23, '2', 70),
(2198, 22, 11, 23, '3', 75),
(2199, 92, 7, 34, '1', 50),
(2200, 92, 7, 34, '1', 60),
(2201, 86, 10, 31, 'tugas 1', 75),
(2202, 86, 10, 31, 'tugas 2', 75),
(2203, 65, 13, 36, 'Tugas pertama', 100),
(2204, 65, 13, 36, 'Tugas kedua', 100),
(2205, 65, 13, 36, 'Tugas ketiga', 90),
(2206, 94, 7, 34, '1', 80),
(2207, 94, 7, 34, '1', 77),
(2208, 88, 10, 31, 'tugas 1', 75),
(2209, 23, 11, 23, '1', 0),
(2210, 88, 10, 31, 'tugas 2', 75),
(2211, 23, 11, 23, '2', 0),
(2212, 40, 11, 23, '1', 80),
(2213, 23, 11, 23, '3', 75),
(2214, 40, 11, 23, '2', 75),
(2215, 66, 13, 36, 'Tugas pertama', 100),
(2216, 40, 11, 23, '3', 80),
(2217, 66, 13, 36, 'Tugas kedua', 80),
(2218, 66, 13, 36, 'Tugas ketiga', 50),
(2219, 90, 10, 31, 'tugas 1', 70),
(2220, 90, 10, 31, 'tugas 2', 30),
(2221, 96, 7, 34, '1', 85),
(2222, 96, 7, 34, '1', 88),
(2223, 25, 11, 23, '1', 50),
(2224, 25, 11, 23, '2', 60),
(2225, 25, 11, 23, '3', 90),
(2226, 68, 13, 36, 'Tugas pertama', 0),
(2227, 68, 13, 36, 'Tugas kedua', 0),
(2228, 92, 10, 31, 'tugas 1', 60),
(2229, 68, 13, 36, 'Tugas ketiga', 60),
(2230, 92, 10, 31, 'tugas 2', 45),
(2231, 99, 7, 34, '1', 70),
(2232, 99, 7, 34, '1', 60),
(2233, 42, 11, 23, '1', 75),
(2234, 94, 10, 31, 'tugas 1', 75),
(2235, 27, 11, 23, '1', 75),
(2236, 42, 11, 23, '2', 75),
(2237, 94, 10, 31, 'tugas 2', 70),
(2238, 144, 13, 36, 'Tugas pertama', 100),
(2239, 144, 13, 36, 'Tugas kedua', 100),
(2240, 42, 11, 23, '3', 80),
(2241, 27, 11, 23, '2', 75),
(2242, 144, 13, 36, 'Tugas ketiga', 50),
(2243, 27, 11, 23, '3', 60),
(2244, 90, 7, 34, '1', 60),
(2245, 90, 7, 34, '1', 60),
(2246, 27, 3, 32, 'tgs', 75),
(2247, 96, 10, 31, 'tugas 1', 75),
(2248, 96, 10, 31, 'tugas 2', 75),
(2249, 77, 7, 34, '1', 80),
(2250, 77, 7, 34, '1', 80),
(2251, 28, 3, 32, 'tgs', 90),
(2252, 45, 11, 23, '1', 75),
(2253, 74, 7, 34, '1', 70),
(2254, 45, 11, 23, '2', 75),
(2255, 74, 7, 34, '1', 70),
(2256, 28, 11, 23, '1', 80),
(2257, 45, 11, 23, '3', 80),
(2258, 28, 11, 23, '2', 85),
(2259, 28, 11, 23, '3', 80),
(2260, 97, 10, 31, 'tugas 1', 65),
(2261, 97, 10, 31, 'tugas 2', 65),
(2262, 31, 3, 32, 'tgs', 60),
(2263, 101, 7, 34, '1', 80),
(2264, 101, 7, 34, '1', 80),
(2265, 47, 11, 23, '1', 70),
(2266, 47, 11, 23, '2', 60),
(2267, 47, 11, 23, '3', 60),
(2268, 99, 10, 31, 'tugas 1', 70),
(2269, 33, 3, 32, 'tgs', 60),
(2270, 31, 11, 23, '1', 75),
(2271, 99, 10, 31, 'tugas 2', 70),
(2272, 31, 11, 23, '2', 80),
(2273, 31, 11, 23, '3', 80),
(2274, 101, 10, 31, 'tugas 1', 70),
(2275, 101, 10, 31, 'tugas 2', 75),
(2276, 35, 3, 32, 'tgs', 60),
(2277, 33, 11, 23, '1', 50),
(2278, 33, 11, 23, '2', 0),
(2279, 33, 11, 23, '3', 0),
(2280, 104, 7, 34, '1', 60),
(2281, 104, 7, 34, '1', 60),
(2282, 102, 10, 31, 'tugas 1', 75),
(2283, 102, 10, 31, 'tugas 2', 75),
(2284, 37, 3, 32, 'tgs', 90),
(2285, 103, 10, 31, 'tugas 1', 60),
(2286, 41, 3, 32, 'tgs', 60),
(2287, 103, 10, 31, 'tugas 2', 60),
(2288, 35, 11, 23, '1', 75),
(2289, 104, 10, 31, 'tugas 1', 60),
(2290, 35, 11, 23, '2', 85),
(2291, 104, 10, 31, 'tugas 2', 45),
(2292, 43, 3, 32, 'tgs', 55),
(2293, 35, 11, 23, '3', 80),
(2294, 48, 11, 23, '1', 75),
(2295, 103, 7, 34, '1', 60),
(2296, 48, 11, 23, '2', 70),
(2297, 103, 7, 34, '1', 60),
(2298, 105, 10, 31, 'tugas 1', 60),
(2299, 48, 11, 23, '3', 60),
(2300, 105, 10, 31, 'tugas 2', 70),
(2301, 105, 7, 34, '1', 70),
(2302, 105, 7, 34, '1', 70),
(2303, 37, 11, 23, '1', 80),
(2304, 107, 10, 31, 'tugas 1', 70),
(2305, 37, 11, 23, '2', 90),
(2306, 44, 3, 32, 'tgs', 60),
(2307, 107, 10, 31, 'tugas 2', 65),
(2308, 37, 11, 23, '3', 80),
(2309, 46, 3, 32, 'tgs', 55),
(2310, 69, 11, 23, 'Tugas pertama', 60),
(2311, 51, 3, 32, 'tgs', 60),
(2312, 41, 11, 23, '1', 75),
(2313, 69, 11, 23, 'Tugas kedua', 0),
(2314, 69, 11, 23, 'Tugas ketiga', 70),
(2315, 41, 11, 23, '2', 80),
(2316, 41, 11, 23, '3', 70),
(2317, 53, 3, 32, 'tgs', 60),
(2318, 56, 3, 32, 'tgs', 70),
(2319, 43, 11, 23, '1', 0),
(2320, 13, 10, 31, 'keterampilan', 75),
(2321, 49, 11, 23, '1', 70),
(2322, 58, 3, 32, 'tgs', 65),
(2323, 43, 11, 23, '2', 60),
(2324, 43, 11, 23, '3', 0),
(2325, 61, 3, 32, 'tgs', 85),
(2326, 70, 11, 23, 'Tugas pertama', 60),
(2327, 70, 11, 23, 'Tugas kedua', 0),
(2328, 70, 11, 23, 'Tugas ketiga', 0),
(2329, 44, 11, 23, '1', 75),
(2330, 44, 11, 23, '2', 70),
(2331, 44, 11, 23, '3', 0),
(2332, 62, 3, 32, 'tgs', 80),
(2333, 71, 11, 23, 'Tugas pertama', 75),
(2334, 71, 11, 23, 'Tugas kedua', 75),
(2335, 71, 11, 23, 'Tugas ketiga', 75),
(2336, 63, 3, 32, 'tgs', 90),
(2337, 46, 11, 23, '1', 40),
(2338, 46, 11, 23, '2', 40),
(2339, 46, 11, 23, '3', 0),
(2340, 65, 3, 32, 'tgs', 85),
(2341, 72, 11, 23, 'Tugas pertama', 60),
(2342, 72, 11, 23, 'Tugas kedua', 70),
(2343, 72, 11, 23, 'Tugas ketiga', 0),
(2344, 73, 11, 23, 'Tugas pertama', 60),
(2345, 73, 11, 23, 'Tugas kedua', 60),
(2346, 73, 11, 23, 'Tugas ketiga', 0),
(2347, 51, 11, 23, '1', 50),
(2348, 51, 11, 23, '2', 40),
(2349, 51, 11, 23, '3', 0),
(2350, 145, 10, 31, 'tugas 1', 70),
(2351, 145, 10, 31, 'tugas 2', 75),
(2352, 74, 11, 23, 'Tugas pertama', 70),
(2353, 74, 11, 23, 'Tugas kedua', 70),
(2354, 74, 11, 23, 'Tugas ketiga', 70),
(2355, 146, 10, 31, 'tugas 1', 65),
(2356, 53, 11, 23, '1', 75),
(2357, 53, 11, 23, '2', 70),
(2358, 53, 11, 23, '3', 70),
(2359, 146, 10, 31, 'tugas 2', 65),
(2360, 3, 6, 25, '1', 68),
(2361, 66, 2, 38, '1', 80),
(2362, 75, 11, 23, 'Tugas pertama', 60),
(2363, 75, 11, 23, 'Tugas kedua', 0),
(2364, 49, 11, 23, '2', 50),
(2365, 75, 11, 23, 'Tugas ketiga', 0),
(2366, 49, 11, 23, '3', 50),
(2367, 18, 2, 38, '1', 75),
(2369, 4, 6, 25, '1', 67),
(2372, 76, 11, 23, 'Tugas pertama', 70),
(2373, 76, 11, 23, 'Tugas kedua', 70),
(2374, 76, 11, 23, 'Tugas ketiga', 75),
(2375, 5, 6, 25, '1', 67),
(2376, 35, 2, 38, '1', 75),
(2377, 6, 6, 25, '1', 68),
(2378, 77, 11, 23, 'Tugas pertama', 75),
(2379, 77, 11, 23, 'Tugas kedua', 75),
(2380, 77, 11, 23, 'Tugas ketiga', 80),
(2381, 16, 2, 38, '1', 70),
(2382, 50, 11, 23, '1', 75),
(2383, 50, 11, 23, '2', 50),
(2384, 7, 6, 25, '1', 69),
(2385, 67, 3, 32, 'tgs', 0),
(2386, 78, 11, 23, 'Tugas pertama', 70),
(2387, 78, 11, 23, 'Tugas kedua', 75),
(2388, 78, 11, 23, 'Tugas ketiga', 70),
(2389, 51, 2, 38, '1', 70),
(2390, 50, 11, 23, '3', 75),
(2391, 61, 11, 23, '1', 70),
(2392, 61, 11, 23, '2', 70),
(2393, 61, 11, 23, '3', 75),
(2394, 8, 6, 25, '1', 69),
(2395, 68, 3, 32, 'tgs', 0),
(2396, 22, 2, 38, '1', 75),
(2397, 28, 2, 38, '1', 80),
(2398, 79, 11, 23, 'Tugas pertama', 70),
(2399, 144, 3, 32, 'tgs', 70),
(2400, 79, 11, 23, 'Tugas kedua', 70),
(2401, 79, 11, 23, 'Tugas ketiga', 75),
(2402, 62, 11, 23, '1', 80),
(2403, 62, 11, 23, '2', 75),
(2404, 62, 11, 23, '3', 80),
(2405, 9, 6, 25, '1', 67),
(2406, 63, 2, 38, '1', 70),
(2407, 11, 6, 25, '1', 68),
(2408, 80, 11, 23, 'Tugas pertama', 0),
(2409, 80, 11, 23, 'Tugas kedua', 0),
(2410, 80, 11, 23, 'Tugas ketiga', 0),
(2411, 69, 2, 38, '1', 78),
(2412, 61, 2, 38, '1', 70),
(2413, 63, 11, 23, '1', 80),
(2414, 13, 6, 25, '1', 72),
(2415, 63, 11, 23, '2', 85),
(2416, 63, 11, 23, '3', 80),
(2417, 70, 2, 38, '1', 64),
(2418, 52, 11, 23, '1', 75),
(2419, 82, 11, 23, 'Tugas pertama', 70),
(2420, 52, 11, 23, '2', 70),
(2421, 82, 11, 23, 'Tugas kedua', 80),
(2422, 52, 11, 23, '3', 70),
(2423, 82, 11, 23, 'Tugas ketiga', 75),
(2424, 65, 2, 38, '1', 75),
(2425, 15, 6, 25, '1', 65),
(2426, 21, 2, 38, '1', 75),
(2427, 84, 11, 23, 'Tugas pertama', 70),
(2428, 17, 6, 25, '1', 70),
(2429, 84, 11, 23, 'Tugas kedua', 70),
(2430, 84, 11, 23, 'Tugas ketiga', 70),
(2431, 68, 2, 38, '1', 70),
(2432, 24, 6, 25, '1', 70),
(2433, 65, 11, 23, '1', 75),
(2434, 71, 2, 38, '1', 70),
(2435, 65, 11, 23, '2', 80),
(2437, 86, 11, 23, 'Tugas pertama', 70),
(2438, 86, 11, 23, 'Tugas kedua', 75),
(2439, 86, 11, 23, 'Tugas ketiga', 70),
(2441, 26, 6, 25, '1', 70),
(2442, 72, 2, 38, '1', 51),
(2443, 37, 2, 38, '1', 85),
(2444, 65, 11, 23, '3', 80),
(2445, 54, 11, 23, '1', 75),
(2446, 54, 11, 23, '2', 80),
(2447, 54, 11, 23, '3', 80),
(2448, 88, 11, 23, 'Tugas pertama', 70),
(2449, 23, 2, 38, '1', 70),
(2450, 88, 11, 23, 'Tugas kedua', 60),
(2451, 88, 11, 23, 'Tugas ketiga', 70),
(2452, 29, 6, 25, '1', 75),
(2453, 73, 2, 38, '1', 51),
(2454, 74, 2, 38, '1', 65),
(2455, 66, 11, 23, '1', 0),
(2456, 66, 11, 23, '2', 0),
(2457, 30, 6, 25, '1', 66),
(2458, 66, 11, 23, '3', 0),
(2459, 46, 2, 38, '1', 72),
(2460, 90, 11, 23, 'Tugas pertama', 70),
(2461, 90, 11, 23, 'Tugas kedua', 70),
(2462, 75, 2, 38, '1', 58),
(2463, 90, 11, 23, 'Tugas ketiga', 0),
(2464, 75, 2, 38, '1', 58),
(2465, 55, 11, 23, '1', 75),
(2466, 32, 6, 25, '1', 68),
(2467, 55, 11, 23, '2', 75),
(2468, 55, 11, 23, '3', 70),
(2469, 76, 2, 38, '1', 73),
(2470, 34, 6, 25, '1', 68),
(2471, 92, 11, 23, 'Tugas pertama', 0),
(2472, 92, 11, 23, 'Tugas kedua', 0),
(2473, 92, 11, 23, 'Tugas ketiga', 0),
(2474, 68, 11, 23, '1', 0),
(2475, 68, 11, 23, '2', 0),
(2476, 77, 2, 38, '1', 75),
(2477, 68, 11, 23, '3', 0),
(2478, 57, 11, 23, '1', 70),
(2479, 57, 11, 23, '2', 0),
(2480, 31, 2, 38, '1', 70),
(2481, 57, 11, 23, '3', 0),
(2482, 36, 6, 25, '1', 74),
(2483, 78, 2, 38, '1', 50),
(2484, 33, 2, 38, '1', 60),
(2485, 94, 11, 23, 'Tugas pertama', 70),
(2486, 94, 11, 23, 'Tugas kedua', 70),
(2487, 94, 11, 23, 'Tugas ketiga', 80),
(2488, 79, 2, 38, '1', 60),
(2489, 38, 6, 25, '1', 68),
(2490, 59, 11, 23, '1', 80),
(2491, 59, 11, 23, '2', 75),
(2492, 41, 2, 38, '1', 50),
(2493, 59, 11, 23, '3', 80),
(2494, 80, 2, 38, '1', 50),
(2495, 96, 11, 23, 'Tugas pertama', 80),
(2496, 96, 11, 23, 'Tugas kedua', 80),
(2497, 96, 11, 23, 'Tugas ketiga', 80),
(2498, 39, 6, 25, '1', 72),
(2499, 53, 2, 38, '1', 55),
(2500, 82, 2, 38, '1', 50),
(2501, 60, 11, 23, '1', 75),
(2502, 60, 11, 23, '2', 75),
(2503, 60, 11, 23, '3', 80),
(2504, 97, 11, 23, 'Tugas pertama', 0),
(2505, 84, 2, 38, '1', 50),
(2506, 97, 11, 23, 'Tugas kedua', 0),
(2507, 97, 11, 23, 'Tugas ketiga', 0),
(2508, 40, 6, 25, '1', 73),
(2509, 86, 2, 38, '1', 85),
(2510, 144, 11, 23, '1', 75),
(2511, 144, 11, 23, '2', 60),
(2512, 144, 11, 23, '3', 60),
(2513, 42, 6, 25, '1', 70),
(2514, 88, 2, 38, '1', 58),
(2515, 45, 6, 25, '1', 72),
(2516, 90, 2, 38, '1', 70),
(2517, 27, 2, 38, '1', 55),
(2518, 47, 6, 25, '1', 68),
(2519, 92, 2, 38, '1', 51),
(2520, 14, 2, 38, '1', 70),
(2521, 99, 11, 23, 'Tugas pertama', 0),
(2522, 99, 11, 23, 'Tugas kedua', 0),
(2523, 94, 2, 38, '1', 54),
(2524, 99, 11, 23, 'Tugas ketiga', 0),
(2525, 48, 6, 25, '1', 66),
(2526, 96, 2, 38, '1', 62),
(2527, 101, 11, 23, 'Tugas pertama', 75),
(2528, 101, 11, 23, 'Tugas kedua', 80),
(2529, 101, 11, 23, 'Tugas ketiga', 75),
(2530, 97, 2, 38, '1', 50),
(2531, 49, 6, 25, '1', 69),
(2532, 102, 11, 23, 'Tugas pertama', 70),
(2533, 102, 11, 23, 'Tugas kedua', 75),
(2534, 102, 11, 23, 'Tugas ketiga', 70),
(2535, 99, 2, 38, '1', 54),
(2536, 62, 2, 38, '1', 50),
(2537, 101, 2, 38, '1', 58),
(2538, 69, 16, 23, '1', 80),
(2539, 103, 11, 23, 'Tugas pertama', 0),
(2540, 103, 11, 23, 'Tugas kedua', 0),
(2541, 103, 11, 23, 'Tugas ketiga', 0),
(2542, 58, 2, 38, '1', 60),
(2543, 122, 12, 26, 'Proyek', 80),
(2544, 102, 2, 38, '1', 72),
(2545, 122, 12, 26, 'Portofolio', 90),
(2546, 50, 6, 25, '1', 70),
(2547, 103, 2, 38, '1', 50),
(2548, 104, 11, 23, 'Tugas pertama', 70),
(2549, 104, 11, 23, 'Tugas kedua', 80),
(2550, 104, 11, 23, 'Tugas ketiga', 70),
(2551, 144, 2, 38, '1', 75),
(2552, 3, 13, 37, 'Tugas', 70),
(2553, 104, 2, 38, '1', 52),
(2554, 69, 16, 23, '2', 0),
(2555, 69, 16, 23, '3', 0),
(2556, 52, 6, 25, '1', 70),
(2557, 44, 2, 38, '1', 51),
(2558, 105, 11, 23, 'Tugas pertama', 70),
(2559, 105, 11, 23, 'Tugas kedua', 70),
(2560, 105, 2, 38, '1', 67),
(2561, 105, 11, 23, 'Tugas ketiga', 75),
(2562, 54, 6, 25, '1', 69),
(2563, 107, 2, 38, '1', 88),
(2564, 20, 2, 38, '1', 28),
(2565, 107, 11, 23, 'Tugas pertama', 0),
(2566, 107, 11, 23, 'Tugas kedua', 0),
(2567, 55, 6, 25, '1', 70),
(2568, 107, 11, 23, 'Tugas ketiga', 0),
(2569, 4, 13, 37, 'Tugas', 70),
(2570, 43, 2, 38, '1', 29),
(2571, 57, 6, 25, '1', 68),
(2572, 5, 13, 37, 'Tugas', 70),
(2573, 70, 16, 23, '1', 80),
(2574, 70, 16, 23, '2', 0),
(2575, 70, 16, 23, '3', 0),
(2576, 59, 6, 25, '1', 70),
(2577, 3, 4, 27, '1', 51),
(2580, 60, 6, 25, '1', 68),
(2581, 71, 16, 23, '1', 80),
(2582, 71, 16, 23, '2', 70),
(2583, 71, 16, 23, '3', 75),
(2584, 4, 4, 27, '1', 64),
(2585, 12, 12, 26, '1', 86),
(2586, 145, 6, 25, '1', 69),
(2587, 12, 12, 26, '2', 90),
(2588, 72, 16, 23, '1', 70),
(2589, 72, 16, 23, '2', 0),
(2590, 5, 4, 27, '1', 43),
(2591, 72, 16, 23, '3', 0),
(2592, 14, 12, 26, '1', 86),
(2593, 14, 12, 26, '2', 90),
(2594, 6, 13, 37, 'Tugas', 70),
(2595, 16, 12, 26, '1', 86),
(2596, 16, 12, 26, '2', 90),
(2597, 6, 4, 27, '1', 63),
(2598, 73, 16, 23, '1', 80),
(2599, 73, 16, 23, '2', 0),
(2600, 73, 16, 23, '3', 0),
(2601, 18, 12, 26, '1', 86),
(2602, 18, 12, 26, '2', 90),
(2603, 7, 4, 27, '1', 55),
(2604, 20, 12, 26, '1', 86),
(2605, 20, 12, 26, '2', 90),
(2606, 8, 4, 27, '1', 48),
(2607, 7, 13, 37, 'Tugas', 70),
(2608, 9, 4, 27, '1', 49),
(2609, 8, 13, 37, 'Tugas', 70),
(2610, 123, 12, 26, 'Proyek', 80),
(2611, 21, 12, 26, '1', 86),
(2612, 21, 12, 26, '2', 90),
(2613, 9, 13, 37, 'Tugas', 70),
(2615, 11, 13, 37, 'Tugas', 70),
(2616, 22, 12, 26, '1', 86),
(2617, 22, 12, 26, '2', 90),
(2618, 13, 13, 37, 'Tugas', 75),
(2619, 15, 4, 27, '1', 28),
(2620, 124, 12, 26, 'Proyek', 80),
(2621, 124, 12, 26, 'Portofolio', 90),
(2622, 15, 13, 37, 'Tugas', 70),
(2623, 17, 4, 27, '1', 75),
(2624, 17, 13, 37, 'Tugas', 70),
(2625, 24, 13, 37, 'Tugas', 74),
(2626, 11, 4, 27, '1', 63),
(2627, 125, 12, 26, 'Proyek', 80),
(2628, 125, 12, 26, 'Portofolio', 90),
(2629, 26, 13, 37, 'Tugas', 70),
(2630, 74, 16, 23, '1', 80),
(2631, 74, 16, 23, '2', 83),
(2632, 74, 16, 23, '3', 60),
(2633, 29, 13, 37, 'Tugas', 85),
(2634, 23, 12, 26, '1', 86),
(2635, 24, 4, 27, '1', 75),
(2636, 23, 12, 26, '2', 90),
(2637, 30, 13, 37, 'Tugas', 70),
(2638, 25, 12, 26, '1', 86),
(2639, 25, 12, 26, '2', 90),
(2640, 30, 4, 27, '1', 49),
(2641, 32, 13, 37, 'Tugas', 70),
(2642, 126, 12, 26, 'Proyek', 80),
(2643, 126, 12, 26, 'Portofolio', 90),
(2644, 27, 12, 26, '1', 86),
(2645, 27, 12, 26, '2', 90),
(2646, 34, 13, 37, 'Tugas', 70),
(2647, 75, 16, 23, '1', 70),
(2648, 75, 16, 23, '2', 0),
(2649, 38, 4, 27, '1', 50),
(2650, 75, 16, 23, '3', 0),
(2651, 28, 12, 26, '1', 86),
(2652, 28, 12, 26, '2', 90),
(2653, 36, 13, 37, 'Tugas', 70),
(2654, 127, 12, 26, 'Proyek', 80),
(2655, 127, 12, 26, 'Portofolio', 90),
(2656, 47, 4, 27, '1', 55),
(2657, 31, 12, 26, '1', 86),
(2658, 31, 12, 26, '2', 90),
(2659, 38, 13, 37, 'Tugas', 70),
(2660, 76, 16, 23, '1', 80),
(2661, 128, 12, 26, 'Proyek', 80),
(2662, 33, 12, 26, '1', 86),
(2663, 76, 16, 23, '2', 83),
(2664, 48, 4, 27, '1', 33),
(2665, 128, 12, 26, 'Portofolio', 90),
(2666, 33, 12, 26, '2', 90),
(2667, 76, 16, 23, '3', 70),
(2668, 39, 13, 37, 'Tugas', 78),
(2669, 35, 12, 26, '1', 86),
(2670, 35, 12, 26, '2', 90),
(2671, 40, 13, 37, 'Tugas', 76),
(2672, 57, 4, 27, '1', 44),
(2673, 129, 12, 26, 'Proyek', 80),
(2674, 129, 12, 26, 'Portofolio', 90),
(2675, 37, 12, 26, '1', 86),
(2676, 37, 12, 26, '2', 90),
(2677, 77, 16, 23, '1', 90),
(2678, 77, 16, 23, '2', 83),
(2679, 77, 16, 23, '3', 75),
(2680, 145, 4, 27, '1', 29),
(2681, 42, 13, 37, 'Tugas', 70),
(2682, 41, 12, 26, '1', 86),
(2683, 45, 13, 37, 'Tugas', 75),
(2684, 41, 12, 26, '2', 90),
(2685, 78, 16, 23, '1', 0),
(2686, 78, 16, 23, '2', 0),
(2687, 78, 16, 23, '3', 0),
(2688, 130, 12, 26, 'Proyek', 80),
(2691, 43, 12, 26, '1', 86),
(2692, 43, 12, 26, '2', 90),
(2693, 130, 12, 26, 'Portofolio', 90),
(2694, 44, 12, 26, '1', 86),
(2695, 44, 12, 26, '2', 90),
(2697, 79, 16, 23, '1', 80),
(2698, 69, 4, 27, '1', 52),
(2699, 79, 16, 23, '2', 70),
(2700, 79, 16, 23, '3', 75),
(2704, 131, 12, 26, 'Proyek', 80),
(2705, 131, 12, 26, 'Portofolio', 90),
(2706, 71, 4, 27, '1', 56),
(2707, 72, 4, 27, '1', 32),
(2708, 78, 4, 27, '1', 0),
(2709, 47, 13, 37, 'Tugas', 70),
(2710, 80, 16, 23, '1', 80),
(2711, 80, 16, 23, '2', 0),
(2712, 48, 13, 37, 'Tugas', 70),
(2713, 80, 16, 23, '3', 0),
(2714, 97, 4, 27, '1', 37),
(2715, 49, 13, 25, '1', 70),
(2716, 132, 12, 26, 'Proyek', 80),
(2717, 132, 12, 26, 'Portofolio', 90),
(2718, 50, 13, 37, 'Tugas', 70),
(2719, 73, 4, 27, '1', 45),
(2720, 52, 13, 25, '1', 70),
(2721, 54, 13, 37, 'Tugas', 70),
(2722, 82, 16, 23, '1', 80),
(2723, 82, 16, 23, '2', 70),
(2724, 55, 13, 25, '1', 70),
(2725, 82, 16, 23, '3', 75),
(2726, 133, 12, 26, 'Proyek', 80),
(2727, 133, 12, 26, 'Portofolio', 90),
(2728, 57, 13, 37, 'Tugas', 70),
(2729, 75, 4, 27, '1', 64),
(2730, 60, 13, 37, 'Tugas', 70),
(2731, 59, 13, 25, '1', 70),
(2732, 80, 4, 27, '1', 55),
(2733, 145, 13, 37, 'Tugas', 70),
(2734, 84, 16, 23, '1', 80),
(2735, 84, 16, 23, '2', 70),
(2736, 84, 4, 27, '1', 37),
(2737, 84, 16, 23, '3', 75),
(2738, 10, 12, 26, 'Proyek', 80),
(2739, 10, 12, 26, 'Portofolio', 90),
(2740, 88, 4, 27, '1', 80),
(2741, 46, 12, 26, 'Proyek', 86),
(2742, 46, 12, 26, 'Portofolio', 90),
(2743, 86, 16, 23, '1', 80),
(2744, 86, 16, 23, '2', 83),
(2745, 86, 16, 23, '3', 75),
(2746, 92, 4, 27, '1', 37),
(2747, 94, 4, 27, '1', 85),
(2748, 88, 16, 23, '1', 80),
(2749, 88, 16, 23, '2', 70),
(2750, 88, 16, 23, '3', 0),
(2751, 51, 12, 26, 'Proyek', 86),
(2752, 51, 12, 26, 'Portofolio', 90),
(2753, 90, 4, 27, '1', 10),
(2754, 90, 16, 23, '1', 80),
(2755, 90, 16, 23, '2', 0),
(2756, 90, 16, 23, '3', 70),
(2757, 53, 12, 26, 'Proyek', 86),
(2758, 53, 12, 26, 'Portofolio', 90),
(2759, 99, 4, 27, '1', 44),
(2760, 92, 16, 23, '1', 70),
(2761, 92, 16, 23, '2', 0),
(2762, 92, 16, 23, '3', 0),
(2763, 70, 4, 27, '1', 41),
(2764, 94, 16, 23, '1', 80),
(2765, 94, 16, 23, '2', 70),
(2766, 94, 16, 23, '3', 70),
(2767, 56, 12, 26, 'Proyek', 86),
(2768, 56, 12, 26, 'Portofolio', 90),
(2769, 102, 4, 27, '1', 80),
(2770, 96, 16, 23, '1', 90),
(2771, 96, 16, 23, '2', 83),
(2772, 96, 16, 23, '3', 70),
(2773, 58, 12, 26, 'Proyek', 86),
(2774, 104, 4, 27, '1', 87),
(2775, 58, 12, 26, 'Portofolio', 90),
(2776, 103, 4, 27, '1', 20),
(2777, 97, 16, 23, '1', 80),
(2778, 97, 16, 23, '2', 0),
(2779, 97, 16, 23, '3', 0),
(2780, 10, 4, 27, '1', 44),
(2781, 61, 12, 26, 'Proyek', 86),
(2782, 61, 12, 26, 'Portofolio', 90),
(2783, 12, 4, 27, '1', 49),
(2784, 99, 16, 23, '1', 0),
(2785, 99, 16, 23, '2', 0),
(2786, 99, 16, 23, '3', 0),
(2787, 62, 12, 26, 'Proyek', 86),
(2788, 62, 12, 26, 'Portofolio', 90),
(2789, 14, 4, 27, '1', 10),
(2790, 16, 4, 27, '1', 44),
(2791, 18, 4, 27, '1', 10),
(2792, 63, 12, 26, 'Proyek', 86),
(2793, 20, 4, 27, '1', 0),
(2794, 63, 12, 26, 'Portofolio', 90),
(2795, 21, 4, 27, '1', 0),
(2796, 101, 16, 23, '1', 80),
(2797, 101, 16, 23, '2', 70),
(2798, 101, 16, 23, '3', 75),
(2799, 22, 4, 27, '1', 0),
(2800, 23, 4, 27, '1', 0),
(2801, 65, 12, 26, 'Proyek', 86),
(2802, 65, 12, 26, 'Portofolio', 90),
(2803, 27, 4, 27, '1', 0),
(2804, 31, 4, 27, '1', 0),
(2805, 66, 12, 26, 'Proyek', 80),
(2806, 66, 12, 26, 'Portofolio', 90),
(2807, 33, 4, 27, '1', 0),
(2808, 102, 16, 23, '1', 80),
(2809, 102, 16, 23, '2', 83),
(2810, 102, 16, 23, '3', 70),
(2811, 35, 4, 27, '1', 0),
(2812, 37, 4, 27, '1', 0),
(2813, 144, 12, 26, 'Proyek', 86),
(2814, 144, 12, 26, 'Portofolio', 90),
(2815, 103, 16, 23, '1', 80),
(2816, 103, 16, 23, '2', 0),
(2817, 43, 4, 27, '1', 0),
(2818, 103, 16, 23, '3', 0),
(2819, 44, 4, 27, '1', 0),
(2820, 104, 16, 23, '1', 70),
(2821, 104, 16, 23, '2', 70),
(2822, 10, 9, 26, 'Proyek', 85),
(2823, 10, 9, 26, 'Portofolio', 90),
(2824, 46, 4, 27, '1', 0),
(2825, 104, 16, 23, '3', 70),
(2826, 51, 4, 27, '1', 0),
(2827, 12, 9, 26, 'Proyek', 85),
(2828, 12, 9, 26, 'Portofolio', 90),
(2829, 53, 4, 27, '1', 0),
(2830, 105, 16, 23, '1', 70),
(2831, 105, 16, 23, '2', 75),
(2832, 14, 9, 26, 'Proyek', 85),
(2833, 14, 9, 26, 'Portofolio', 90),
(2834, 105, 16, 23, '3', 70),
(2835, 56, 4, 27, '1', 0),
(2836, 58, 4, 27, '1', 0),
(2837, 61, 4, 27, '1', 0),
(2838, 16, 9, 26, 'Proyek', 80),
(2839, 16, 9, 26, 'Portofolio', 90),
(2840, 62, 4, 27, '1', 0),
(2841, 65, 4, 27, '1', 0),
(2842, 18, 9, 26, 'Proyek', 86),
(2843, 65, 4, 27, '1', 0),
(2844, 25, 4, 27, '1', 0),
(2845, 144, 4, 27, '1', 0),
(2846, 68, 4, 27, '1', 0),
(2847, 66, 4, 27, '1', 0),
(2848, 107, 4, 27, '1', 80),
(2849, 13, 4, 27, '1', 77),
(2850, 18, 9, 26, 'Portofolio', 90),
(2851, 20, 9, 26, 'Proyek', 85),
(2852, 20, 9, 26, 'Portofolio', 90),
(2853, 21, 9, 26, 'Proyek', 85),
(2854, 21, 9, 26, 'Portofolio', 90),
(2855, 22, 9, 26, 'Proyek', 85),
(2856, 22, 9, 26, 'Portofolio', 90),
(2857, 3, 9, 27, '1', 80),
(2858, 23, 9, 26, 'Proyek', 85),
(2859, 23, 9, 26, 'Portofolio', 90),
(2860, 4, 9, 27, '1', 80),
(2861, 3, 2, 25, '1', 70),
(2862, 5, 9, 27, '1', 80),
(2863, 25, 9, 26, 'Proyek', 85),
(2864, 25, 9, 26, 'Portofolio', 90),
(2865, 4, 2, 25, '1', 70),
(2866, 6, 9, 27, '1', 75),
(2867, 5, 2, 25, '1', 70),
(2868, 27, 9, 26, 'Proyek', 85),
(2869, 27, 9, 26, 'Portofolio', 90),
(2870, 6, 2, 25, '1', 70),
(2871, 7, 2, 25, '1', 70),
(2872, 10, 2, 28, '1', 70),
(2873, 8, 2, 25, '1', 70),
(2874, 28, 9, 26, 'Proyek', 85),
(2875, 9, 2, 25, '1', 70),
(2876, 28, 9, 26, 'Portofolio', 90),
(2877, 11, 2, 25, '1', 70),
(2878, 13, 2, 25, '1', 70),
(2879, 15, 2, 25, '1', 70),
(2880, 17, 2, 25, '1', 70),
(2882, 7, 9, 27, '1', 75),
(2883, 8, 9, 27, '1', 80),
(2884, 24, 2, 25, '1', 80),
(2885, 9, 9, 27, '1', 70),
(2886, 26, 2, 25, '1', 70),
(2887, 29, 2, 25, '1', 70),
(2888, 30, 2, 25, '1', 70),
(2889, 13, 9, 27, '1', 80),
(2890, 32, 2, 25, '1', 70),
(2891, 15, 9, 27, '1', 80),
(2892, 34, 2, 25, '1', 70),
(2893, 36, 2, 25, '1', 70),
(2894, 38, 2, 25, '1', 70),
(2895, 17, 9, 27, '1', 75),
(2896, 31, 9, 26, 'Proyek', 85),
(2897, 31, 9, 26, 'Portofolio', 90),
(2898, 39, 2, 25, '1', 70),
(2899, 11, 9, 27, '1', 75),
(2900, 40, 2, 25, '1', 80),
(2901, 42, 2, 25, '1', 70),
(2902, 45, 2, 25, '1', 70),
(2903, 47, 2, 25, '1', 70),
(2904, 48, 2, 25, '1', 70),
(2905, 49, 2, 25, '1', 70),
(2906, 50, 2, 25, '1', 70),
(2907, 28, 4, 27, '1', 90),
(2908, 33, 9, 26, 'Proyek', 85),
(2909, 33, 9, 26, 'Portofolio', 90),
(2910, 52, 2, 25, '1', 80),
(2911, 41, 4, 27, '1', 85),
(2912, 3, 16, 25, 'Tugas 1', 80),
(2913, 3, 16, 25, 'Tugas 2', 80),
(2914, 3, 17, 25, 'tugas', 80),
(2915, 3, 17, 25, 'tugas', 80),
(2916, 4, 16, 25, 'tugas', 80),
(2917, 4, 17, 25, 'tugas', 80);

-- --------------------------------------------------------

--
-- Struktur dari tabel `attitude`
--

CREATE TABLE `attitude` (
  `id` int(10) UNSIGNED NOT NULL,
  `school_id` int(10) UNSIGNED NOT NULL,
  `name` varchar(255) NOT NULL
) ENGINE=InnoDB DEFAULT CHARSET=latin1;

--
-- Dumping data untuk tabel `attitude`
--

INSERT INTO `attitude` (`id`, `school_id`, `name`) VALUES
(2, 1, 'Sosial'),
(3, 1, 'spiritual');

-- --------------------------------------------------------

--
-- Struktur dari tabel `category`
--

CREATE TABLE `category` (
  `id` int(10) UNSIGNED NOT NULL,
  `school_id` int(10) UNSIGNED NOT NULL,
  `name` varchar(255) NOT NULL,
  `description` text NOT NULL
) ENGINE=InnoDB DEFAULT CHARSET=latin1;

--
-- Dumping data untuk tabel `category`
--

INSERT INTO `category` (`id`, `school_id`, `name`, `description`) VALUES
(1, 1, 'Kelompok A', 'Mata Pelajaran Wajib'),
(2, 1, 'Kelompok B', 'Mata Pelajaran Peminatan');

-- --------------------------------------------------------

--
-- Struktur dari tabel `classroom`
--

CREATE TABLE `classroom` (
  `id` int(10) UNSIGNED NOT NULL,
  `user_id` int(11) UNSIGNED NOT NULL,
  `school_id` int(10) UNSIGNED NOT NULL,
  `name` varchar(255) NOT NULL,
  `description` text NOT NULL
) ENGINE=InnoDB DEFAULT CHARSET=latin1;

--
-- Dumping data untuk tabel `classroom`
--

INSERT INTO `classroom` (`id`, `user_id`, `school_id`, `name`, `description`) VALUES
(1, 25, 1, 'X IPA', '-'),
(2, 28, 1, 'XI IPA', '-'),
(7, 27, 1, 'X IPS', '-'),
(8, 23, 1, 'XII IPA', '-'),
(9, 24, 1, 'XII IPS', '-'),
(10, 26, 1, 'XI IPS', '-');

-- --------------------------------------------------------

--
-- Struktur dari tabel `courses`
--

CREATE TABLE `courses` (
  `id` int(10) UNSIGNED NOT NULL,
  `school_id` int(10) UNSIGNED NOT NULL,
  `category_id` int(10) UNSIGNED NOT NULL,
  `name` varchar(255) NOT NULL,
  `description` text NOT NULL
) ENGINE=InnoDB DEFAULT CHARSET=latin1;

--
-- Dumping data untuk tabel `courses`
--

INSERT INTO `courses` (`id`, `school_id`, `category_id`, `name`, `description`) VALUES
(1, 1, 1, 'Bahasa Indonesia', 'Pelajaran Bahasa Indonesia'),
(2, 1, 1, 'Pend. Agama', 'Pelajaran Agama'),
(3, 1, 2, 'Fisika', 'Pelajaran Fisika'),
(4, 1, 1, 'PPKN', 'Pelajaran PKn'),
(5, 1, 1, 'Bahasa Inggris', '-'),
(6, 1, 1, 'Matematika Wajib', '-'),
(7, 1, 1, 'Sejarah Indonesia', '-'),
(8, 1, 1, 'Prakarya dan Kewirausahaan', '-'),
(9, 1, 1, 'PenjasOrkes', '-'),
(10, 1, 1, 'Seni Budaya', '-'),
(11, 1, 2, 'Biologi', '-'),
(12, 1, 2, 'Kimia', '-'),
(13, 1, 2, 'Matematika Peminatan', '-'),
(14, 1, 2, 'Ekonomi', '-'),
(15, 1, 2, 'Sosiologi', '-'),
(16, 1, 2, 'Geografi', '-'),
(17, 1, 2, 'Sejarah', '-');

-- --------------------------------------------------------

--
-- Struktur dari tabel `extracurricular`
--

CREATE TABLE `extracurricular` (
  `id` int(10) UNSIGNED NOT NULL,
  `school_id` int(10) UNSIGNED NOT NULL,
  `group_id` int(10) UNSIGNED NOT NULL,
  `name` varchar(255) NOT NULL
) ENGINE=InnoDB DEFAULT CHARSET=latin1;

--
-- Dumping data untuk tabel `extracurricular`
--

INSERT INTO `extracurricular` (`id`, `school_id`, `group_id`, `name`) VALUES
(1, 1, 1, 'Pramuka');

-- --------------------------------------------------------

--
-- Struktur dari tabel `extracurricular_group`
--

CREATE TABLE `extracurricular_group` (
  `id` int(10) UNSIGNED NOT NULL,
  `school_id` int(10) UNSIGNED NOT NULL,
  `name` varchar(255) NOT NULL,
  `description` text NOT NULL
) ENGINE=InnoDB DEFAULT CHARSET=latin1;

--
-- Dumping data untuk tabel `extracurricular_group`
--

INSERT INTO `extracurricular_group` (`id`, `school_id`, `name`, `description`) VALUES
(1, 1, 'Ekstrakurikuler Wajib', 'Wajib diikuti semua siswa');

-- --------------------------------------------------------

--
-- Struktur dari tabel `groups`
--

CREATE TABLE `groups` (
  `id` mediumint(8) UNSIGNED NOT NULL,
  `name` varchar(20) NOT NULL,
  `description` varchar(100) NOT NULL
) ENGINE=InnoDB DEFAULT CHARSET=utf8;

--
-- Dumping data untuk tabel `groups`
--

INSERT INTO `groups` (`id`, `name`, `description`) VALUES
(1, 'admin', 'Administrator'),
(2, 'uadmin', 'user admin'),
(3, 'school_admin', 'Admin Sekolah'),
(4, 'school_head', 'Kepala Sekolah'),
(5, 'teacher', 'User Guru');

-- --------------------------------------------------------

--
-- Struktur dari tabel `login_attempts`
--

CREATE TABLE `login_attempts` (
  `id` int(11) UNSIGNED NOT NULL,
  `ip_address` varchar(45) NOT NULL,
  `login` varchar(100) NOT NULL,
  `time` int(11) UNSIGNED DEFAULT NULL
) ENGINE=InnoDB DEFAULT CHARSET=utf8;

--
-- Dumping data untuk tabel `login_attempts`
--

INSERT INTO `login_attempts` (`id`, `ip_address`, `login`, `time`) VALUES
(16, '::1', 'smansa_morosi@gmail.com', 1581830851),
(17, '::1', 'smansa_morosi@gmail.com', 1581830913);

-- --------------------------------------------------------

--
-- Struktur dari tabel `menus`
--

CREATE TABLE `menus` (
  `id` int(10) UNSIGNED NOT NULL,
  `menu_id` int(10) UNSIGNED NOT NULL,
  `name` varchar(100) NOT NULL,
  `link` varchar(50) NOT NULL,
  `list_id` varchar(200) NOT NULL,
  `icon` varchar(50) NOT NULL,
  `status` tinyint(4) NOT NULL,
  `position` int(4) NOT NULL,
  `description` text NOT NULL
) ENGINE=InnoDB DEFAULT CHARSET=latin1;

--
-- Dumping data untuk tabel `menus`
--

INSERT INTO `menus` (`id`, `menu_id`, `name`, `link`, `list_id`, `icon`, `status`, `position`, `description`) VALUES
(113, 5, 'Beranda', 'teacher/home', 'home_index', 'home', 1, 1, '-'),
(114, 5, 'Input Penilaian', 'teacher/assessment', 'assessment_index', 'home', 1, 1, '-'),
(115, 2, 'Beranda', 'uadmin/home', 'home_index', 'home', 1, 1, '-'),
(116, 2, 'Sekolah', 'uadmin/schools', 'schools_index', 'home', 1, 1, '-'),
(117, 3, 'Beranda', 'school_admin/home', 'home_index', 'home', 1, 1, '-'),
(118, 3, 'Sekolah', 'school_admin/school', 'school_admin_school', 'home', 1, 1, '-'),
(119, 118, 'Mata Pelajaran', 'school_admin/courses', 'courses_index', 'home', 1, 1, '-'),
(120, 118, 'Kelas', 'school_admin/classroom', 'classroom_index', 'home', 1, 1, '-'),
(121, 3, 'Guru', 'school_admin/users', 'users_index', 'home', 1, 1, '-'),
(122, 118, 'Aturan Penilaian', 'school_admin/assessment', 'assessment_index', 'home', 1, 1, '-'),
(123, 118, 'Ekstrakurikuler', 'school_admin/extracurricular', 'extracurricular_index', 'home', 1, 1, '-');

-- --------------------------------------------------------

--
-- Struktur dari tabel `predicate_attitude`
--

CREATE TABLE `predicate_attitude` (
  `id` int(10) UNSIGNED NOT NULL,
  `school_id` int(10) UNSIGNED NOT NULL,
  `name` varchar(2) NOT NULL,
  `description` text NOT NULL
) ENGINE=InnoDB DEFAULT CHARSET=latin1;

--
-- Dumping data untuk tabel `predicate_attitude`
--

INSERT INTO `predicate_attitude` (`id`, `school_id`, `name`, `description`) VALUES
(3, 1, 'A', 'Sangat menerima, menjalankan, menghargai, menghayati dan mengamalkan nilai agama'),
(4, 1, 'B', 'Dapat menerima, menjalankan, menghargai, menghayati dan mengamalkan nilai agama'),
(5, 1, 'C', 'Cukup menerima, menjalankan, menghargai, menghayati dan mengamalkan nilai agama'),
(6, 1, 'D', 'Kurang menerima, menjalankan, menghargai, menghayati dan mengamalkan nilai agama');

-- --------------------------------------------------------

--
-- Struktur dari tabel `predicate_rating`
--

CREATE TABLE `predicate_rating` (
  `id` int(10) UNSIGNED NOT NULL,
  `school_id` int(10) UNSIGNED NOT NULL,
  `name` varchar(2) NOT NULL,
  `description` text NOT NULL
) ENGINE=InnoDB DEFAULT CHARSET=latin1;

--
-- Dumping data untuk tabel `predicate_rating`
--

INSERT INTO `predicate_rating` (`id`, `school_id`, `name`, `description`) VALUES
(3, 1, 'A', 'Sangat baik dan sempurna. Dapat mengingat, mengetahui, menerapkan, menganalisis, dan mengevaluasi semua kompetensi dasar.'),
(4, 1, 'B', 'Baik. Dapat mengingat, mengetahui, menerapkan, menganalis sebagian besar kompetensi dasar tetapi kurang bisa mengevaluasi dua kompetensi dasar'),
(5, 1, 'C', 'Cukup. Dapat mengingat, mengetahui sebagian kompetensi dasar,tetapi kurang bisa menerapkan, menganalisis dan mengevaluasi beberapa kompetensi dasar'),
(6, 1, 'D', 'Sangat kurang. Hanya dapat mengingat, mengetahui, menerapkan, menganalisis, dan mengeveluasi satu atau dua kompetensi dasar saja.');

-- --------------------------------------------------------

--
-- Struktur dari tabel `rating_extracurricular`
--

CREATE TABLE `rating_extracurricular` (
  `id` bigint(20) UNSIGNED NOT NULL,
  `student_id` int(10) UNSIGNED NOT NULL,
  `extracurricular_id` int(10) UNSIGNED NOT NULL,
  `name` varchar(255) NOT NULL,
  `description` text NOT NULL
) ENGINE=InnoDB DEFAULT CHARSET=latin1;

--
-- Dumping data untuk tabel `rating_extracurricular`
--

INSERT INTO `rating_extracurricular` (`id`, `student_id`, `extracurricular_id`, `name`, `description`) VALUES
(6, 3, 1, 'B', 'BAIK'),
(7, 4, 1, 'B', 'BAIK'),
(8, 5, 1, 'B', 'BAIK'),
(9, 6, 1, 'B', 'BAIK'),
(10, 7, 1, 'B', 'BAIK'),
(11, 8, 1, 'B', 'BAIK'),
(12, 9, 1, 'B', 'BAIK'),
(13, 11, 1, 'B', 'BAIK'),
(14, 10, 1, 'B', 'BAIK'),
(15, 12, 1, 'B', 'BAIK'),
(16, 13, 1, 'B', 'BAIK'),
(17, 14, 1, 'B', 'BAIK'),
(18, 16, 1, 'B', 'BAIK'),
(19, 18, 1, 'B', 'BAIK'),
(20, 15, 1, 'B', 'BAIK'),
(21, 20, 1, 'B', 'BAIK'),
(22, 21, 1, 'B', 'BAIK'),
(23, 17, 1, 'B', 'BAIK'),
(24, 22, 1, 'B', 'BAIK'),
(25, 23, 1, 'B', 'BAIK'),
(26, 24, 1, 'B', 'BAIK'),
(27, 25, 1, 'B', 'BAIK'),
(28, 26, 1, 'B', 'BAIK'),
(29, 27, 1, 'B', 'BAIK'),
(30, 28, 1, 'B', 'BAIK'),
(31, 29, 1, 'B', 'BAIK'),
(32, 31, 1, 'B', 'BAIK'),
(33, 33, 1, 'B', 'BAIK'),
(34, 30, 1, 'B', 'BAIK'),
(35, 35, 1, 'B', 'BAIK'),
(36, 37, 1, 'B', 'BAIK'),
(37, 32, 1, 'B', 'BAIK'),
(38, 41, 1, 'B', 'BAIK'),
(39, 43, 1, 'B', 'BAIK'),
(40, 34, 1, 'B', 'BAIK'),
(41, 44, 1, 'B', 'BAIK'),
(42, 46, 1, 'B', 'BAIK'),
(43, 51, 1, 'B', 'BAIK'),
(44, 36, 1, 'B', 'BAIK'),
(45, 53, 1, 'B', 'BAIK'),
(46, 58, 1, 'B', 'BAIK'),
(47, 38, 1, 'B', 'BAIK'),
(48, 61, 1, 'B', 'BAIK'),
(49, 62, 1, 'B', 'BAIK'),
(50, 39, 1, 'B', 'BAIK'),
(51, 63, 1, 'B', 'BAIK'),
(52, 65, 1, 'B', 'BAIK'),
(53, 40, 1, 'B', 'BAIK'),
(54, 66, 1, 'B', 'BAIK'),
(55, 42, 1, 'B', 'BAIK'),
(56, 68, 1, 'B', 'BAIK'),
(57, 45, 1, 'B', 'BAIK'),
(58, 144, 1, 'B', 'BAIK'),
(59, 47, 1, 'B', 'BAIK'),
(60, 48, 1, 'B', 'BAIK'),
(61, 49, 1, 'B', 'BAIK'),
(62, 50, 1, 'B', 'BAIK'),
(64, 52, 1, 'B', 'BAIK'),
(65, 54, 1, 'B', 'BAIK'),
(66, 55, 1, 'B', 'BAIK'),
(67, 57, 1, 'B', 'BAIK'),
(68, 59, 1, 'B', 'BAIK'),
(69, 60, 1, 'B', 'BAIK'),
(70, 145, 1, 'B', 'BAIK'),
(71, 146, 1, 'B', 'BAIK');

-- --------------------------------------------------------

--
-- Struktur dari tabel `rating_final`
--

CREATE TABLE `rating_final` (
  `id` bigint(20) UNSIGNED NOT NULL,
  `student_id` int(10) UNSIGNED NOT NULL,
  `course_id` int(10) UNSIGNED NOT NULL,
  `user_id` int(11) UNSIGNED NOT NULL,
  `name` varchar(255) NOT NULL,
  `value` int(11) NOT NULL
) ENGINE=InnoDB DEFAULT CHARSET=latin1;

--
-- Dumping data untuk tabel `rating_final`
--

INSERT INTO `rating_final` (`id`, `student_id`, `course_id`, `user_id`, `name`, `value`) VALUES
(3, 10, 1, 30, 'PSIKOMOTOR', 13),
(4, 3, 15, 33, 'tugas 1', 78),
(5, 12, 1, 30, 'uas', 70),
(6, 4, 15, 33, 'tugas 1', 75),
(7, 14, 1, 30, 'uas', 75),
(8, 5, 15, 33, 'tugas 1', 75),
(9, 16, 1, 30, 'uas', 71),
(10, 6, 15, 33, 'tugas 1', 75),
(11, 18, 1, 30, 'uas', 80),
(12, 7, 15, 33, 'tugas 1', 78),
(13, 20, 1, 30, 'uas', 70),
(14, 29, 4, 27, 'UAS GANJIL', 85),
(15, 8, 15, 33, 'tugas 1', 70),
(16, 21, 1, 30, 'uas', 79),
(17, 32, 4, 27, 'UAS GANJIL', 75),
(18, 22, 1, 30, 'uas', 80),
(19, 9, 1, 33, 'UAS', 75),
(20, 23, 1, 30, 'uas', 73),
(21, 25, 1, 30, 'uas', 70),
(22, 3, 1, 29, 'UAS', 70),
(23, 3, 10, 31, 'uas', 70),
(24, 13, 15, 33, 'tugas 1', 77),
(25, 27, 1, 30, 'uas', 71),
(26, 4, 10, 31, 'uas', 60),
(27, 4, 10, 31, 'uas', 60),
(28, 4, 10, 31, 'uas', 60),
(29, 28, 1, 30, 'uas', 76),
(30, 15, 15, 33, 'tugas 1', 70),
(31, 5, 10, 31, 'uas', 60),
(32, 33, 1, 30, 'uas', 70),
(33, 35, 1, 30, 'uas', 71),
(34, 37, 1, 30, 'uas', 79),
(35, 41, 1, 30, 'uas', 71),
(36, 43, 1, 30, 'uas', 70),
(37, 44, 1, 30, 'uas', 70),
(38, 46, 1, 30, 'uas', 70),
(39, 51, 1, 30, 'uas', 70),
(40, 53, 1, 30, 'uas', 71),
(41, 58, 1, 30, 'uas', 71),
(42, 61, 1, 30, 'uas', 70),
(43, 62, 1, 30, 'PSIKOMOTOR', 87),
(44, 63, 1, 30, 'uas', 75),
(45, 65, 1, 30, 'uas', 72),
(46, 66, 1, 30, 'uas', 71),
(47, 68, 1, 30, 'uas', 70),
(48, 17, 15, 33, 'tugas 1', 80),
(49, 24, 15, 33, 'tugas 1', 80),
(50, 4, 1, 29, 'UAS', 75),
(51, 26, 15, 33, 'tugas 1', 80),
(52, 69, 1, 30, 'uas', 75),
(53, 29, 15, 33, 'tugas 1', 80),
(54, 70, 1, 30, 'uas', 71),
(55, 5, 1, 29, 'UAS', 70),
(56, 71, 1, 30, 'uas', 71),
(57, 30, 15, 33, 'tugas 1', 72),
(58, 72, 1, 30, 'uas', 70),
(59, 73, 1, 30, 'uas', 70),
(60, 6, 1, 29, 'UAS', 72),
(61, 74, 1, 30, 'uas', 70),
(62, 32, 15, 33, 'tugas 1', 80),
(63, 75, 1, 30, 'uas', 71),
(64, 76, 1, 30, 'uas', 72),
(65, 34, 15, 33, 'tugas 1', 78),
(66, 6, 10, 31, 'uas', 65),
(67, 7, 1, 29, 'UAS', 70),
(68, 77, 1, 30, 'uas', 79),
(69, 8, 1, 29, 'UAS', 70),
(70, 79, 1, 30, 'uas', 75),
(71, 7, 10, 31, 'uas', 65),
(72, 80, 1, 30, 'uas', 70),
(73, 82, 1, 30, 'uas', 72),
(74, 9, 15, 33, 'tugas 1', 78),
(75, 84, 1, 30, 'uas', 75),
(76, 11, 1, 29, 'UAS', 71),
(77, 86, 1, 30, 'uas', 75),
(78, 36, 15, 33, 'tugas 1', 80),
(79, 88, 1, 30, 'uas', 72),
(80, 13, 1, 29, 'UAS', 80),
(81, 90, 1, 30, 'uas', 72),
(82, 92, 1, 30, 'uas', 70),
(83, 34, 4, 27, 'UAS GANJIL', 75),
(84, 38, 15, 33, 'tugas 1', 75),
(85, 15, 1, 29, 'UAS', 80),
(86, 36, 4, 27, 'UAS GANJIL', 85),
(87, 8, 10, 31, 'uas', 75),
(88, 96, 1, 30, 'uas', 75),
(89, 39, 15, 33, 'tugas 1', 78),
(90, 39, 4, 27, 'UAS GANJIL', 83),
(91, 94, 1, 30, 'uas', 79),
(92, 97, 1, 30, 'uas', 70),
(93, 9, 10, 31, 'uas', 70),
(94, 40, 15, 33, 'tugas 1', 81),
(95, 99, 1, 30, 'uas', 77),
(96, 11, 10, 31, 'uas', 50),
(97, 42, 15, 33, 'tugas 1', 77),
(98, 101, 1, 30, 'uas', 79),
(99, 13, 10, 31, 'uas', 70),
(100, 102, 1, 30, 'uas', 75),
(101, 45, 15, 33, 'tugas 1', 79),
(102, 3, 8, 24, 'UAS', 77),
(103, 15, 10, 31, 'uas', 70),
(104, 103, 1, 30, 'uas', 70),
(105, 17, 1, 29, 'UAS', 73),
(106, 10, 8, 25, 'UAS', 25),
(107, 12, 5, 28, 'UAS', 18),
(108, 47, 15, 33, 'tugas 1', 70),
(109, 104, 1, 30, 'uas', 70),
(110, 17, 10, 31, 'uas', 65),
(111, 4, 8, 24, 'UAS', 73),
(112, 105, 1, 30, 'uas', 75),
(113, 40, 4, 27, 'UAS GANJIL', 83),
(114, 14, 5, 28, 'UAS', 70),
(115, 48, 15, 33, 'tugas 1', 77),
(116, 24, 10, 31, 'uas', 75),
(117, 24, 1, 29, 'UAS', 75),
(118, 5, 8, 24, 'UAS', 76),
(119, 107, 1, 30, 'uas', 71),
(120, 42, 4, 27, 'UAS GANJIL', 75),
(121, 16, 5, 28, '1', 45),
(122, 12, 8, 25, 'UAS', 35),
(123, 26, 1, 29, 'UAS', 70),
(124, 49, 15, 33, 'tugas 1', 78),
(125, 18, 5, 28, '1', 65),
(126, 6, 8, 24, 'UAS', 75),
(127, 29, 1, 29, 'UAS', 70),
(128, 50, 15, 33, 'tugas 1', 75),
(129, 14, 8, 25, 'UAS', 75),
(130, 45, 4, 27, 'UAS GANJIL', 83),
(131, 26, 10, 31, 'uas', 65),
(132, 7, 8, 24, 'UAS', 78),
(133, 30, 1, 29, 'UAS', 70),
(134, 20, 5, 28, '1', 28),
(135, 29, 10, 31, 'uas', 70),
(136, 49, 4, 27, 'UTS', 75),
(137, 52, 15, 33, 'tugas 1', 76),
(138, 16, 8, 25, 'UAS', 44),
(139, 8, 8, 24, 'keterampilan', 70),
(140, 32, 1, 29, 'UAS', 75),
(141, 30, 10, 31, 'uas', 70),
(142, 50, 4, 27, 'UTS', 75),
(143, 54, 15, 33, 'tugas 1', 78),
(144, 21, 5, 28, '1', 45),
(145, 34, 1, 29, 'UAS', 71),
(146, 32, 10, 31, 'uas', 70),
(147, 18, 8, 25, 'UAS', 73),
(148, 52, 4, 27, 'UAS GANJIL', 75),
(149, 34, 10, 31, 'uas', 70),
(150, 55, 15, 33, 'tugas 1', 78),
(151, 22, 5, 28, '1', 40),
(152, 9, 8, 24, 'UAS', 70),
(153, 36, 1, 29, 'UAS', 80),
(154, 10, 5, 28, '1', 50),
(155, 57, 15, 33, 'tugas 1', 75),
(156, 38, 1, 29, 'UAS', 75),
(157, 11, 8, 24, 'UAS', 78),
(158, 36, 10, 31, 'uas', 80),
(159, 54, 4, 27, 'UAS GANJIL', 75),
(160, 23, 5, 28, '1', 38),
(161, 39, 1, 29, 'UAS', 71),
(162, 59, 15, 33, 'tugas 1', 78),
(163, 38, 10, 31, 'uas', 70),
(164, 78, 1, 30, 'uas', 0),
(165, 13, 8, 24, 'UAS', 78),
(166, 40, 1, 29, 'UAS', 80),
(167, 39, 10, 31, 'uas', 65),
(168, 55, 4, 27, 'UAS GANJIL', 83),
(169, 25, 5, 28, '1', 28),
(170, 60, 15, 33, 'tugas 1', 78),
(171, 15, 8, 24, 'UAS', 75),
(172, 20, 8, 25, 'UAS', 30),
(173, 40, 10, 31, 'uas', 75),
(174, 42, 1, 29, 'UAS', 78),
(175, 17, 8, 24, 'UAS', 77),
(176, 27, 5, 28, '1', 38),
(177, 42, 10, 31, 'uas', 80),
(178, 45, 1, 29, 'UAS', 73),
(179, 21, 8, 25, 'UAS', 75),
(180, 24, 8, 24, 'UAS', 78),
(181, 28, 5, 28, '1', 75),
(182, 47, 1, 29, 'UAS', 70),
(183, 45, 10, 31, 'uas', 80),
(184, 26, 8, 24, 'UAS', 80),
(185, 22, 8, 25, 'UAS', 38),
(186, 31, 5, 28, '1', 65),
(187, 48, 1, 29, 'UAS', 72),
(188, 47, 10, 31, 'uas', 70),
(189, 29, 8, 24, 'UAS', 83),
(190, 33, 5, 28, '1', 50),
(191, 48, 10, 31, 'uas', 75),
(192, 49, 1, 29, 'UAS', 70),
(193, 23, 8, 25, 'UAS', 35),
(194, 35, 5, 28, '1', 28),
(195, 30, 8, 24, 'UAS', 70),
(196, 70, 15, 33, 'uas', 70),
(197, 49, 10, 31, 'uas', 75),
(198, 50, 1, 29, 'UAS', 70),
(199, 50, 10, 31, 'uas', 85),
(200, 25, 8, 25, 'UAS', 35),
(201, 37, 5, 28, '1', 75),
(202, 32, 8, 24, 'UAS', 78),
(203, 52, 1, 29, 'UAS', 75),
(204, 41, 5, 28, 'praktek', 80),
(205, 71, 15, 33, 'tugas 1', 70),
(206, 52, 10, 31, 'uas', 75),
(207, 34, 8, 24, 'UAS', 70),
(208, 54, 1, 29, 'UAS', 73),
(209, 43, 5, 28, '1', 60),
(210, 54, 10, 31, 'uas', 75),
(211, 27, 8, 25, 'UAS', 28),
(212, 55, 10, 31, 'uas', 65),
(213, 46, 5, 28, '1', 43),
(214, 36, 8, 24, 'UAS', 80),
(215, 55, 1, 29, 'UAS', 73),
(216, 28, 8, 25, 'UAS', 85),
(217, 57, 10, 31, 'uas', 80),
(218, 59, 4, 27, 'UAS GANJIL', 83),
(219, 38, 8, 24, 'UAS', 75),
(220, 51, 5, 28, '1', 23),
(221, 57, 1, 29, 'UAS', 75),
(222, 73, 15, 33, '1', 70),
(223, 31, 1, 30, 'uas', 70),
(224, 59, 10, 31, 'uas', 75),
(225, 60, 4, 27, 'UAS GANJIL', 83),
(226, 31, 8, 25, 'UAS', 33),
(227, 39, 8, 24, 'UAS', 80),
(228, 60, 10, 31, 'uas', 75),
(229, 59, 1, 29, 'UAS', 80),
(230, 53, 5, 28, '1', 55),
(231, 74, 15, 33, '1', 75),
(232, 79, 4, 27, 'UAS GANJIL', 75),
(233, 60, 1, 29, 'UAS', 73),
(234, 56, 5, 28, '1', 0),
(235, 75, 15, 33, '1', 70),
(236, 40, 8, 24, 'UAS', 80),
(237, 82, 4, 27, 'UAS GANJIL', 80),
(238, 33, 8, 25, 'UAS', 33),
(239, 76, 15, 33, '1', 75),
(240, 18, 6, 36, 'UAS', 80),
(241, 82, 4, 27, 'UAS GANJIL', 80),
(242, 42, 8, 24, 'UAS', 77),
(243, 58, 5, 28, '1', 28),
(244, 45, 8, 24, 'UAS', 78),
(245, 111, 1, 29, 'UAS', 70),
(246, 77, 15, 33, '1', 75),
(247, 96, 4, 27, 'UAS GANJIL', 85),
(248, 61, 5, 28, '1', 48),
(249, 47, 8, 24, 'UAS', 77),
(250, 144, 1, 30, 'uas', 73),
(251, 10, 10, 31, 'uas', 75),
(252, 78, 15, 33, '1', 70),
(253, 48, 8, 24, 'UAS', 75),
(254, 62, 5, 28, '1', 75),
(255, 12, 10, 31, 'uas', 75),
(256, 35, 8, 25, 'MID', 75),
(257, 14, 10, 31, 'uas', 70),
(258, 77, 4, 27, 'UAS GANJIL', 75),
(259, 79, 15, 33, '1', 75),
(260, 63, 5, 28, '1', 75),
(261, 16, 10, 31, 'uas', 75),
(262, 49, 8, 24, 'UAS', 75),
(263, 37, 8, 25, 'UAS', 80),
(264, 18, 10, 31, 'uas', 70),
(265, 50, 8, 24, 'UAS', 75),
(266, 10, 6, 36, 'UAS', 20),
(267, 65, 5, 28, '1', 53),
(268, 20, 10, 31, 'uas', 65),
(269, 41, 8, 25, 'UAS', 35),
(270, 74, 4, 27, 'UAS GANJIL', 75),
(271, 66, 5, 28, '1', 48),
(272, 21, 10, 31, 'uas', 80),
(273, 52, 8, 24, 'UAS', 79),
(274, 80, 15, 33, '1', 70),
(275, 43, 8, 25, 'UAS', 35),
(276, 22, 10, 31, 'uas', 65),
(277, 68, 5, 28, '1', 53),
(278, 82, 15, 33, '1', 75),
(279, 105, 4, 27, 'UAS GANJIL', 75),
(280, 23, 10, 31, 'uas', 50),
(281, 12, 6, 36, 'UAS', 22),
(282, 54, 8, 24, 'UAS', 80),
(283, 44, 8, 25, 'UAS', 33),
(284, 144, 5, 28, '1', 75),
(285, 84, 15, 33, '1', 75),
(286, 101, 4, 27, 'UAS GANJIL', 75),
(287, 25, 10, 31, 'uas', 70),
(288, 55, 8, 24, 'UAS', 80),
(289, 86, 15, 33, '1', 78),
(290, 27, 10, 31, 'uas', 75),
(291, 46, 8, 25, 'UAS', 43),
(292, 28, 10, 31, 'uas', 70),
(293, 69, 5, 28, 'UAS', 0),
(294, 14, 6, 36, 'UAS', 80),
(295, 88, 15, 33, '1', 76),
(296, 57, 8, 24, 'UAS', 78),
(297, 51, 8, 25, 'UAS', 46),
(298, 31, 10, 31, 'uas', 30),
(299, 70, 5, 28, 'UAS', 44),
(300, 90, 15, 33, '1', 70),
(301, 33, 10, 31, 'uas', 30),
(302, 92, 15, 33, '1', 75),
(303, 59, 8, 24, 'UAS', 76),
(304, 53, 8, 25, 'UAS', 80),
(305, 71, 5, 28, 'UAS', 35),
(306, 16, 6, 36, 'UAS', 31),
(307, 60, 8, 24, 'UAS', 75),
(308, 35, 10, 31, 'uas', 65),
(309, 94, 15, 33, '1', 75),
(310, 37, 10, 31, 'uas', 70),
(311, 72, 5, 28, 'UAS', 15),
(312, 41, 10, 31, 'uas', 80),
(313, 58, 8, 25, 'UAS', 75),
(314, 43, 10, 31, 'uas', 65),
(315, 96, 15, 33, '1', 78),
(316, 73, 5, 28, 'UAS', 23),
(317, 44, 10, 31, 'uas', 65),
(318, 97, 15, 33, '1', 70),
(319, 61, 8, 25, 'UAS', 70),
(320, 99, 15, 33, '1', 70),
(322, 101, 15, 33, '1', 80),
(323, 74, 5, 28, 'UAS', 48),
(324, 62, 8, 25, 'UAS', 75),
(325, 102, 15, 33, '1', 70),
(326, 75, 5, 28, 'UAS', 75),
(327, 10, 14, 24, 'UAS', 70),
(328, 76, 5, 28, 'UAS', 75),
(329, 103, 15, 33, '1', 70),
(330, 104, 15, 33, '1', 70),
(331, 77, 5, 28, 'UAS', 75),
(332, 12, 14, 24, 'UAS', 75),
(333, 105, 15, 33, '1', 73),
(334, 78, 5, 28, 'UAS', 28),
(335, 63, 8, 25, 'UAS', 80),
(336, 3, 7, 34, '1', 70),
(337, 51, 10, 31, 'uas', 50),
(338, 79, 5, 28, 'UAS', 75),
(339, 14, 14, 24, 'UAS', 76),
(340, 65, 8, 25, 'UAS', 35),
(341, 53, 10, 31, 'uas', 75),
(342, 4, 7, 34, 'UAS GANJIL', 75),
(343, 80, 5, 28, 'UAS', 23),
(344, 56, 10, 31, 'uas', 65),
(345, 66, 8, 25, 'UAS', 46),
(346, 16, 14, 24, 'UAS', 50),
(347, 58, 10, 31, 'uas', 65),
(348, 68, 8, 25, 'UAS', 28),
(349, 61, 10, 31, 'uas', 70),
(350, 82, 5, 28, 'UAS', 35),
(351, 18, 14, 24, 'UAS', 84),
(352, 5, 7, 34, 'UAS GANJIL', 70),
(353, 62, 10, 31, 'uas', 80),
(354, 20, 6, 36, 'UAS', 27),
(355, 144, 8, 25, 'UAS', 50),
(356, 63, 10, 31, 'uas', 75),
(357, 84, 5, 28, 'UAS', 25),
(358, 20, 14, 24, 'UAS', 75),
(359, 6, 7, 34, 'UAS GANJIL', 70),
(360, 64, 10, 31, 'praktek', 60),
(361, 69, 8, 25, 'UAS', 33),
(362, 86, 5, 28, 'UAS', 75),
(363, 21, 6, 36, 'UAS', 70),
(364, 21, 14, 24, 'UAS', 80),
(365, 65, 10, 31, 'uas', 70),
(366, 70, 8, 25, 'UAS', 36),
(367, 88, 5, 28, 'UAS', 75),
(368, 7, 7, 34, 'UAS GANJIL', 70),
(369, 22, 14, 24, 'UAS', 70),
(370, 66, 10, 31, 'uas', 70),
(371, 22, 6, 36, 'UAS', 75),
(372, 71, 8, 25, 'UAS', 75),
(373, 67, 10, 31, 'uas', 50),
(374, 90, 5, 28, 'UAS', 45),
(375, 8, 7, 34, 'UAS GANJIL', 60),
(376, 23, 14, 24, 'UAS', 70),
(377, 68, 10, 31, 'uas', 30),
(378, 72, 8, 25, 'UAS', 25),
(379, 144, 10, 31, 'uas', 80),
(380, 25, 14, 24, 'UAS', 77),
(381, 92, 5, 28, 'UAS', 35),
(382, 73, 8, 25, 'UAS', 45),
(383, 94, 5, 28, 'UAS', 25),
(384, 23, 6, 36, 'UAS', 60),
(385, 69, 15, 33, '1', 75),
(386, 27, 14, 24, 'UAS', 75),
(387, 96, 5, 28, 'UAS', 70),
(388, 9, 7, 34, 'UAS GANJIL', 70),
(389, 74, 8, 25, 'UAS', 70),
(390, 72, 15, 33, '1', 70),
(391, 28, 14, 24, 'UAS', 79),
(392, 97, 5, 28, 'UAS', 15),
(393, 75, 8, 25, 'UAS', 50),
(394, 99, 5, 28, 'UAS', 40),
(395, 31, 14, 24, 'UAS', 73),
(396, 11, 7, 34, 'UAS GANJIL', 80),
(397, 101, 5, 28, 'UAS', 80),
(398, 33, 14, 24, 'UAS', 70),
(399, 76, 8, 25, 'UAS', 77),
(400, 13, 7, 34, 'UAS GANJIL', 80),
(401, 102, 5, 28, 'UAS', 50),
(402, 35, 14, 24, 'UAS', 77),
(403, 103, 5, 28, 'UAS', 35),
(404, 15, 7, 34, 'UAS GANJIL', 70),
(405, 77, 8, 25, 'UAS', 79),
(406, 37, 14, 24, 'UAS', 80),
(407, 104, 6, 28, 'UAS', 25),
(408, 25, 6, 36, 'UAS', 65),
(409, 78, 8, 25, 'UAS', 0),
(410, 105, 5, 28, 'UAS', 80),
(411, 41, 14, 24, 'UAS', 78),
(412, 107, 5, 28, 'UAS', 58),
(413, 43, 14, 24, 'UAS', 74),
(414, 24, 7, 34, 'UAS GANJIL', 85),
(415, 79, 8, 25, 'UAS', 75),
(416, 44, 14, 24, 'UAS', 73),
(417, 26, 7, 34, '1', 85),
(418, 80, 8, 25, 'UAS', 35),
(419, 29, 7, 34, '1', 75),
(420, 46, 14, 24, 'UAS', 70),
(421, 27, 6, 36, 'UAS', 55),
(422, 82, 8, 25, 'UAS', 70),
(423, 30, 7, 34, 'UAS GANJIL', 75),
(424, 51, 14, 24, 'UAS', 71),
(425, 32, 7, 34, 'UAS GANJIL', 80),
(426, 28, 6, 36, 'UAS', 90),
(427, 34, 7, 34, 'UAS GANJIL', 75),
(428, 53, 14, 24, 'UAS', 78),
(429, 86, 8, 25, 'UAS', 75),
(430, 36, 7, 34, 'UAS GANJIL', 80),
(431, 31, 6, 36, 'UAS', 60),
(432, 58, 14, 24, 'UAS', 75),
(433, 88, 8, 25, 'UAS', 70),
(434, 38, 7, 34, 'UAS GANJIL', 75),
(435, 90, 8, 25, 'UAS', 40),
(436, 39, 7, 34, '1', 80),
(437, 33, 6, 36, 'UAS', 60),
(438, 61, 14, 24, 'UAS', 80),
(440, 40, 7, 34, '1', 85),
(441, 62, 14, 24, 'UAS', 75),
(442, 42, 7, 34, '1', 80),
(443, 94, 8, 25, 'UAS', 70),
(444, 63, 14, 24, 'UAS', 79),
(445, 35, 6, 36, 'UAS', 75),
(446, 45, 7, 34, '1', 80),
(447, 65, 14, 24, 'UAS', 77),
(448, 96, 8, 25, 'UAS', 79),
(449, 47, 7, 34, '1', 70),
(450, 37, 6, 36, 'UAS', 90),
(451, 66, 14, 24, 'UAS', 70),
(452, 48, 7, 34, '1', 80),
(454, 97, 8, 25, 'UAS', 45),
(455, 145, 1, 29, 'UAS', 72),
(456, 99, 8, 25, 'UAS', 38),
(458, 146, 1, 29, 'UAS', 60),
(459, 101, 8, 25, 'UAS', 80),
(460, 41, 6, 36, 'UAS', 90),
(461, 50, 7, 34, '1', 80),
(462, 144, 14, 24, 'UAS', 74),
(463, 49, 7, 34, '1', 70),
(464, 43, 6, 36, 'UAS', 70),
(465, 102, 8, 25, 'UAS', 70),
(466, 103, 8, 25, 'UAS', 24),
(467, 104, 8, 25, 'UAS', 21),
(468, 52, 7, 34, '1', 78),
(469, 44, 6, 36, 'UAS', 60),
(470, 105, 8, 25, 'UAS', 75),
(471, 54, 7, 34, '1', 75),
(472, 107, 8, 25, 'UAS', 50),
(473, 55, 7, 34, '1', 70),
(474, 46, 6, 36, 'UAS', 85),
(475, 57, 7, 34, '1', 70),
(476, 3, 14, 25, 'UAS', 81),
(477, 59, 7, 34, '1', 75),
(478, 51, 6, 36, 'UAS', 65),
(479, 60, 7, 34, '1', 80),
(480, 145, 7, 34, '1', 70),
(481, 4, 14, 25, 'UAS', 72),
(482, 146, 7, 34, '1', 70),
(483, 53, 6, 36, 'UAS', 80),
(484, 5, 14, 25, 'UAS', 72),
(485, 69, 14, 24, 'UAS', 76),
(486, 10, 7, 34, '1', 70),
(487, 56, 6, 36, 'UAS', 0),
(488, 6, 14, 25, 'UAS', 80),
(489, 70, 14, 24, 'UAS', 73),
(490, 12, 7, 34, '1', 60),
(491, 58, 6, 36, 'UAS', 75),
(492, 7, 14, 25, 'UAS', 83),
(493, 71, 14, 24, 'UAS', 75),
(494, 14, 7, 34, '1', 70),
(495, 61, 6, 36, 'UAS', 70),
(496, 16, 7, 34, '1', 70),
(497, 72, 14, 24, 'UAS', 73),
(498, 62, 6, 36, 'UAS', 75),
(499, 8, 14, 25, 'UAS', 79),
(500, 73, 14, 24, 'UAS', 70),
(501, 63, 6, 36, 'UAS', 90),
(502, 18, 7, 34, '1', 80),
(503, 74, 14, 24, 'UAS', 78),
(504, 20, 7, 34, '1', 70),
(505, 9, 14, 25, 'UAS', 73),
(506, 75, 14, 24, 'UAS', 70),
(507, 21, 7, 34, '1', 80),
(508, 65, 6, 36, 'UAS', 80),
(509, 76, 14, 24, 'UAS', 73),
(510, 11, 14, 25, 'UAS', 71),
(511, 22, 7, 34, '1', 75),
(512, 77, 14, 24, 'UAS', 79),
(513, 23, 7, 34, '1', 70),
(514, 66, 6, 36, 'UAS', 80),
(515, 78, 14, 24, 'UAS', 70),
(516, 13, 14, 25, 'UAS', 85),
(517, 25, 7, 34, '1', 50),
(518, 79, 14, 24, 'UAS', 76),
(519, 27, 7, 34, '1', 70),
(520, 68, 6, 36, 'UAS', 70),
(521, 15, 14, 25, 'UAS', 70),
(522, 80, 14, 24, 'UAS', 73),
(523, 82, 14, 24, 'UAS', 75),
(524, 28, 7, 34, '1', 72),
(525, 17, 14, 25, 'UAS', 81),
(526, 144, 6, 36, 'UAS', 80),
(527, 31, 7, 34, '1', 70),
(528, 84, 14, 24, 'UAS', 79),
(529, 24, 14, 25, 'UAS', 74),
(530, 86, 14, 24, 'UAS', 78),
(531, 33, 7, 34, '1', 50),
(532, 26, 14, 25, 'UAS', 72),
(533, 88, 14, 24, 'UAS', 80),
(534, 35, 7, 34, '1', 60),
(535, 90, 14, 24, 'UAS', 72),
(536, 29, 14, 25, 'UAS', 71),
(537, 37, 7, 34, '1', 72),
(538, 92, 14, 24, 'UAS', 70),
(539, 41, 7, 34, '1', 75),
(540, 30, 14, 25, 'UAS', 70),
(541, 94, 14, 24, 'UAS', 78),
(542, 43, 7, 34, '1', 60),
(543, 32, 14, 25, 'UAS', 70),
(544, 96, 14, 24, 'UAS', 82),
(545, 44, 7, 34, '1', 70),
(546, 3, 5, 28, '1', 40),
(547, 34, 14, 25, 'UAS', 70),
(548, 4, 5, 28, 'UAS', 53),
(549, 46, 7, 34, '1', 60),
(550, 10, 13, 36, 'UAS', 50),
(551, 97, 14, 24, 'UAS', 70),
(552, 36, 14, 25, 'UAS', 74),
(553, 5, 5, 28, 'UAS', 30),
(554, 51, 7, 34, '1', 70),
(555, 99, 14, 24, 'UAS', 72),
(556, 53, 7, 34, '1', 72),
(557, 6, 5, 28, 'UAS', 75),
(558, 38, 14, 25, 'UAS', 70),
(559, 101, 14, 24, 'UAS', 79),
(561, 58, 7, 34, '1', 70),
(562, 39, 14, 25, 'UAS', 72),
(563, 18, 13, 36, 'UAS', 80),
(564, 102, 14, 24, 'UAS', 72),
(565, 40, 14, 25, 'UAS', 87),
(566, 61, 7, 34, '1', 70),
(567, 8, 5, 28, 'UAS', 48),
(569, 62, 7, 34, '1', 70),
(570, 42, 14, 25, 'UAS', 80),
(571, 12, 13, 36, 'UAS', 50),
(572, 9, 5, 28, 'UAS', 75),
(573, 3, 12, 26, 'UAS', 45),
(574, 4, 12, 26, 'UAS', 80),
(575, 63, 7, 34, '1', 72),
(576, 65, 7, 34, '1', 70),
(577, 66, 7, 34, '1', 70),
(578, 68, 7, 34, '1', 70),
(579, 144, 7, 34, '1', 70),
(580, 70, 17, 34, '1', 50),
(581, 5, 12, 26, 'UAS', 55),
(582, 69, 17, 34, '1', 70),
(583, 71, 17, 34, '1', 70),
(584, 72, 17, 34, '1', 60),
(585, 73, 17, 34, '1', 50),
(586, 74, 17, 34, '1', 70),
(587, 75, 17, 34, '1', 70),
(588, 76, 17, 34, '1', 75),
(589, 6, 12, 26, 'UAS', 86),
(590, 7, 12, 26, 'UAS', 55),
(591, 8, 12, 26, 'UAS', 30),
(592, 77, 17, 34, '1', 76),
(593, 78, 17, 34, '1', 70),
(594, 9, 12, 26, 'UAS', 70),
(595, 79, 17, 34, '1', 75),
(596, 3, 11, 23, 'UAS', 13),
(597, 11, 12, 26, 'UAS', 45),
(598, 80, 17, 34, '1', 50),
(599, 13, 12, 26, 'UAS', 91),
(600, 82, 17, 34, '1', 70),
(601, 4, 11, 23, 'UAS', 23),
(602, 84, 17, 34, '1', 75),
(603, 5, 11, 23, 'UAS', 15),
(604, 15, 12, 26, 'UAS', 5),
(605, 86, 17, 34, '1', 70),
(606, 17, 12, 26, 'UAS', 75),
(608, 90, 17, 34, '1', 50),
(610, 3, 3, 32, 'UAS', 71),
(612, 94, 17, 34, '1', 75),
(613, 96, 17, 34, '1', 85),
(614, 97, 17, 34, '1', 20),
(616, 26, 12, 26, 'UAS', 75),
(617, 7, 11, 23, 'UAS', 80),
(618, 4, 3, 32, 'UAS', 72),
(619, 8, 11, 23, 'UAS', 13),
(620, 29, 12, 26, 'UAS', 91),
(621, 9, 11, 23, 'UAS', 25),
(622, 9, 3, 32, 'UAS', 71),
(623, 30, 12, 26, 'UAS', 13),
(624, 11, 11, 23, 'UAS', 13),
(625, 99, 17, 34, '1', 70),
(626, 5, 3, 32, 'UAS', 75),
(627, 101, 17, 34, '1', 80),
(628, 6, 3, 32, 'UAS', 82),
(629, 13, 11, 23, 'UAS', 80),
(630, 7, 3, 32, 'uas', 78),
(631, 102, 17, 34, '1', 70),
(632, 103, 17, 34, '1', 70),
(633, 8, 3, 32, 'uas', 73),
(634, 11, 3, 32, 'uas', 73),
(635, 105, 17, 34, 'PSIKOMOTOR', 83),
(636, 107, 17, 34, 'PSIKOMOTOR', 84),
(638, 13, 3, 32, 'uas', 81),
(639, 104, 17, 34, '1', 60),
(640, 15, 3, 32, 'uas', 70),
(641, 32, 12, 26, 'UAS', 75),
(643, 34, 12, 26, 'UAS', 78),
(644, 36, 12, 26, '1', 0),
(645, 38, 12, 26, 'UAS', 23),
(646, 39, 12, 26, 'UAS', 90),
(647, 40, 12, 26, 'UAS', 90),
(648, 42, 12, 26, 'UAS', 78),
(649, 45, 12, 26, 'UAS', 86),
(650, 47, 12, 26, 'UAS', 20),
(651, 48, 12, 26, 'UAS', 40),
(652, 49, 12, 26, 'UAS', 30),
(653, 50, 12, 26, 'UAS', 60),
(654, 11, 5, 28, 'UAS', 70),
(655, 104, 14, 24, 'UAS', 70),
(656, 52, 12, 26, 'UAS', 75),
(657, 105, 14, 24, 'UAS', 75),
(658, 54, 12, 26, 'UAS', 75),
(659, 45, 14, 25, 'UAS', 70),
(660, 107, 14, 24, 'UAS', 70),
(661, 47, 14, 25, 'UAS', 75),
(662, 55, 12, 26, 'UAS', 75),
(663, 14, 13, 36, 'UAS', 80),
(664, 13, 5, 28, 'UAS', 80),
(665, 57, 12, 26, 'UAS', 80),
(666, 17, 3, 32, 'uas', 72),
(667, 16, 13, 36, 'UAS', 50),
(668, 15, 5, 28, 'UAS', 28),
(669, 48, 14, 25, 'UAS', 75),
(670, 24, 3, 32, 'uas', 77),
(671, 59, 12, 26, 'UAS', 90),
(672, 49, 14, 25, 'MID', 70),
(673, 26, 3, 32, 'uas', 78),
(674, 17, 5, 28, 'UAS', 75),
(675, 146, 8, 24, 'UAS', 60),
(676, 29, 3, 32, 'uas', 75),
(677, 17, 11, 23, 'uas', 80),
(678, 20, 13, 36, 'UAS', 50),
(679, 50, 14, 25, 'UAS', 75),
(680, 60, 12, 26, 'UAS', 63),
(681, 30, 3, 32, 'uas', 73),
(682, 24, 5, 28, 'UAS', 80),
(683, 32, 3, 32, 'uas', 75),
(684, 21, 13, 36, 'UAS', 75),
(685, 52, 14, 25, 'UAS', 73),
(686, 34, 3, 32, 'uas', 79),
(687, 145, 8, 24, 'UAS', 80),
(688, 145, 12, 26, 'UAS', 75),
(689, 26, 5, 28, 'UAS', 75),
(690, 36, 3, 32, 'uas', 80),
(691, 54, 14, 25, 'UAS', 78),
(692, 125, 8, 24, 'UAS', 75),
(693, 146, 12, 26, 'UAS', 10),
(694, 29, 5, 28, 'UAS', 80),
(695, 38, 3, 32, 'uas', 78),
(696, 24, 11, 23, 'uas', 80),
(697, 39, 3, 32, 'uas', 76),
(698, 30, 5, 28, 'UAS', 15),
(699, 55, 14, 25, 'UAS', 80),
(700, 32, 5, 28, 'UAS', 70),
(701, 40, 3, 32, 'uas', 82),
(702, 111, 12, 26, 'UAS', 53),
(703, 22, 13, 36, 'UAS', 60),
(704, 42, 3, 32, 'uas', 71),
(705, 57, 14, 25, 'UAS', 75),
(706, 45, 3, 32, 'uas', 75),
(707, 26, 11, 23, 'uas', 13),
(708, 112, 12, 26, 'UAS', 38),
(709, 47, 3, 32, 'uas', 71),
(710, 23, 13, 36, 'UAS', 50),
(711, 34, 5, 28, 'UAS', 70),
(712, 59, 14, 25, 'UAS', 77),
(713, 48, 3, 32, 'uas', 76),
(714, 36, 5, 28, 'UAS', 75),
(715, 49, 3, 32, 'uas', 77),
(716, 25, 13, 36, 'UAS', 50),
(717, 60, 14, 25, 'UAS', 70),
(718, 38, 5, 28, 'UAS', 28),
(719, 50, 3, 32, 'uas', 78),
(720, 145, 14, 25, 'UAS', 35),
(721, 27, 13, 36, 'UAS', 50),
(722, 146, 14, 25, 'UAS', 33),
(723, 52, 3, 32, 'uas', 73),
(724, 29, 11, 23, 'uas', 80),
(725, 54, 3, 32, 'uas', 74),
(726, 28, 13, 36, 'UAS', 80),
(727, 55, 3, 32, 'uas', 76),
(728, 31, 13, 36, 'UAS', 50),
(729, 113, 12, 26, 'UAS', 50),
(730, 39, 5, 28, 'UAS', 80),
(731, 33, 13, 36, 'UAS', 50),
(732, 145, 3, 32, 'uas', 35),
(733, 114, 12, 26, 'UAS', 50),
(734, 40, 5, 28, 'UAS', 80),
(735, 57, 3, 32, 'uas', 72),
(736, 35, 13, 36, 'UAS', 80),
(737, 42, 5, 28, 'UAS', 80),
(738, 59, 3, 32, 'uas', 83),
(739, 115, 12, 26, 'UAS', 40),
(740, 60, 3, 32, 'uas', 79),
(741, 45, 5, 28, 'UAS', 75),
(742, 69, 10, 31, 'uas', 70),
(743, 37, 13, 36, 'UAS', 80),
(744, 116, 12, 26, 'UAS', 80),
(745, 146, 3, 32, 'uas', 35),
(746, 30, 11, 23, 'uas', 10),
(747, 47, 5, 28, 'UAS', 10),
(748, 70, 7, 34, '1', 50),
(749, 41, 13, 36, 'UAS', 80),
(750, 71, 10, 31, 'uas', 60),
(751, 69, 7, 34, '1', 70),
(752, 117, 12, 26, 'UAS', 25),
(753, 48, 5, 28, 'UAS', 30),
(754, 10, 11, 23, 'UAS', 13),
(755, 10, 3, 32, 'uas', 50),
(756, 71, 7, 34, '1', 75),
(757, 84, 8, 25, 'UAS', 70),
(758, 43, 13, 36, 'UAS', 50),
(759, 72, 7, 34, '1', 50),
(760, 49, 5, 28, 'UAS', 23),
(761, 32, 11, 23, 'uas', 20),
(762, 78, 7, 34, '1', 72),
(763, 72, 10, 31, 'uas', 70),
(764, 50, 5, 28, 'UAS', 80),
(765, 97, 7, 34, '1', 30),
(766, 12, 11, 23, 'UAS', 14),
(767, 44, 13, 36, 'UAS', 56),
(768, 12, 3, 32, 'uas', 67),
(769, 73, 7, 34, '1', 55),
(770, 14, 3, 32, 'uas', 76),
(771, 52, 5, 28, 'UAS', 80),
(772, 34, 11, 23, 'uas', 80),
(773, 79, 7, 34, '1', 80),
(774, 73, 10, 31, 'uas', 65),
(775, 46, 13, 36, 'UAS', 70),
(776, 118, 12, 26, 'UAS', 80),
(777, 54, 5, 28, 'UAS', 75),
(778, 75, 7, 34, '1', 70),
(779, 14, 11, 23, 'UAS', 39),
(780, 16, 3, 32, 'uas', 65),
(781, 74, 10, 31, 'uas', 60),
(782, 76, 7, 34, '1', 73),
(783, 55, 5, 28, 'UAS', 75),
(784, 51, 13, 36, 'UAS', 75),
(785, 75, 10, 31, 'uas', 45),
(786, 18, 3, 32, 'uas', 86),
(787, 119, 12, 26, 'UAS', 20),
(788, 36, 11, 23, 'uas', 80),
(789, 80, 7, 34, '1', 50),
(790, 16, 11, 23, 'UAS', 12),
(791, 76, 10, 31, 'uas', 80),
(792, 20, 3, 32, 'uas', 72),
(793, 53, 13, 36, 'UAS', 70),
(794, 82, 7, 34, '1', 75),
(795, 57, 5, 28, 'UAS', 70),
(796, 21, 3, 32, 'uas', 80),
(797, 77, 10, 31, 'uas', 80),
(798, 120, 12, 26, 'UAS', 40),
(799, 84, 7, 34, '1', 75),
(800, 18, 11, 23, 'UAS', 36),
(801, 56, 13, 36, 'UAS', 60),
(802, 38, 11, 23, 'uas', 10),
(803, 78, 10, 31, 'uas', 65),
(804, 86, 7, 34, '1', 75),
(805, 59, 5, 28, 'UAS', 80),
(806, 22, 3, 32, 'uas', 75),
(807, 58, 13, 36, 'UAS', 60),
(808, 20, 11, 23, 'UAS', 14),
(809, 79, 10, 31, 'uas', 75),
(810, 60, 5, 28, 'UAS', 75),
(811, 88, 7, 34, '1', 72),
(812, 23, 3, 32, 'uas', 61),
(813, 121, 12, 26, 'UAS', 18),
(814, 61, 13, 36, 'UAS', 80),
(815, 80, 10, 31, 'uas', 45),
(816, 145, 5, 28, 'UAS', 70),
(817, 25, 3, 32, 'uas', 56),
(818, 102, 7, 34, '1', 70),
(819, 146, 5, 28, 'UAS', 23),
(820, 21, 11, 23, 'UAS', 28),
(821, 62, 13, 36, 'UAS', 70),
(822, 82, 10, 31, 'uas', 75),
(823, 84, 10, 31, 'uas', 75),
(824, 39, 11, 23, 'uas', 80),
(825, 63, 13, 36, 'UAS', 80),
(826, 92, 7, 34, '1', 50),
(827, 22, 11, 23, 'UAS', 11),
(828, 86, 10, 31, 'uas', 80),
(829, 65, 13, 36, 'UAS', 78),
(830, 88, 10, 31, 'uas', 75),
(831, 94, 7, 34, '1', 72),
(832, 23, 11, 23, 'UAS', 13),
(833, 40, 11, 23, 'uas', 80),
(834, 90, 10, 31, 'uas', 60),
(835, 66, 13, 36, 'UAS', 75),
(836, 96, 7, 34, '1', 85),
(837, 25, 11, 23, 'UAS', 25),
(838, 92, 10, 31, 'uas', 45),
(839, 68, 13, 36, 'UAS', 50),
(840, 99, 7, 34, '1', 60),
(841, 94, 10, 31, 'uas', 75),
(842, 90, 7, 34, '1', 60),
(843, 42, 11, 23, 'uas', 13),
(844, 27, 3, 32, 'uas', 74),
(845, 144, 13, 36, 'UAS', 50),
(846, 27, 11, 23, 'UAS', 14),
(847, 96, 10, 31, 'uas', 80),
(848, 77, 7, 34, '1', 73),
(849, 28, 3, 32, 'uas', 86),
(850, 74, 7, 34, '1', 70),
(851, 45, 11, 23, 'uas', 80),
(852, 97, 10, 31, 'uas', 60),
(853, 28, 11, 23, 'UAS', 80),
(854, 101, 7, 34, '1', 80),
(855, 31, 3, 32, 'uas', 68),
(856, 47, 11, 23, 'uas', 8),
(857, 33, 3, 32, 'uas', 66),
(858, 99, 10, 31, 'uas', 60),
(859, 31, 11, 23, 'UAS', 20),
(860, 101, 10, 31, 'uas', 75),
(861, 35, 3, 32, 'uas', 66),
(862, 104, 7, 34, '1', 60),
(863, 102, 10, 31, 'uas', 75),
(864, 37, 3, 32, 'uas', 86),
(865, 33, 11, 23, 'UAS', 14),
(866, 103, 10, 31, 'uas', 70),
(867, 41, 3, 32, 'uas', 65),
(868, 104, 10, 31, 'uas', 45),
(869, 43, 3, 32, 'uas', 66),
(870, 103, 7, 34, '1', 60),
(871, 35, 11, 23, 'UAS', 3),
(872, 105, 10, 31, 'uas', 70),
(873, 105, 7, 34, '1', 70),
(874, 107, 10, 31, 'uas', 60),
(875, 107, 7, 34, '1', 60),
(876, 48, 11, 23, 'uas', 6),
(877, 44, 3, 32, 'uas', 66),
(878, 37, 11, 23, 'UAS', 44),
(879, 46, 3, 32, 'uas', 64),
(880, 51, 3, 32, 'uas', 65),
(881, 69, 11, 23, 'UAS', 19),
(882, 53, 3, 32, 'uas', 67),
(883, 41, 11, 23, 'UAS', 80),
(884, 56, 3, 32, 'uas', 64),
(885, 58, 3, 32, 'uas', 71),
(886, 43, 11, 23, 'UAS', 1),
(887, 61, 3, 32, 'uas', 83),
(888, 70, 11, 23, 'UAS', 18),
(889, 62, 3, 32, 'uas', 78),
(890, 44, 11, 23, 'UAS', 17),
(891, 71, 11, 23, 'UAS', 18),
(892, 63, 3, 32, 'uas', 85),
(893, 65, 3, 32, 'uas', 82),
(894, 46, 11, 23, 'UAS', 15),
(895, 72, 11, 23, 'UAS', 4),
(896, 51, 11, 23, 'UAS', 70),
(897, 73, 11, 23, 'UAS', 10),
(898, 145, 10, 31, 'uas', 65),
(899, 74, 11, 23, 'UAS', 8),
(900, 146, 10, 31, 'uas', 65),
(901, 53, 11, 23, 'UAS', 11),
(902, 66, 2, 38, '1', 80),
(903, 3, 6, 25, 'UAS', 68),
(904, 75, 11, 23, 'UAS', 13),
(905, 49, 11, 23, 'uas', 5),
(906, 18, 2, 38, '1', 75),
(907, 4, 6, 25, 'UAS', 67),
(908, 76, 11, 23, 'UAS', 80),
(909, 35, 2, 38, '1', 75),
(910, 5, 6, 25, 'UAS', 67),
(911, 56, 11, 23, 'UAS', 15),
(912, 6, 6, 25, 'UAS', 68),
(913, 77, 11, 23, 'UAS', 80),
(914, 16, 2, 38, '1', 70),
(915, 67, 3, 32, 'uas', 0),
(916, 7, 6, 25, 'UAS', 69),
(917, 51, 2, 38, '1', 70),
(918, 22, 2, 38, '1', 75),
(919, 61, 11, 23, 'UAS', 80),
(920, 68, 3, 32, 'uas', 29),
(921, 78, 11, 23, 'UAS', 13),
(922, 8, 6, 25, 'UAS', 69),
(923, 28, 2, 38, '1', 80),
(924, 144, 3, 32, 'uas', 73),
(925, 79, 11, 23, 'UAS', 80),
(926, 63, 2, 38, '1', 70),
(927, 9, 6, 25, 'UAS', 67),
(928, 50, 11, 23, 'uas', 80),
(929, 62, 11, 23, 'UAS', 85),
(930, 11, 6, 25, 'UAS', 68),
(931, 46, 10, 31, 'uas', 50),
(932, 80, 11, 23, 'UAS', 10),
(933, 69, 2, 38, '1', 78),
(934, 61, 2, 38, '1', 70),
(935, 13, 6, 25, 'UAS', 72),
(936, 70, 2, 38, '1', 64),
(937, 63, 11, 23, 'UAS', 80),
(938, 65, 2, 38, '1', 75),
(939, 82, 11, 23, 'UAS', 25),
(940, 15, 6, 25, 'UAS', 65),
(941, 21, 2, 38, '1', 75),
(942, 17, 6, 25, 'UAS', 70),
(943, 84, 11, 23, 'UAS', 11),
(944, 71, 2, 38, '1', 70),
(945, 24, 6, 25, 'UAS', 70),
(946, 68, 2, 38, '1', 70),
(947, 52, 11, 23, 'uas', 80),
(948, 86, 11, 23, 'UAS', 80),
(949, 26, 6, 25, 'UAS', 70),
(950, 37, 2, 38, '1', 85),
(951, 72, 2, 38, '1', 51),
(952, 65, 11, 23, 'UAS', 13),
(953, 23, 2, 38, '1', 70),
(954, 54, 11, 23, 'uas', 80),
(955, 73, 2, 38, '1', 51),
(956, 88, 11, 23, 'UAS', 20),
(957, 29, 6, 25, 'UAS', 75),
(958, 74, 2, 38, '1', 65),
(959, 30, 6, 25, 'UAS', 66),
(960, 66, 11, 23, 'UAS', 10),
(961, 75, 2, 38, '1', 58),
(962, 90, 11, 23, 'UAS', 16),
(963, 32, 6, 25, 'UAS', 68),
(964, 55, 11, 23, 'uas', 80),
(965, 76, 2, 38, '1', 73),
(966, 46, 2, 38, '1', 72),
(967, 34, 6, 25, 'UAS', 68),
(968, 92, 11, 23, 'UAS', 10),
(969, 77, 2, 38, '1', 75),
(970, 31, 2, 38, '1', 70),
(971, 68, 11, 23, 'UAS', 10),
(972, 57, 11, 23, 'uas', 23),
(973, 78, 2, 38, '1', 50),
(974, 36, 6, 25, 'UAS', 74),
(975, 33, 2, 38, '1', 60),
(976, 94, 11, 23, 'UAS', 9),
(977, 79, 2, 38, '1', 60),
(978, 38, 6, 25, 'UAS', 68),
(979, 41, 2, 38, '1', 50),
(980, 59, 11, 23, 'uas', 80),
(981, 80, 2, 38, '1', 50),
(982, 96, 11, 23, 'UAS', 80),
(983, 53, 2, 38, '1', 55),
(984, 82, 2, 38, '1', 50),
(985, 39, 6, 25, 'UAS', 72),
(986, 84, 2, 38, '1', 50),
(987, 60, 11, 23, 'uas', 80),
(988, 40, 6, 25, 'UAS', 73),
(989, 86, 2, 38, '1', 85),
(990, 97, 11, 23, 'UAS', 0),
(991, 145, 11, 23, 'uas', 80),
(992, 42, 6, 25, 'UAS', 70),
(993, 88, 2, 38, '1', 58),
(994, 144, 11, 23, 'UAS', 33),
(995, 45, 6, 25, 'UAS', 72),
(996, 90, 2, 38, '1', 89),
(997, 27, 2, 38, '1', 55),
(998, 92, 2, 38, '1', 51),
(999, 47, 6, 25, 'UAS', 68),
(1000, 14, 2, 38, '1', 70),
(1001, 94, 2, 38, '1', 54),
(1002, 99, 11, 23, 'UAS', 18),
(1003, 48, 6, 25, 'UAS', 66),
(1004, 96, 2, 38, '1', 62),
(1005, 101, 11, 23, 'UAS', 80),
(1006, 97, 2, 38, '1', 50),
(1007, 99, 2, 38, '1', 54),
(1008, 102, 11, 23, 'UAS', 30),
(1009, 62, 2, 38, '1', 50),
(1010, 101, 2, 38, '1', 58),
(1011, 49, 6, 25, 'UAS', 69),
(1012, 58, 2, 38, '1', 60),
(1013, 103, 11, 23, 'UAS', 11),
(1014, 102, 2, 38, '1', 72),
(1015, 50, 6, 25, 'UAS', 70),
(1016, 103, 2, 38, '1', 50),
(1017, 144, 2, 38, '1', 75),
(1018, 104, 11, 23, 'UAS', 8),
(1019, 104, 2, 38, '1', 52),
(1020, 122, 12, 26, 'UAS', 77),
(1021, 52, 6, 25, 'UAS', 70),
(1022, 44, 2, 38, '1', 51),
(1023, 3, 13, 37, 'UAS', 70),
(1024, 105, 2, 38, '1', 67),
(1025, 105, 11, 23, 'UAS', 80),
(1026, 54, 6, 25, 'UAS', 69),
(1027, 107, 2, 38, '1', 88),
(1028, 20, 2, 38, '1', 28),
(1029, 107, 11, 23, 'UAS', 14),
(1030, 55, 6, 25, 'UAS', 70),
(1031, 4, 13, 37, 'UAS', 70),
(1032, 69, 16, 23, 'uas', 10),
(1033, 43, 2, 38, '1', 29),
(1034, 57, 6, 25, 'UAS', 68),
(1035, 5, 13, 37, 'UAS', 70),
(1036, 59, 6, 25, 'UAS', 70),
(1037, 70, 16, 23, 'uas', 5),
(1038, 3, 4, 27, '1', 51),
(1039, 60, 6, 25, 'UAS', 68),
(1040, 10, 12, 26, '1', 22),
(1041, 71, 16, 23, 'uas', 76),
(1042, 4, 4, 27, '1', 64),
(1043, 145, 6, 25, 'UAS', 69),
(1044, 12, 12, 26, '1', 26),
(1045, 5, 4, 27, '1', 43),
(1046, 72, 16, 23, 'uas', 18),
(1047, 14, 12, 26, '1', 23),
(1048, 6, 13, 37, 'UAS', 70),
(1049, 6, 4, 27, '1', 63),
(1050, 16, 12, 26, '1', 26),
(1051, 18, 12, 26, '1', 46),
(1052, 7, 4, 27, '1', 55),
(1053, 8, 4, 27, '1', 48),
(1054, 7, 13, 37, 'UAS', 70),
(1055, 9, 4, 27, '1', 49),
(1056, 20, 12, 26, '1', 23),
(1057, 8, 13, 37, 'UAS', 70),
(1058, 9, 13, 37, 'UAS', 70),
(1059, 123, 12, 26, 'UAS', 60),
(1060, 13, 4, 27, '1', 77),
(1061, 21, 12, 26, '1', 50),
(1062, 11, 13, 37, 'UAS', 70),
(1063, 22, 12, 26, '1', 26),
(1064, 13, 13, 37, 'UAS', 75),
(1065, 15, 4, 27, '1', 28),
(1066, 15, 13, 37, 'UAS', 70),
(1067, 17, 4, 27, '1', 75),
(1068, 124, 12, 26, 'UAS', 25),
(1069, 17, 13, 37, 'UAS', 70),
(1070, 73, 16, 23, 'uas', 70),
(1071, 11, 4, 27, '1', 63),
(1072, 24, 13, 37, 'UAS', 74),
(1073, 26, 13, 37, 'UAS', 70),
(1074, 125, 12, 26, 'UAS', 25),
(1075, 29, 13, 37, 'UAS', 85),
(1076, 23, 12, 26, '1', 24),
(1077, 24, 4, 27, '1', 75),
(1078, 30, 13, 37, 'UAS', 70),
(1079, 25, 12, 26, '1', 13),
(1080, 74, 16, 23, 'UAS', 70),
(1081, 30, 4, 27, '1', 49),
(1082, 32, 13, 37, 'UAS', 70),
(1083, 27, 12, 26, '1', 47),
(1084, 126, 12, 26, 'UAS', 0),
(1085, 34, 13, 37, 'UAS', 70),
(1086, 38, 4, 27, '1', 50),
(1087, 28, 12, 26, '1', 95),
(1088, 36, 13, 37, 'UAS', 70),
(1089, 75, 16, 23, 'UAS', 25),
(1090, 47, 4, 27, '1', 55),
(1091, 127, 12, 26, 'UAS', 25),
(1092, 38, 13, 37, 'UAS', 70),
(1093, 31, 12, 26, '1', 35),
(1094, 48, 4, 27, '1', 33),
(1095, 33, 12, 26, '1', 13),
(1096, 128, 12, 26, 'UAS', 43),
(1097, 39, 13, 37, 'UAS', 78),
(1098, 76, 16, 23, 'UAS', 72),
(1099, 35, 12, 26, '1', 23),
(1100, 40, 13, 37, 'UAS', 76),
(1101, 57, 4, 27, '1', 44),
(1102, 37, 12, 26, '1', 61),
(1103, 145, 4, 27, '1', 29),
(1104, 42, 13, 37, 'UAS', 70),
(1105, 129, 12, 26, 'UAS', 43),
(1106, 77, 16, 23, 'UAS', 75),
(1107, 146, 4, 27, '1', 50),
(1108, 41, 12, 26, '1', 90),
(1109, 45, 13, 37, 'UAS', 75),
(1110, 78, 16, 23, 'UAS', 8),
(1111, 43, 12, 26, '1', 20),
(1112, 130, 12, 26, 'UAS', 80),
(1113, 44, 12, 26, '1', 8),
(1115, 69, 4, 27, '1', 52),
(1116, 71, 4, 27, '1', 56),
(1117, 79, 16, 23, 'UAS', 72),
(1118, 72, 4, 27, '1', 32),
(1119, 131, 12, 26, 'UAS', 43),
(1120, 78, 4, 27, '1', 0),
(1121, 47, 13, 37, 'UAS', 70),
(1122, 48, 13, 37, 'UAS', 70),
(1123, 97, 4, 27, '1', 37),
(1124, 49, 13, 25, 'UAS', 70),
(1125, 80, 16, 23, 'UAS', 13),
(1126, 132, 12, 26, 'UAS', 28),
(1127, 50, 13, 37, 'UAS', 70),
(1128, 73, 4, 27, '1', 45),
(1129, 52, 13, 25, 'UAS', 70),
(1130, 54, 13, 37, 'UAS', 70),
(1131, 55, 13, 25, 'UAS', 70),
(1132, 57, 13, 37, 'UAS', 70),
(1133, 75, 4, 27, '1', 64),
(1134, 82, 16, 23, 'UAS', 72),
(1135, 133, 12, 26, 'UAS', 38),
(1136, 60, 13, 37, 'UAS', 70),
(1137, 59, 13, 25, 'UAS', 70),
(1138, 80, 4, 27, '1', 55),
(1139, 145, 13, 37, 'UAS', 70),
(1140, 84, 4, 27, '1', 37),
(1141, 84, 16, 23, 'UAS', 72),
(1142, 88, 4, 27, '1', 80),
(1143, 46, 12, 26, 'UAS', 29),
(1144, 86, 16, 23, 'UAS', 70),
(1145, 92, 4, 27, '1', 37),
(1146, 94, 4, 27, '1', 85),
(1147, 88, 16, 23, 'UAS', 60),
(1148, 51, 12, 26, 'UAS', 35),
(1149, 90, 4, 27, '1', 10),
(1150, 90, 16, 23, 'UAS', 70),
(1151, 99, 4, 27, '1', 44),
(1152, 53, 12, 26, 'UAS', 38),
(1153, 70, 4, 27, '1', 41),
(1154, 94, 16, 23, 'UAS', 70),
(1155, 56, 12, 26, 'UAS', 0),
(1156, 102, 4, 27, '1', 80),
(1157, 96, 16, 23, 'UAS', 74),
(1158, 104, 4, 27, '1', 87),
(1159, 58, 12, 26, 'UAS', 21),
(1160, 103, 4, 27, '1', 20),
(1161, 10, 4, 27, '1', 44),
(1162, 97, 16, 23, 'UAS', 10),
(1163, 12, 4, 27, '1', 49),
(1164, 61, 12, 26, 'UAS', 40),
(1165, 14, 4, 27, '1', 80),
(1166, 99, 16, 23, 'UAS', 15),
(1167, 16, 4, 27, '1', 44),
(1168, 62, 12, 26, 'UAS', 30),
(1169, 18, 4, 27, '1', 82),
(1170, 20, 4, 27, '1', 19),
(1171, 21, 4, 27, '1', 61),
(1172, 63, 12, 26, 'UAS', 90),
(1173, 22, 4, 27, '1', 32),
(1174, 23, 4, 27, '1', 32),
(1175, 65, 12, 26, 'UAS', 45),
(1176, 27, 4, 27, '1', 32),
(1177, 101, 16, 23, 'UAS', 76),
(1178, 31, 4, 27, '1', 33),
(1179, 33, 4, 27, '1', 48),
(1180, 66, 12, 26, 'UAS', 21),
(1181, 35, 4, 27, '1', 31),
(1182, 102, 16, 23, 'UAS', 73),
(1183, 37, 4, 27, '1', 64),
(1184, 144, 12, 26, 'UAS', 41),
(1185, 43, 4, 27, '1', 35),
(1186, 103, 16, 23, 'UAS', 13),
(1187, 44, 4, 27, '1', 36),
(1188, 46, 4, 27, '1', 55),
(1189, 10, 9, 26, 'UAS', 82),
(1190, 104, 16, 23, 'UAS', 70),
(1191, 51, 4, 27, '1', 39),
(1192, 12, 9, 26, 'UAS', 83),
(1193, 53, 4, 27, '1', 40),
(1194, 56, 4, 27, '1', 0),
(1195, 14, 9, 26, 'UAS', 83),
(1196, 58, 4, 27, '1', 40),
(1197, 105, 16, 23, 'UAS', 70),
(1198, 61, 4, 27, '1', 40),
(1199, 62, 4, 27, '1', 0),
(1200, 16, 9, 26, 'UAS', 0),
(1201, 65, 4, 27, '1', 40),
(1202, 25, 4, 27, '1', 34),
(1203, 144, 4, 27, '1', 67),
(1204, 68, 4, 27, '1', 31),
(1205, 66, 4, 27, '1', 34),
(1206, 107, 4, 27, '1', 80),
(1207, 18, 9, 26, 'UAS', 90),
(1208, 20, 9, 26, 'UAS', 83),
(1209, 21, 9, 26, 'UAS', 90),
(1210, 22, 9, 26, 'UAS', 85),
(1211, 17, 7, 34, '1', 80),
(1212, 24, 12, 26, 'UAS', 80),
(1213, 3, 9, 27, '1', 80),
(1214, 107, 5, 28, 'UAS', 70),
(1215, 4, 9, 27, '1', 80),
(1216, 23, 9, 26, 'UAS', 85),
(1217, 3, 2, 25, 'UAS', 70),
(1218, 5, 9, 27, '1', 80),
(1219, 4, 2, 25, 'UAS', 70),
(1220, 25, 9, 26, 'UAS', 83),
(1221, 6, 9, 27, '1', 75),
(1222, 5, 2, 25, 'UAS', 70),
(1223, 6, 2, 25, 'UAS', 70),
(1224, 27, 9, 26, 'UAS', 84),
(1225, 7, 2, 25, 'UAS', 70),
(1226, 10, 2, 28, '1', 0),
(1227, 8, 2, 25, 'UAS', 70),
(1228, 9, 2, 25, 'UAS', 70),
(1229, 11, 2, 25, 'UAS', 70),
(1230, 28, 9, 26, 'UAS', 85),
(1231, 13, 2, 25, 'UAS', 70),
(1232, 15, 2, 25, 'UAS', 70),
(1233, 7, 9, 27, '1', 75),
(1234, 17, 2, 25, 'UAS', 70),
(1235, 8, 9, 27, '1', 80),
(1236, 24, 2, 25, 'UAS', 80),
(1237, 26, 2, 25, 'UAS', 70),
(1238, 9, 9, 27, '1', 70),
(1239, 29, 2, 25, 'UAS', 70),
(1240, 30, 2, 25, 'UAS', 70),
(1241, 13, 9, 27, '1', 80),
(1242, 32, 2, 25, 'UAS', 70),
(1243, 34, 2, 25, 'UAS', 70),
(1244, 15, 9, 27, '1', 80),
(1245, 36, 2, 25, 'UAS', 70),
(1246, 38, 2, 25, 'UAS', 70),
(1247, 17, 9, 27, '1', 75),
(1248, 39, 2, 25, 'UAS', 70),
(1249, 31, 9, 26, 'UAS', 85),
(1250, 40, 2, 25, 'UAS', 80),
(1251, 42, 2, 25, '1', 70),
(1252, 45, 2, 25, 'UAS', 70),
(1253, 47, 2, 25, 'UAS', 70),
(1254, 48, 2, 25, 'UAS', 70),
(1255, 11, 9, 27, '1', 75),
(1256, 49, 2, 25, 'UAS', 70),
(1257, 50, 2, 25, 'UAS', 70),
(1258, 28, 4, 27, '1', 90),
(1259, 52, 2, 25, 'MID', 80),
(1260, 3, 16, 25, 'uas', 80),
(1261, 3, 17, 25, 'uas', 80),
(1262, 4, 16, 25, 'uas', 80);

-- --------------------------------------------------------

--
-- Struktur dari tabel `rating_formula`
--

CREATE TABLE `rating_formula` (
  `id` int(10) UNSIGNED NOT NULL,
  `school_id` int(10) UNSIGNED NOT NULL,
  `name` varchar(255) NOT NULL,
  `value` int(3) NOT NULL
) ENGINE=InnoDB DEFAULT CHARSET=latin1;

--
-- Dumping data untuk tabel `rating_formula`
--

INSERT INTO `rating_formula` (`id`, `school_id`, `name`, `value`) VALUES
(2, 1, 'assignment', 2),
(3, 1, 'test', 1),
(4, 1, 'mid', 1),
(5, 1, 'final', 1);

-- --------------------------------------------------------

--
-- Struktur dari tabel `rating_mid`
--

CREATE TABLE `rating_mid` (
  `id` int(10) UNSIGNED NOT NULL,
  `student_id` int(10) UNSIGNED NOT NULL,
  `course_id` int(10) UNSIGNED NOT NULL,
  `user_id` int(11) UNSIGNED NOT NULL,
  `name` varchar(255) NOT NULL,
  `value` int(11) NOT NULL
) ENGINE=InnoDB DEFAULT CHARSET=latin1;

--
-- Dumping data untuk tabel `rating_mid`
--

INSERT INTO `rating_mid` (`id`, `student_id`, `course_id`, `user_id`, `name`, `value`) VALUES
(3, 10, 1, 30, 'mid', 70),
(4, 3, 15, 33, 'tugas 1', 75),
(6, 12, 1, 30, 'mid', 70),
(7, 4, 15, 33, 'tugas 1', 75),
(9, 14, 1, 30, 'mid', 72),
(10, 5, 15, 33, 'tugas 1', 72),
(12, 3, 4, 27, '1', 51),
(13, 16, 1, 30, 'mid', 71),
(14, 6, 15, 33, 'tugas 1', 77),
(16, 26, 4, 31, 'UTS', 80),
(17, 18, 1, 30, 'uts', 79),
(18, 7, 15, 33, 'tugas 1', 77),
(20, 20, 1, 30, 'uts', 70),
(21, 29, 4, 27, 'UTS', 80),
(22, 8, 15, 33, 'tugas 1', 72),
(24, 21, 1, 30, 'mid', 75),
(25, 32, 4, 27, 'UTS', 75),
(26, 22, 1, 30, 'mid', 79),
(28, 9, 1, 33, 'Mid', 70),
(29, 23, 1, 30, 'mid', 71),
(30, 11, 15, 33, 'tugas 1', 75),
(31, 3, 1, 29, 'Mid', 70),
(32, 25, 1, 30, 'mid', 70),
(33, 3, 10, 31, 'uts 1', 45),
(34, 27, 1, 30, 'mid', 71),
(35, 13, 15, 33, 'tugas 1', 75),
(37, 4, 10, 31, 'uts', 70),
(38, 28, 1, 30, 'mid', 75),
(39, 15, 15, 33, 'tugas 1', 70),
(41, 5, 10, 31, 'uts 1', 60),
(42, 5, 10, 31, 'uts 1', 60),
(43, 5, 10, 31, 'uts 1', 60),
(44, 33, 1, 30, 'mid', 70),
(45, 35, 1, 30, 'mid', 71),
(46, 37, 1, 30, 'mid', 75),
(47, 41, 1, 30, 'mid', 71),
(48, 43, 1, 30, 'mid', 70),
(49, 44, 1, 30, 'mid', 70),
(50, 46, 1, 30, 'mid', 70),
(51, 51, 1, 30, 'mid', 70),
(52, 53, 1, 30, 'mid', 70),
(53, 58, 1, 30, 'mid', 71),
(54, 61, 1, 30, 'mid', 70),
(55, 62, 1, 30, 'mid', 70),
(56, 63, 1, 30, 'mid', 75),
(57, 65, 1, 30, 'mid', 71),
(58, 66, 1, 30, 'mid', 71),
(59, 68, 1, 30, 'uts', 70),
(60, 17, 15, 33, 'tugas 1', 78),
(62, 24, 15, 33, 'tugas 1', 80),
(64, 4, 1, 29, 'MID', 70),
(65, 26, 15, 33, 'tugas 1', 75),
(67, 29, 15, 33, 'tugas 1', 80),
(68, 69, 1, 30, 'mid', 72),
(69, 29, 15, 33, 'tugas 2', 78),
(70, 5, 1, 29, 'MID', 70),
(71, 70, 1, 30, 'mid', 71),
(72, 71, 1, 30, 'mid', 70),
(73, 30, 15, 33, 'tugas 1', 78),
(74, 72, 1, 30, 'mid', 70),
(76, 73, 1, 30, 'mid', 70),
(77, 6, 1, 29, 'Mid', 70),
(78, 32, 15, 33, 'tugas 1', 80),
(79, 74, 1, 30, 'mid', 70),
(81, 75, 1, 30, 'mid', 70),
(82, 76, 1, 30, 'mid', 73),
(83, 34, 15, 33, 'tugas 1', 78),
(85, 6, 10, 31, 'uts', 65),
(86, 7, 1, 29, 'Mid', 71),
(87, 77, 1, 30, 'mid', 79),
(88, 7, 10, 31, 'uts', 65),
(89, 8, 1, 29, 'Mid', 70),
(90, 80, 1, 30, 'mid', 70),
(91, 82, 1, 30, 'mid', 72),
(92, 9, 15, 33, 'tugas 1', 77),
(94, 84, 1, 30, 'mid', 72),
(95, 11, 1, 29, 'Mid', 70),
(96, 86, 1, 30, 'mid', 75),
(97, 88, 1, 30, 'mid', 75),
(98, 13, 1, 29, 'Mid', 72),
(99, 36, 15, 33, 'tugas 1', 75),
(100, 36, 15, 33, 'tugas 2', 80),
(101, 90, 1, 30, 'mid', 72),
(102, 8, 10, 31, 'uts', 65),
(103, 92, 1, 30, 'mid', 70),
(104, 34, 4, 27, 'UTS', 75),
(105, 38, 15, 33, 'tugas 1', 75),
(107, 15, 1, 29, 'Mid', 72),
(108, 36, 4, 27, 'UTS', 75),
(109, 96, 1, 30, 'mid', 75),
(110, 39, 15, 33, 'tugas 1', 75),
(112, 39, 4, 27, 'UTS', 83),
(113, 94, 1, 30, 'mid', 79),
(114, 9, 10, 31, 'uts', 70),
(115, 40, 15, 33, 'tugas 1', 80),
(116, 97, 1, 30, 'mid', 70),
(118, 99, 1, 30, 'mid', 71),
(119, 11, 10, 31, 'uts', 75),
(120, 42, 15, 33, 'tugas 1', 77),
(122, 101, 1, 30, 'mid', 75),
(123, 13, 10, 31, 'uts', 70),
(124, 102, 1, 30, 'mid', 75),
(125, 10, 5, 28, '1', 5),
(126, 3, 8, 24, 'Mid', 75),
(127, 45, 15, 33, 'tugas 1', 77),
(129, 15, 10, 31, 'uts', 65),
(130, 17, 1, 29, 'Mid', 70),
(131, 103, 1, 30, 'mid', 70),
(132, 10, 8, 25, 'MID', 70),
(133, 12, 5, 28, 'UTS', 5),
(134, 47, 15, 33, 'tugas 1', 70),
(135, 47, 15, 33, 'tugas 2', 80),
(136, 104, 1, 30, 'mid', 70),
(137, 4, 8, 24, 'Mid', 75),
(138, 17, 10, 31, 'uts', 70),
(139, 105, 1, 30, 'mid', 72),
(140, 40, 4, 27, 'UTS', 83),
(141, 48, 15, 33, 'tugas 1', 73),
(142, 14, 5, 28, '1', 55),
(143, 48, 15, 33, 'tugas 2', 78),
(144, 24, 10, 31, 'uts', 75),
(145, 24, 1, 29, 'Mid', 72),
(146, 107, 1, 30, 'mid', 70),
(147, 5, 8, 24, 'Mid', 77),
(148, 42, 4, 27, 'UTS', 75),
(149, 16, 5, 28, '1', 10),
(150, 12, 8, 25, 'MID', 70),
(151, 26, 1, 29, 'Mid', 72),
(152, 49, 15, 33, 'tugas 1', 60),
(153, 49, 15, 33, 'tugas 2', 73),
(154, 18, 5, 28, '1', 95),
(155, 6, 8, 24, 'Mid', 76),
(156, 29, 1, 29, 'Mid', 73),
(157, 50, 15, 33, 'tugas 1', 73),
(159, 14, 8, 25, 'MID', 75),
(160, 30, 1, 29, 'Mid', 70),
(161, 45, 4, 27, 'UTS', 83),
(162, 26, 10, 31, 'uts', 70),
(163, 7, 8, 24, 'Mid', 70),
(164, 20, 5, 28, '1', 5),
(165, 52, 15, 33, 'tugas 1', 78),
(167, 29, 10, 31, 'uts', 70),
(168, 49, 4, 27, 'UTS', 75),
(169, 16, 8, 25, 'MID', 70),
(170, 8, 8, 24, 'Mid', 77),
(171, 32, 1, 29, 'Mid', 73),
(172, 30, 10, 31, 'uts', 70),
(173, 50, 4, 27, 'UTS', 75),
(174, 54, 15, 33, 'tugas 1', 60),
(175, 54, 15, 33, 'tugas 2', 77),
(176, 21, 5, 28, '1', 85),
(177, 34, 1, 29, 'Mid', 70),
(178, 32, 10, 31, 'uts', 70),
(179, 9, 8, 24, 'Mid', 75),
(180, 18, 8, 25, 'MID', 75),
(181, 52, 4, 27, 'UTS', 75),
(182, 55, 15, 33, 'tugas 1', 80),
(183, 34, 10, 31, 'uts', 65),
(184, 55, 15, 33, 'tugas 2', 73),
(185, 22, 5, 28, '1', 45),
(186, 36, 1, 29, 'Mid', 73),
(187, 57, 15, 33, 'tugas 1', 77),
(188, 78, 1, 30, 'mid', 70),
(189, 57, 15, 33, 'tugas 2', 78),
(190, 38, 1, 29, 'Mid', 73),
(191, 11, 8, 24, 'Mid', 75),
(192, 36, 10, 31, 'uts', 80),
(193, 23, 5, 28, '1', 70),
(194, 54, 4, 27, 'UTS', 75),
(195, 39, 1, 29, 'Mid', 70),
(196, 59, 15, 33, 'tugas 1', 78),
(197, 38, 10, 31, 'uts', 70),
(198, 13, 8, 24, 'Mid', 77),
(199, 40, 1, 29, 'Mid', 78),
(200, 39, 10, 31, 'uts', 70),
(201, 55, 4, 27, 'UTS', 83),
(202, 60, 15, 33, 'tugas 1', 77),
(203, 25, 5, 28, '1', 5),
(204, 15, 8, 24, 'Mid', 73),
(205, 20, 8, 25, 'MID', 70),
(206, 40, 10, 31, 'uts', 80),
(207, 42, 1, 29, 'Mid', 70),
(208, 27, 5, 28, '1', 80),
(209, 17, 8, 24, 'Mid', 76),
(210, 42, 10, 31, 'uts', 80),
(211, 45, 1, 29, 'Mid', 73),
(212, 21, 8, 25, 'MID', 77),
(213, 24, 8, 24, 'Mid', 76),
(214, 28, 5, 28, '1', 75),
(215, 47, 1, 29, 'Mid', 70),
(216, 45, 10, 31, 'uts', 80),
(217, 26, 8, 24, 'Mid', 75),
(218, 22, 8, 25, 'MID', 75),
(219, 31, 5, 28, '1', 35),
(220, 48, 1, 29, 'Mid', 72),
(221, 47, 10, 31, 'uts', 70),
(222, 29, 8, 24, 'Mid', 77),
(223, 33, 5, 28, '1', 5),
(224, 48, 10, 31, 'uts', 80),
(225, 49, 1, 29, 'Mid', 71),
(226, 23, 8, 25, 'MID', 70),
(227, 30, 8, 24, 'Mid', 70),
(228, 70, 15, 33, 'tugas 1', 75),
(229, 49, 10, 31, 'uts', 80),
(230, 50, 1, 29, 'Mid', 73),
(231, 50, 10, 31, 'uts', 75),
(232, 25, 8, 25, 'MID', 70),
(233, 37, 5, 28, '1', 75),
(234, 32, 8, 24, 'Mid', 70),
(235, 52, 1, 29, 'Mid', 72),
(236, 41, 5, 28, '1', 40),
(237, 71, 15, 33, 'tugas 1', 70),
(238, 52, 10, 31, 'uts', 80),
(239, 34, 8, 24, 'Mid', 70),
(240, 54, 1, 29, 'Mid', 73),
(241, 43, 5, 28, '1', 5),
(242, 27, 8, 25, 'MID', 70),
(243, 54, 10, 31, 'uts', 75),
(244, 55, 10, 31, 'uts', 75),
(245, 36, 8, 24, 'Mid', 70),
(246, 46, 5, 28, '1', 35),
(247, 55, 1, 29, 'Mid', 71),
(248, 28, 8, 25, 'MID', 80),
(249, 59, 4, 27, 'UTS', 83),
(250, 57, 10, 31, 'uts', 75),
(251, 38, 8, 24, 'Mid', 75),
(252, 73, 15, 33, '1', 71),
(253, 51, 5, 28, '1', 5),
(254, 57, 1, 29, 'Mid', 71),
(255, 59, 10, 31, 'uts', 75),
(256, 60, 4, 27, 'UTS', 83),
(257, 31, 8, 25, 'MID', 70),
(258, 31, 1, 30, 'mid', 70),
(259, 39, 8, 24, 'Mid', 78),
(260, 60, 10, 31, 'uts', 75),
(261, 53, 5, 28, '1', 80),
(262, 59, 1, 29, 'Mid', 75),
(263, 74, 15, 33, '1', 75),
(264, 79, 4, 27, 'UTS', 75),
(265, 60, 1, 29, 'Mid', 73),
(266, 56, 5, 28, '1', 75),
(267, 75, 15, 33, '1', 70),
(268, 40, 8, 24, 'Mid', 77),
(269, 18, 6, 36, 'UTS', 81),
(270, 82, 4, 27, 'UTS', 80),
(271, 33, 8, 25, 'MID', 60),
(272, 76, 15, 33, '1', 70),
(273, 42, 8, 24, 'Mid', 75),
(274, 58, 5, 28, '1', 70),
(275, 111, 1, 29, 'Mid', 70),
(276, 77, 15, 33, '1', 75),
(277, 96, 4, 27, 'UTS', 85),
(278, 61, 5, 28, '1', 5),
(279, 47, 8, 24, 'Mid', 75),
(280, 144, 1, 30, 'uts', 75),
(281, 10, 10, 31, 'uts', 75),
(282, 78, 15, 33, '1', 75),
(283, 48, 8, 24, 'Mid', 75),
(284, 62, 5, 28, '1', 80),
(285, 35, 8, 25, 'MID', 77),
(286, 12, 10, 31, 'uts', 65),
(287, 79, 15, 33, '1', 75),
(288, 14, 10, 31, 'uts', 70),
(289, 77, 4, 27, '1', 75),
(290, 63, 5, 28, '1', 75),
(291, 16, 10, 31, 'uts', 70),
(292, 49, 8, 24, 'Mid', 75),
(293, 37, 8, 25, 'MID', 77),
(294, 18, 10, 31, 'uts', 75),
(295, 10, 6, 36, 'UTS', 45),
(296, 50, 8, 24, 'Mid', 75),
(297, 65, 5, 28, '1', 75),
(298, 20, 10, 31, 'uts', 65),
(299, 41, 8, 25, 'MID', 70),
(300, 74, 4, 27, 'UTS', 75),
(301, 52, 8, 24, 'Mid', 76),
(302, 66, 5, 28, '1', 50),
(303, 80, 15, 33, '1', 73),
(304, 21, 10, 31, 'uts', 80),
(305, 43, 8, 25, 'MID', 60),
(306, 22, 10, 31, 'uts', 65),
(307, 68, 5, 28, '1', 0),
(308, 82, 15, 33, '1', 75),
(309, 105, 4, 27, 'UTS', 75),
(310, 44, 8, 25, 'MID', 70),
(311, 12, 6, 36, 'UTS', 47),
(312, 23, 10, 31, 'uts', 65),
(313, 54, 8, 24, 'Mid', 77),
(314, 144, 5, 28, '1', 75),
(315, 84, 15, 33, '1', 70),
(316, 101, 4, 27, 'UTS', 75),
(317, 25, 10, 31, 'uts', 70),
(318, 46, 8, 25, 'MID', 60),
(319, 55, 8, 24, 'Mid', 75),
(320, 86, 15, 33, '1', 70),
(321, 27, 10, 31, 'uts', 65),
(322, 69, 5, 28, 'MID', 70),
(323, 28, 10, 31, 'uts', 70),
(324, 14, 6, 36, 'UTS', 54),
(325, 88, 15, 33, '1', 70),
(326, 57, 8, 24, 'Mid', 75),
(327, 51, 8, 25, 'MID', 70),
(328, 31, 10, 31, 'uts', 45),
(329, 70, 5, 28, 'MID', 70),
(330, 90, 15, 33, '1', 70),
(331, 33, 10, 31, 'uts', 50),
(332, 92, 15, 33, '1', 75),
(333, 59, 8, 24, 'Mid', 75),
(334, 71, 5, 28, 'MID', 70),
(335, 53, 8, 25, 'MID', 75),
(336, 16, 6, 36, 'UTS', 56),
(337, 35, 10, 31, 'uts', 70),
(338, 60, 8, 24, 'Mid', 70),
(339, 94, 15, 33, '1', 70),
(340, 72, 5, 28, 'MID', 70),
(341, 37, 10, 31, 'uts', 65),
(342, 41, 10, 31, 'uts', 70),
(343, 96, 15, 33, '1', 74),
(344, 96, 15, 33, '2', 75),
(345, 43, 10, 31, 'uts', 65),
(346, 73, 5, 28, 'MID', 70),
(347, 44, 10, 31, 'uts', 65),
(348, 97, 15, 33, '1', 70),
(349, 61, 8, 25, 'MID', 73),
(350, 99, 15, 33, '1', 75),
(351, 46, 10, 31, 'uts', 50),
(352, 101, 15, 33, '1', 78),
(353, 62, 8, 25, 'MID', 77),
(354, 74, 5, 28, 'MID', 70),
(355, 102, 15, 33, '1', 70),
(356, 102, 15, 33, '2', 68),
(357, 75, 5, 28, 'MID', 70),
(358, 10, 14, 24, 'MID', 60),
(359, 76, 5, 28, 'UH', 70),
(360, 103, 15, 33, '1', 73),
(361, 104, 15, 33, '1', 70),
(362, 77, 5, 28, 'MID', 70),
(363, 12, 14, 24, 'MID', 70),
(364, 63, 8, 25, 'MID', 77),
(365, 78, 5, 28, 'MID', 70),
(366, 3, 7, 34, 'UTS', 70),
(367, 51, 10, 31, 'uts', 50),
(368, 79, 5, 28, 'MID', 70),
(369, 65, 8, 25, 'MID', 73),
(370, 14, 14, 24, 'MID', 77),
(371, 53, 10, 31, 'uts', 65),
(372, 4, 7, 34, 'UTS', 85),
(374, 56, 10, 31, 'uts', 65),
(375, 66, 8, 25, 'MID', 73),
(376, 80, 5, 28, 'MID', 70),
(377, 16, 14, 24, 'MID', 60),
(378, 58, 10, 31, 'uts', 70),
(379, 82, 5, 28, 'MID', 70),
(380, 5, 7, 34, 'UTS', 88),
(381, 61, 10, 31, 'uts', 70),
(382, 18, 14, 24, 'MID', 77),
(383, 20, 6, 36, 'UTS', 52),
(384, 62, 10, 31, 'uts', 75),
(385, 144, 8, 25, 'MID', 70),
(386, 63, 10, 31, 'uts', 75),
(387, 84, 5, 28, 'UTS', 70),
(388, 20, 14, 24, 'MID', 76),
(389, 6, 7, 34, 'UTS', 70),
(390, 64, 10, 31, 'uts', 75),
(391, 86, 5, 28, 'MID', 70),
(392, 69, 8, 25, 'MID', 70),
(393, 21, 6, 36, 'UTS', 71),
(394, 21, 14, 24, 'MID', 79),
(395, 65, 10, 31, 'uts', 70),
(396, 70, 8, 25, 'MID', 65),
(397, 88, 5, 28, 'MID', 70),
(398, 7, 7, 34, 'UTS', 85),
(399, 22, 14, 24, 'MID', 72),
(400, 66, 10, 31, 'uts', 65),
(401, 22, 6, 36, 'UTS', 54),
(402, 71, 8, 25, 'MID', 76),
(403, 67, 10, 31, 'uts', 65),
(404, 90, 5, 28, 'MID', 70),
(405, 8, 7, 34, 'UTS', 70),
(406, 23, 14, 24, 'MID', 68),
(407, 72, 8, 25, 'MID', 65),
(408, 68, 10, 31, 'uts', 50),
(409, 92, 5, 28, 'MID', 70),
(410, 144, 10, 31, 'uts', 80),
(411, 25, 14, 24, 'MID', 76),
(412, 73, 8, 25, 'MID', 50),
(413, 94, 5, 28, 'MID', 70),
(414, 23, 6, 36, 'UTS', 39),
(415, 69, 15, 33, '1', 70),
(416, 27, 14, 24, 'MID', 76),
(417, 96, 5, 28, 'MID', 70),
(418, 9, 7, 34, 'UTS', 70),
(419, 72, 15, 33, '1', 70),
(420, 74, 8, 25, 'MID', 75),
(422, 28, 14, 24, 'MID', 77),
(423, 97, 5, 28, 'MID', 70),
(424, 75, 8, 25, 'MID', 50),
(425, 31, 14, 24, 'MID', 70),
(426, 99, 5, 28, 'MID', 70),
(427, 11, 7, 34, 'UTS', 75),
(428, 101, 5, 28, 'MID', 70),
(429, 33, 14, 24, 'UTS', 70),
(430, 76, 8, 25, 'MID', 75),
(431, 13, 7, 34, 'UTS', 80),
(432, 102, 5, 28, 'MID', 70),
(433, 35, 14, 24, 'MID', 75),
(434, 103, 5, 28, 'MID', 70),
(435, 15, 7, 34, 'UTS', 70),
(436, 77, 8, 25, 'MID', 77),
(437, 37, 14, 24, 'MID', 75),
(438, 104, 6, 28, 'MID', 70),
(439, 25, 6, 36, 'UTS', 46),
(440, 17, 7, 34, 'UTS', 80),
(441, 78, 8, 25, 'MID', 70),
(442, 105, 5, 28, 'MID', 70),
(443, 41, 14, 24, 'MID', 77),
(444, 24, 7, 34, 'UTS', 85),
(445, 43, 14, 24, 'MI8D', 75),
(446, 107, 5, 28, 'MID', 0),
(447, 79, 8, 25, 'MID', 75),
(448, 44, 14, 24, 'MID', 74),
(449, 26, 7, 34, 'UTS', 85),
(450, 80, 8, 25, 'MID', 30),
(451, 29, 7, 34, '1', 80),
(452, 27, 6, 36, 'UTS', 45),
(453, 46, 14, 24, 'MID', 68),
(454, 82, 8, 25, 'MID', 75),
(455, 30, 7, 34, 'UTS', 75),
(456, 51, 14, 24, 'MID', 70),
(457, 32, 7, 34, 'UTS', 80),
(458, 28, 6, 36, 'UTS', 79),
(459, 34, 7, 34, 'UTS', 75),
(460, 53, 14, 24, 'MID', 76),
(461, 86, 8, 25, 'MID', 70),
(462, 36, 7, 34, 'UTS', 80),
(463, 31, 6, 36, 'UTS', 49),
(464, 58, 14, 24, 'MID', 76),
(465, 88, 8, 25, 'MID', 75),
(466, 38, 7, 34, 'UTS', 70),
(467, 90, 8, 25, 'MID', 65),
(468, 39, 7, 34, '1', 70),
(469, 61, 14, 24, 'MID', 75),
(470, 33, 6, 36, 'UTS', 46),
(471, 92, 8, 25, 'MID', 60),
(472, 40, 7, 34, '1', 85),
(473, 62, 14, 24, 'MID', 80),
(474, 42, 7, 34, '1', 80),
(475, 94, 8, 25, 'MID', 75),
(476, 63, 14, 24, 'MID', 77),
(477, 35, 6, 36, 'UTS', 52),
(478, 45, 7, 34, '1', 80),
(479, 96, 8, 25, 'MID', 75),
(480, 65, 14, 24, 'MID', 74),
(481, 47, 7, 34, '1', 50),
(482, 37, 6, 36, 'UTS', 90),
(483, 66, 14, 24, 'MID', 75),
(484, 48, 7, 34, '1', 85),
(485, 67, 14, 24, 'MID', 0),
(486, 145, 1, 29, 'Mid', 70),
(487, 97, 8, 25, 'MID', 50),
(488, 99, 8, 25, 'MID', 30),
(489, 68, 14, 24, 'MID', 0),
(490, 146, 1, 29, 'Mid', 63),
(491, 101, 8, 25, 'MID', 78),
(492, 41, 6, 36, 'UTS', 63),
(493, 144, 14, 24, 'MID', 76),
(494, 50, 7, 34, '1', 80),
(495, 49, 7, 34, '1', 70),
(496, 43, 6, 36, 'UTS', 54),
(497, 102, 8, 25, 'MID', 73),
(498, 103, 8, 25, 'MID', 34),
(499, 104, 8, 25, 'MID', 34),
(500, 52, 7, 34, '1', 80),
(501, 44, 6, 36, 'UTS', 54),
(502, 54, 7, 34, '1', 78),
(503, 55, 7, 34, '1', 70),
(504, 46, 6, 36, 'UTS', 61),
(505, 57, 7, 34, '1', 75),
(506, 3, 14, 25, 'MID', 75),
(507, 59, 7, 34, '1', 75),
(508, 51, 6, 36, 'UTS', 61),
(509, 60, 7, 34, '1', 80),
(510, 4, 14, 25, 'MID', 75),
(511, 145, 7, 34, '1', 70),
(512, 53, 6, 36, 'UTS', 63),
(513, 5, 14, 25, 'MID', 75),
(514, 69, 14, 24, 'UTS', 75),
(515, 10, 7, 34, '1', 70),
(516, 56, 6, 36, 'UTS', 77),
(517, 6, 14, 25, 'MID', 79),
(518, 70, 14, 24, 'UTS', 65),
(519, 12, 7, 34, '1', 60),
(520, 58, 6, 36, 'UTS', 53),
(521, 71, 14, 24, 'UTS', 85),
(522, 7, 14, 25, 'MID', 75),
(523, 14, 7, 34, '1', 75),
(524, 61, 6, 36, 'UTS', 72),
(525, 16, 7, 34, '1', 70),
(526, 72, 14, 24, 'UTS', 68),
(527, 62, 6, 36, 'UTS', 70),
(528, 8, 14, 25, 'MID', 75),
(529, 73, 14, 24, 'UTS', 70),
(530, 63, 6, 36, 'UTS', 82),
(531, 18, 7, 34, '1', 80),
(532, 74, 14, 24, 'UTS', 78),
(533, 20, 7, 34, '1', 70),
(534, 9, 14, 25, 'MID', 78),
(535, 75, 14, 24, 'UTS', 67),
(536, 21, 7, 34, '1', 80),
(537, 65, 6, 36, 'UTS', 72),
(538, 76, 14, 24, 'UTS', 70),
(539, 11, 14, 25, 'MID', 75),
(540, 22, 7, 34, '1', 80),
(541, 77, 14, 24, 'UTS', 77),
(542, 66, 6, 36, 'UTS', 47),
(543, 23, 7, 34, '1', 70),
(544, 78, 14, 24, 'UTS', 70),
(545, 13, 14, 25, 'MID', 80),
(546, 25, 7, 34, '1', 60),
(547, 79, 14, 24, 'UTS', 77),
(548, 27, 7, 34, '1', 70),
(549, 68, 6, 36, 'UTS', 0),
(550, 15, 14, 25, 'MID', 70),
(551, 80, 14, 24, 'UTS', 75),
(552, 82, 14, 24, 'UTS', 73),
(553, 144, 6, 36, 'UTS', 60),
(554, 28, 7, 34, '1', 75),
(555, 17, 14, 25, 'MID', 80),
(556, 31, 7, 34, '1', 70),
(557, 84, 14, 24, 'UTS', 79),
(558, 24, 14, 25, 'MID', 80),
(559, 86, 14, 24, 'UTS', 80),
(560, 33, 7, 34, '1', 60),
(561, 26, 14, 25, 'MID', 78),
(562, 88, 14, 24, 'UTS', 77),
(563, 35, 7, 34, '1', 60),
(564, 90, 14, 24, 'UTS', 70),
(565, 29, 14, 25, 'MID', 78),
(566, 37, 7, 34, '1', 78),
(567, 92, 14, 24, 'UTS', 70),
(568, 41, 7, 34, '1', 75),
(569, 30, 14, 25, 'MID', 70),
(570, 94, 14, 24, 'UTS', 70),
(571, 43, 7, 34, '1', 60),
(572, 32, 14, 25, 'MID', 78),
(573, 96, 14, 24, 'UTS', 75),
(574, 44, 7, 34, '1', 70),
(575, 3, 5, 28, '1', 70),
(576, 10, 13, 36, 'UTS', 46),
(577, 34, 14, 25, 'MID', 75),
(578, 4, 5, 28, '1', 75),
(579, 46, 7, 34, '1', 60),
(580, 97, 14, 24, 'UTS', 70),
(581, 5, 5, 28, 'MID', 70),
(582, 36, 14, 25, 'MID', 75),
(583, 51, 7, 34, '1', 70),
(584, 99, 14, 24, 'UTS', 67),
(585, 53, 7, 34, '1', 70),
(586, 6, 5, 28, 'MID', 85),
(587, 38, 14, 25, 'MID', 75),
(588, 101, 14, 24, 'UTS', 77),
(589, 7, 5, 28, 'MID', 70),
(590, 18, 13, 36, 'UTS', 65),
(591, 58, 7, 34, '1', 70),
(592, 39, 14, 25, 'MID', 75),
(593, 102, 14, 24, 'UTS', 70),
(594, 40, 14, 25, 'MID', 82),
(595, 61, 7, 34, '1', 75),
(596, 8, 5, 28, 'MID', 70),
(597, 103, 14, 24, 'UTS', 70),
(598, 62, 7, 34, '1', 70),
(599, 12, 13, 36, 'UTS', 61),
(600, 42, 14, 25, 'MID', 81),
(601, 9, 5, 28, 'MID', 70),
(602, 104, 14, 24, 'UTS', 75),
(603, 3, 12, 26, 'UTS', 85),
(604, 4, 12, 26, 'UTS', 85),
(605, 63, 7, 34, '1', 75),
(606, 65, 7, 34, '1', 75),
(607, 66, 7, 34, '1', 70),
(608, 5, 12, 26, 'UTS', 85),
(609, 68, 7, 34, '1', 60),
(610, 144, 7, 34, '1', 60),
(611, 70, 17, 34, '1', 65),
(612, 69, 17, 34, '1', 70),
(613, 71, 17, 34, '1', 75),
(614, 72, 17, 34, '1', 60),
(615, 73, 17, 34, '1', 69),
(616, 74, 17, 34, '1', 70),
(617, 75, 17, 34, '1', 70),
(618, 76, 17, 34, '1', 75),
(619, 6, 12, 26, 'UTS', 85),
(620, 7, 12, 26, 'UTS', 85),
(621, 8, 12, 26, 'UTS', 85),
(622, 77, 17, 34, '1', 75),
(623, 78, 17, 34, '1', 72),
(624, 9, 12, 26, 'UTS', 85),
(625, 79, 17, 34, '1', 80),
(626, 3, 11, 23, '1', 70),
(627, 11, 12, 26, 'UTS', 85),
(628, 80, 17, 34, '1', 50),
(629, 13, 12, 26, 'UTS', 85),
(630, 82, 17, 34, '1', 75),
(631, 4, 11, 23, '1', 75),
(632, 15, 12, 26, 'UTS', 85),
(633, 84, 17, 34, '1', 80),
(634, 5, 11, 23, '1', 70),
(635, 86, 17, 34, '1', 75),
(636, 17, 12, 26, 'UTS', 85),
(637, 88, 17, 34, '1', 72),
(638, 90, 17, 34, '1', 60),
(639, 24, 12, 26, 'UTS', 85),
(640, 3, 3, 32, 'UTS', 72),
(641, 92, 17, 34, '1', 50),
(642, 94, 17, 34, '1', 75),
(643, 4, 3, 32, 'UTS', 75),
(644, 96, 17, 34, '1', 85),
(645, 97, 17, 34, '1', 30),
(646, 6, 11, 23, 'UTS', 80),
(647, 26, 12, 26, 'UTS', 85),
(648, 7, 11, 23, 'UTS', 75),
(649, 8, 11, 23, 'UTS', 70),
(650, 29, 12, 26, 'UTS', 85),
(651, 9, 11, 23, 'UTS', 75),
(652, 11, 11, 23, 'UTS', 70),
(653, 9, 3, 32, 'UTS', 72),
(654, 30, 12, 26, 'UTS', 85),
(655, 99, 17, 34, '1', 60),
(656, 5, 3, 32, 'uts', 71),
(657, 101, 17, 34, '1', 85),
(658, 6, 3, 32, 'uts', 80),
(659, 13, 11, 23, 'UTS', 80),
(660, 7, 3, 32, 'uts', 73),
(661, 102, 17, 34, '1', 75),
(662, 103, 17, 34, '1', 75),
(663, 8, 3, 32, 'uts', 72),
(664, 11, 3, 32, 'uts', 76),
(665, 105, 17, 34, '1', 75),
(666, 107, 17, 34, '1', 50),
(667, 13, 3, 32, 'uts', 78),
(668, 15, 11, 23, 'UTS', 70),
(669, 104, 17, 34, '1', 70),
(670, 15, 3, 32, 'uts', 70),
(671, 32, 12, 26, 'UTS', 85),
(673, 34, 12, 26, 'UTS', 85),
(674, 36, 12, 26, 'UTS', 85),
(675, 38, 12, 26, 'UTS', 85),
(676, 39, 12, 26, 'UTS', 85),
(677, 40, 12, 26, 'UTS', 85),
(678, 42, 12, 26, 'UTS', 85),
(679, 45, 12, 26, 'UTS', 85),
(680, 47, 12, 26, 'UTS', 85),
(681, 48, 12, 26, 'UTS', 85),
(682, 49, 12, 26, 'UTS', 85),
(683, 50, 12, 26, 'UTS', 85),
(684, 11, 5, 28, 'MID', 70),
(685, 52, 12, 26, 'UTS', 85),
(686, 105, 14, 24, 'UTS', 70),
(687, 54, 12, 26, 'UTS', 85),
(688, 45, 14, 25, 'MID', 80),
(689, 107, 14, 24, 'UTS', 65),
(690, 47, 14, 25, 'MID', 75),
(691, 55, 12, 26, 'UTS', 85),
(692, 14, 13, 36, 'UTS', 64),
(693, 13, 5, 28, 'MID', 78),
(694, 57, 12, 26, 'UTS', 86),
(695, 16, 13, 36, 'UTS', 56),
(696, 17, 3, 32, 'uts', 74),
(697, 15, 5, 28, 'MID', 70),
(698, 48, 14, 25, 'MID', 79),
(699, 24, 3, 32, 'uts', 74),
(700, 49, 14, 25, 'MID', 78),
(701, 59, 12, 26, 'UTS', 85),
(702, 26, 3, 32, 'uts', 70),
(703, 17, 5, 28, 'MID', 78),
(704, 146, 8, 24, 'UTS', 0),
(705, 29, 3, 32, 'uts', 74),
(706, 17, 11, 23, 'uts', 75),
(707, 20, 13, 36, 'UTS', 64),
(708, 50, 14, 25, 'MID', 78),
(709, 60, 12, 26, 'UTS', 85),
(710, 30, 3, 32, 'uts', 77),
(711, 24, 5, 28, 'MID', 75),
(712, 32, 3, 32, 'uts', 70),
(713, 21, 13, 36, 'UTS', 56),
(714, 26, 5, 28, 'MID', 75),
(715, 145, 8, 24, 'UTS', 30),
(716, 52, 14, 25, 'MID', 80),
(717, 34, 3, 32, 'uts', 70),
(718, 145, 12, 26, 'UTS', 85),
(719, 36, 3, 32, 'uts', 72),
(720, 54, 14, 25, 'MID', 79),
(721, 125, 8, 24, 'UTS', 73),
(722, 146, 12, 26, 'UTS', 70),
(723, 38, 3, 32, 'uts', 73),
(724, 29, 5, 28, 'MID', 70),
(725, 24, 11, 23, 'uts', 80),
(726, 39, 3, 32, 'uts', 78),
(727, 30, 5, 28, 'MID', 70),
(728, 55, 14, 25, 'MID', 77),
(729, 32, 5, 28, 'MID', 70),
(730, 40, 3, 32, 'uts', 78),
(731, 111, 12, 26, 'UTS', 85),
(732, 22, 13, 36, 'UTS', 70),
(733, 42, 3, 32, 'uts', 71),
(734, 57, 14, 25, 'MID', 77),
(735, 45, 3, 32, 'uts', 74),
(736, 112, 12, 26, 'UTS', 85),
(737, 26, 11, 23, 'uts', 75),
(738, 47, 3, 32, 'uts', 70),
(739, 23, 13, 36, 'UTS', 48),
(740, 34, 5, 28, 'MID', 70),
(741, 59, 14, 25, 'MID', 80),
(742, 48, 3, 32, 'uts', 70),
(743, 36, 5, 28, 'MID', 75),
(744, 49, 3, 32, 'uts', 75),
(745, 25, 13, 36, 'UTS', 54),
(746, 60, 14, 25, 'MID', 79),
(747, 38, 5, 28, 'MID', 70),
(748, 50, 3, 32, 'uts', 71),
(749, 27, 13, 36, 'UTS', 66),
(750, 29, 11, 23, 'uts', 80),
(751, 52, 3, 32, 'uts', 73),
(752, 54, 3, 32, 'uts', 79),
(753, 28, 13, 36, 'UTS', 69),
(754, 55, 3, 32, 'uts', 70),
(755, 31, 13, 36, 'UTS', 56),
(756, 113, 12, 26, 'UTS', 85),
(757, 39, 5, 28, 'MID', 80),
(758, 145, 3, 32, 'uts', 71),
(759, 33, 13, 36, 'UTS', 45),
(760, 114, 12, 26, 'UTS', 85),
(761, 40, 5, 28, 'MID', 85),
(762, 57, 3, 32, 'uts', 73),
(763, 35, 13, 36, 'UTS', 63),
(764, 42, 5, 28, 'MID', 70),
(765, 59, 3, 32, 'uts', 80),
(766, 115, 12, 26, 'UTS', 85),
(767, 60, 3, 32, 'uts', 76),
(768, 69, 10, 31, 'uts', 60),
(769, 45, 5, 28, 'MID', 75),
(770, 30, 11, 23, 'uts', 70),
(771, 37, 13, 36, 'UTS', 72),
(772, 116, 12, 26, 'UTS', 85),
(773, 146, 3, 32, 'uts', 71),
(774, 70, 10, 31, 'uts', 60),
(775, 47, 5, 28, 'MID', 70),
(776, 70, 7, 34, '1', 50),
(777, 41, 13, 36, 'UTS', 73),
(778, 71, 10, 31, 'uts', 65),
(779, 69, 7, 34, '1', 70),
(780, 117, 12, 26, 'UTS', 85),
(781, 10, 11, 23, 'UTS', 70),
(782, 84, 8, 25, 'MID', 73),
(783, 48, 5, 28, 'MID', 75),
(784, 10, 3, 32, 'uts', 50),
(785, 71, 7, 34, '1', 75),
(786, 43, 13, 36, 'UTS', 62),
(787, 72, 7, 34, '1', 50),
(788, 49, 5, 28, 'MID', 70),
(789, 32, 11, 23, 'uts', 70),
(790, 78, 7, 34, '1', 70),
(791, 72, 10, 31, 'uts', 70),
(792, 50, 5, 28, 'MID', 75),
(793, 97, 7, 34, '1', 30),
(794, 44, 13, 36, 'UTS', 56),
(795, 12, 11, 23, 'UTS', 70),
(796, 12, 3, 32, 'uts', 74),
(797, 73, 7, 34, '1', 60),
(798, 14, 3, 32, 'uts', 74),
(799, 52, 5, 28, 'MID', 75),
(800, 34, 11, 23, 'uts', 70),
(801, 79, 7, 34, '1', 80),
(802, 73, 10, 31, 'uts', 60),
(803, 46, 13, 36, 'UTS', 61),
(804, 118, 12, 26, 'UTS', 86),
(805, 54, 5, 28, 'MID', 70),
(806, 14, 11, 23, 'UTS', 80),
(807, 75, 7, 34, '1', 70),
(808, 16, 3, 32, 'uts', 70),
(809, 74, 10, 31, 'uts', 60),
(810, 76, 7, 34, '1', 75),
(811, 55, 5, 28, 'MID', 70),
(812, 51, 13, 36, 'UTS', 45),
(813, 75, 10, 31, 'uts', 50),
(814, 18, 3, 32, 'uts', 79),
(815, 119, 12, 26, 'UTS', 0),
(816, 36, 11, 23, 'uts', 80),
(817, 16, 11, 23, 'UTS', 70),
(818, 80, 7, 34, '1', 50),
(819, 76, 10, 31, 'uts', 75),
(820, 20, 3, 32, 'uts', 73),
(821, 53, 13, 36, 'UTS', 72),
(822, 82, 7, 34, '1', 75),
(823, 57, 5, 28, 'MID', 70),
(824, 21, 3, 32, 'uts', 71),
(825, 77, 10, 31, 'uts', 75),
(826, 120, 12, 26, 'UTS', 85),
(827, 56, 13, 36, 'UTS', 70),
(828, 18, 11, 23, 'UTS', 90),
(829, 84, 7, 34, '1', 75),
(830, 38, 11, 23, 'uts', 70),
(831, 59, 5, 28, 'MID', 75),
(832, 78, 10, 31, 'uts', 65),
(833, 86, 7, 34, '1', 75),
(834, 22, 3, 32, 'uts', 73),
(835, 58, 13, 36, 'UTS', 65),
(836, 20, 11, 23, 'UTS', 70),
(837, 79, 10, 31, 'uts', 70),
(838, 60, 5, 28, 'MID', 78),
(839, 88, 7, 34, '1', 75),
(840, 23, 3, 32, 'uts', 72),
(841, 121, 12, 26, 'UTS', 85),
(842, 61, 13, 36, 'UTS', 73),
(843, 80, 10, 31, 'uts', 60),
(844, 25, 3, 32, 'uts', 50),
(845, 145, 5, 28, 'MID', 70),
(846, 39, 11, 23, 'uts', 75),
(847, 102, 7, 34, '1', 80),
(848, 21, 11, 23, 'UTS', 90),
(849, 146, 5, 28, 'MID', 0),
(850, 62, 13, 36, 'UTS', 60),
(851, 82, 10, 31, 'uts', 75),
(852, 84, 10, 31, 'uts', 70),
(853, 63, 13, 36, 'UTS', 70),
(854, 22, 11, 23, 'UTS', 70),
(855, 92, 7, 34, '1', 60),
(856, 86, 10, 31, 'uts', 75),
(857, 65, 13, 36, 'UTS', 70),
(858, 94, 7, 34, '1', 75),
(859, 88, 10, 31, 'uts', 70),
(860, 23, 11, 23, 'UTS', 70),
(861, 40, 11, 23, 'uts', 85),
(862, 66, 13, 36, 'UTS', 58),
(863, 90, 10, 31, 'uts', 60),
(864, 96, 7, 34, '1', 89),
(865, 25, 11, 23, 'UTS', 70),
(866, 92, 10, 31, 'uts', 60),
(867, 68, 13, 36, 'UTS', 40),
(868, 99, 7, 34, '1', 60),
(869, 94, 10, 31, 'uts', 60),
(870, 90, 7, 34, '1', 60),
(871, 42, 11, 23, 'uts', 75),
(872, 144, 13, 36, 'UTS', 50),
(873, 27, 11, 23, 'UTS', 70),
(874, 27, 3, 32, 'uts', 70),
(875, 96, 10, 31, 'uts', 75),
(876, 77, 7, 34, '1', 85),
(877, 28, 3, 32, 'uts', 80),
(878, 74, 7, 34, '1', 70),
(879, 45, 11, 23, 'uts', 75),
(880, 28, 11, 23, 'UTS', 85),
(881, 97, 10, 31, 'uts', 60),
(882, 31, 3, 32, 'uts', 76),
(883, 101, 7, 34, '1', 85),
(884, 47, 11, 23, 'uts', 70),
(885, 33, 3, 32, 'uts', 72),
(886, 99, 10, 31, 'uts', 60),
(887, 31, 11, 23, 'UTS', 70),
(888, 101, 10, 31, 'uts', 70),
(889, 35, 3, 32, 'uts', 72),
(890, 104, 7, 34, '1', 60),
(891, 102, 10, 31, 'uts', 75),
(892, 37, 3, 32, 'uts', 80),
(893, 33, 11, 23, 'UTS', 60),
(894, 103, 10, 31, 'uts', 65),
(895, 41, 3, 32, 'uts', 70),
(896, 104, 10, 31, 'uts', 45),
(897, 43, 3, 32, 'uts', 78),
(898, 103, 7, 34, '1', 60),
(899, 35, 11, 23, 'UTS', 70),
(900, 105, 10, 31, 'uts', 60),
(901, 105, 7, 34, '1', 70),
(902, 107, 10, 31, 'uts', 60),
(903, 107, 7, 34, '1', 60),
(904, 48, 11, 23, 'uts', 75),
(905, 44, 3, 32, 'uts', 72),
(906, 37, 11, 23, 'UTS', 90),
(907, 46, 3, 32, 'uts', 74),
(908, 51, 3, 32, 'uts', 70),
(909, 69, 11, 23, 'UTS', 75),
(910, 53, 3, 32, 'uts', 74),
(911, 41, 11, 23, 'UTS', 70),
(912, 56, 3, 32, 'uts', 50),
(913, 58, 3, 32, 'uts', 78),
(914, 43, 11, 23, 'UTS', 60),
(915, 61, 3, 32, 'uts', 78),
(916, 70, 11, 23, 'UTS', 60),
(917, 44, 11, 23, 'UTS', 70),
(918, 62, 3, 32, 'uts', 73),
(919, 71, 11, 23, 'UTS', 75),
(920, 63, 3, 32, 'uts', 78),
(921, 65, 3, 32, 'uts', 77),
(922, 46, 11, 23, 'UTS', 70),
(923, 72, 11, 23, 'UTS', 60),
(924, 51, 11, 23, 'UTS', 70),
(925, 73, 11, 23, 'UTS', 70),
(926, 145, 10, 31, 'uts', 75),
(927, 74, 11, 23, 'UTS', 70),
(928, 146, 10, 31, 'uts', 65),
(929, 53, 11, 23, 'UTS', 70),
(930, 66, 2, 38, '1', 80),
(931, 3, 6, 25, 'MID', 68),
(932, 75, 11, 23, 'UTS', 60),
(933, 49, 11, 23, 'uts', 70),
(934, 18, 2, 38, '1', 75),
(935, 4, 6, 25, 'MID', 67),
(936, 76, 11, 23, 'UTS', 70),
(937, 35, 2, 38, '1', 75),
(938, 5, 6, 25, 'MID', 67),
(939, 56, 11, 23, 'UTS', 70),
(940, 6, 6, 25, 'MID', 68),
(941, 77, 11, 23, 'UTS', 70),
(942, 16, 2, 38, '1', 70),
(943, 67, 3, 32, 'uts', 0),
(944, 7, 6, 25, 'MID', 69),
(945, 78, 11, 23, 'UTS', 0),
(946, 51, 2, 38, '1', 70),
(947, 61, 11, 23, 'UTS', 75),
(948, 68, 3, 32, 'uts', 72),
(949, 22, 2, 38, '1', 75),
(950, 8, 6, 25, 'MID', 69),
(951, 28, 2, 38, '1', 80),
(952, 144, 3, 32, 'uts', 75),
(953, 79, 11, 23, 'UTS', 70),
(954, 50, 11, 23, 'uts', 80),
(955, 9, 6, 25, 'MID', 67),
(956, 63, 2, 38, '1', 70),
(957, 62, 11, 23, 'UTS', 80),
(958, 11, 6, 25, 'MID', 68),
(959, 80, 11, 23, 'UTS', 60),
(960, 69, 2, 38, '1', 78),
(961, 61, 2, 38, '1', 70),
(962, 13, 6, 25, 'MID', 72),
(963, 70, 2, 38, '1', 64),
(964, 63, 11, 23, 'UTS', 90),
(965, 65, 2, 38, '1', 75),
(966, 82, 11, 23, 'UTS', 70),
(967, 15, 6, 25, 'MID', 65),
(968, 52, 11, 23, 'uts', 75),
(969, 21, 2, 38, '1', 75),
(970, 17, 6, 25, 'MID', 70),
(971, 84, 11, 23, 'UTS', 70),
(972, 71, 2, 38, '1', 70),
(973, 24, 6, 25, 'MID', 70),
(974, 68, 2, 38, '1', 70),
(975, 86, 11, 23, 'UTS', 75),
(976, 26, 6, 25, 'MID', 70),
(977, 37, 2, 38, '1', 85),
(978, 72, 2, 38, '1', 51),
(979, 65, 11, 23, 'UTS', 80),
(980, 23, 2, 38, '1', 70),
(981, 54, 11, 23, 'uts', 75),
(982, 73, 2, 38, '1', 51),
(983, 88, 11, 23, 'UTS', 75),
(984, 29, 6, 25, 'MID', 75),
(985, 74, 2, 38, '1', 65),
(986, 30, 6, 25, 'MID', 66),
(987, 46, 2, 38, '1', 72),
(988, 66, 11, 23, 'UTS', 70),
(989, 75, 2, 38, '1', 58),
(990, 90, 11, 23, 'UTS', 75),
(991, 32, 6, 25, 'MID', 68),
(992, 55, 11, 23, 'uts', 75),
(993, 76, 2, 38, '1', 73),
(994, 34, 6, 25, 'MID', 68),
(995, 92, 11, 23, 'UTS', 60),
(996, 77, 2, 38, '1', 75),
(997, 31, 2, 38, '1', 70),
(998, 68, 11, 23, 'UTS', 0),
(999, 57, 11, 23, 'uts', 70),
(1000, 78, 2, 38, '1', 50),
(1001, 36, 6, 25, 'MID', 74),
(1002, 33, 2, 38, '1', 60),
(1003, 94, 11, 23, 'UTS', 70),
(1004, 79, 2, 38, '1', 60),
(1005, 38, 6, 25, 'MID', 68),
(1006, 41, 2, 38, '1', 50),
(1007, 59, 11, 23, 'uts', 80),
(1008, 80, 2, 38, '1', 50),
(1009, 96, 11, 23, 'UTS', 75),
(1010, 53, 2, 38, '1', 55),
(1011, 82, 2, 38, '1', 50),
(1012, 39, 6, 25, 'MID', 72),
(1013, 84, 2, 38, '1', 50),
(1014, 60, 11, 23, 'uts', 80),
(1015, 40, 6, 25, 'MID', 73),
(1016, 86, 2, 38, '1', 85),
(1017, 97, 11, 23, 'UTS', 50),
(1018, 144, 11, 23, 'UTS', 70),
(1019, 42, 6, 25, 'MID', 70),
(1020, 88, 2, 38, '1', 58),
(1021, 45, 6, 25, 'MID', 72),
(1022, 90, 2, 38, '1', 70),
(1023, 27, 2, 38, '1', 55),
(1024, 47, 6, 25, 'MID', 68),
(1025, 92, 2, 38, '1', 51),
(1026, 14, 2, 38, '1', 70),
(1027, 94, 2, 38, '1', 54),
(1028, 99, 11, 23, 'UTS', 60),
(1029, 48, 6, 25, 'MID', 66),
(1030, 96, 2, 38, '1', 62),
(1031, 101, 11, 23, 'UTS', 70),
(1032, 97, 2, 38, '1', 50),
(1033, 49, 6, 25, 'MID', 69),
(1034, 99, 2, 38, '1', 54),
(1035, 102, 11, 23, 'UTS', 70),
(1036, 62, 2, 38, '1', 50),
(1037, 101, 2, 38, '1', 58),
(1038, 58, 2, 38, '1', 60),
(1039, 103, 11, 23, 'UTS', 70),
(1040, 102, 2, 38, '1', 72),
(1041, 50, 6, 25, 'MID', 70),
(1042, 103, 2, 38, '1', 50),
(1043, 144, 2, 38, '1', 75),
(1044, 104, 11, 23, 'UTS', 70),
(1045, 104, 2, 38, '1', 52),
(1046, 122, 12, 26, 'UTS', 85),
(1047, 3, 13, 37, 'UTS', 70),
(1048, 52, 6, 25, 'MID', 70),
(1049, 44, 2, 38, '1', 51),
(1050, 105, 2, 38, '1', 67),
(1051, 105, 11, 23, 'UTS', 70),
(1052, 54, 6, 25, 'MID', 69),
(1053, 107, 2, 38, '1', 88),
(1054, 20, 2, 38, '1', 28),
(1055, 107, 11, 23, 'UTS', 0),
(1056, 55, 6, 25, 'MID', 70),
(1057, 4, 13, 37, 'UTS', 70),
(1058, 69, 16, 23, 'uts', 70),
(1059, 43, 2, 38, '1', 29),
(1060, 57, 6, 25, 'MID', 68),
(1061, 5, 13, 37, 'UTS', 70),
(1062, 70, 16, 23, 'uts', 70),
(1063, 59, 6, 25, 'MID', 70),
(1064, 60, 6, 25, 'MID', 68),
(1065, 10, 12, 26, '1', 80),
(1066, 71, 16, 23, 'uts', 75),
(1067, 4, 4, 27, '1', 64),
(1068, 145, 6, 25, 'MID', 69),
(1069, 12, 12, 26, '1', 80),
(1070, 5, 4, 27, '1', 43),
(1071, 72, 16, 23, 'uts', 70),
(1072, 14, 12, 26, '1', 80),
(1073, 6, 13, 37, 'UTS', 70),
(1074, 6, 4, 27, '1', 63),
(1075, 16, 12, 26, '1', 80),
(1076, 18, 12, 26, '1', 80),
(1077, 7, 4, 27, '1', 55),
(1078, 8, 4, 27, '1', 48),
(1079, 7, 13, 37, 'UTS', 70),
(1080, 20, 12, 26, '1', 80),
(1081, 9, 4, 27, '1', 49),
(1082, 8, 13, 37, 'UTS', 70),
(1083, 123, 12, 26, 'UTS', 85),
(1084, 9, 13, 37, 'UTS', 70),
(1085, 21, 12, 26, '1', 80),
(1086, 13, 4, 27, '1', 77),
(1087, 11, 13, 37, 'UTS', 70),
(1088, 22, 12, 26, '1', 80),
(1089, 13, 13, 37, 'UTS', 75),
(1090, 15, 4, 27, '1', 28),
(1091, 15, 13, 37, 'UTS', 70),
(1092, 17, 4, 27, '1', 75),
(1093, 124, 12, 26, 'UTS', 85),
(1094, 73, 16, 23, 'uts', 70),
(1095, 17, 13, 37, 'UTS', 70),
(1096, 11, 4, 27, '1', 63),
(1097, 24, 13, 37, 'UTS', 74),
(1098, 26, 13, 37, 'UTS', 70),
(1099, 125, 12, 26, 'UTS', 85),
(1100, 29, 13, 37, 'UTS', 85),
(1101, 23, 12, 26, '1', 80),
(1102, 24, 4, 27, '1', 75),
(1103, 74, 16, 23, 'UTS', 70),
(1104, 30, 13, 37, 'UTS', 70),
(1105, 25, 12, 26, '1', 80),
(1106, 30, 4, 27, '1', 49),
(1107, 32, 13, 37, 'UTS', 70),
(1108, 126, 12, 26, 'UTS', 85),
(1109, 27, 12, 26, '1', 80),
(1110, 34, 13, 37, 'UTS', 70),
(1111, 38, 4, 27, '1', 50),
(1112, 28, 12, 26, '1', 80),
(1113, 75, 16, 23, 'UTS', 70),
(1114, 36, 13, 37, 'UTS', 70),
(1115, 47, 4, 27, '1', 55),
(1116, 127, 12, 26, 'UTS', 85),
(1117, 38, 13, 37, 'UTS', 70),
(1118, 31, 12, 26, '1', 80),
(1119, 48, 4, 27, '1', 33),
(1120, 33, 12, 26, '1', 80),
(1121, 128, 12, 26, 'UTS', 85),
(1122, 39, 13, 37, 'UTS', 78),
(1123, 76, 16, 23, 'UTS', 75),
(1124, 35, 12, 26, '1', 80),
(1125, 40, 13, 37, 'UTS', 76),
(1126, 57, 4, 27, '1', 44),
(1127, 37, 12, 26, '1', 80),
(1128, 129, 12, 26, 'UTS', 85),
(1129, 145, 4, 27, '1', 29),
(1130, 42, 13, 37, 'UTS', 70),
(1131, 77, 16, 23, 'UTS', 80),
(1132, 41, 12, 26, '1', 80),
(1133, 45, 13, 37, 'UTS', 75),
(1134, 78, 16, 23, 'UTS', 70),
(1135, 43, 12, 26, '1', 80),
(1136, 130, 12, 26, 'UTS', 85),
(1137, 44, 12, 26, '1', 80),
(1138, 69, 4, 27, '1', 52),
(1141, 79, 16, 23, 'UTS', 75),
(1142, 71, 4, 27, '1', 56),
(1143, 72, 4, 27, '1', 32),
(1144, 131, 12, 26, 'UTS', 85),
(1145, 78, 4, 27, '1', 80),
(1146, 47, 13, 37, 'UTS', 70),
(1147, 48, 13, 37, 'UTS', 70),
(1148, 97, 4, 27, '1', 37),
(1149, 49, 13, 25, 'MID', 70),
(1150, 80, 16, 23, 'UTS', 70),
(1151, 132, 12, 26, 'UTS', 85),
(1152, 50, 13, 37, 'UTS', 70),
(1153, 73, 4, 27, '1', 45),
(1154, 52, 13, 25, 'MID', 70),
(1155, 54, 13, 37, 'UTS', 70),
(1156, 55, 13, 25, 'MID', 70),
(1157, 57, 13, 37, 'UTS', 70),
(1158, 75, 4, 27, '1', 64),
(1159, 133, 12, 26, 'UTS', 85),
(1160, 82, 16, 23, 'UTS', 70),
(1161, 60, 13, 37, 'UTS', 70),
(1162, 59, 13, 25, 'MID', 70),
(1163, 80, 4, 27, '1', 55),
(1164, 145, 13, 37, 'UTS', 70),
(1165, 84, 4, 27, '1', 37),
(1166, 84, 16, 23, 'UTS', 75),
(1167, 88, 4, 27, '1', 80),
(1168, 46, 12, 26, 'UTS', 80),
(1169, 86, 16, 23, 'UTS', 80),
(1170, 92, 4, 27, '1', 37),
(1171, 94, 4, 27, '1', 85),
(1172, 88, 16, 23, 'UTS', 70),
(1173, 51, 12, 26, 'UTS', 80),
(1174, 90, 4, 27, '1', 20),
(1175, 90, 16, 23, 'UTS', 70),
(1176, 99, 4, 27, '1', 44),
(1177, 53, 12, 26, 'UTS', 80),
(1178, 92, 16, 23, 'UTS', 70),
(1179, 70, 4, 27, '1', 41),
(1180, 94, 16, 23, 'UTS', 75),
(1181, 56, 12, 26, 'UTS', 85),
(1182, 102, 4, 27, '1', 80),
(1183, 96, 16, 23, 'UTS', 80),
(1184, 104, 4, 27, '1', 87),
(1185, 58, 12, 26, 'UTS', 80),
(1186, 103, 4, 27, '1', 20),
(1187, 10, 4, 27, '1', 44),
(1188, 97, 16, 23, 'UTS', 70),
(1189, 12, 4, 27, '1', 49),
(1190, 61, 12, 26, 'UTS', 80),
(1191, 99, 16, 23, 'UTS', 70),
(1192, 14, 4, 27, '1', 80),
(1193, 62, 12, 26, 'UTS', 80),
(1194, 16, 4, 27, '1', 44),
(1195, 18, 4, 27, '1', 80),
(1196, 20, 4, 27, '1', 70),
(1197, 21, 4, 27, '1', 70),
(1198, 63, 12, 26, 'UTS', 85),
(1199, 22, 4, 27, '1', 70),
(1200, 101, 16, 23, 'UTS', 80),
(1201, 23, 4, 27, '1', 70),
(1202, 65, 12, 26, 'UTS', 85),
(1203, 27, 4, 27, '1', 70),
(1204, 31, 4, 27, '1', 70),
(1205, 33, 4, 27, '1', 70),
(1206, 66, 12, 26, 'UTS', 80),
(1207, 35, 4, 27, '1', 70),
(1208, 102, 16, 23, 'UTS', 80),
(1209, 37, 4, 27, '1', 70),
(1210, 144, 12, 26, 'UTS', 80),
(1211, 43, 4, 27, '1', 70),
(1212, 103, 16, 23, 'UTS', 70),
(1213, 44, 4, 27, '1', 70),
(1214, 46, 4, 27, '1', 70),
(1215, 10, 9, 26, 'UTS', 85),
(1216, 104, 16, 23, 'UTS', 70),
(1217, 51, 4, 27, '1', 70),
(1218, 12, 9, 26, 'UTS', 85),
(1219, 53, 4, 27, '1', 70),
(1220, 56, 4, 27, '1', 70),
(1221, 105, 16, 23, 'UTS', 75),
(1222, 14, 9, 26, 'UTS', 85),
(1223, 58, 4, 27, '1', 70),
(1224, 61, 4, 27, '1', 70),
(1225, 62, 4, 27, '1', 70),
(1226, 16, 9, 26, 'UTS', 90),
(1227, 65, 4, 27, '1', 70),
(1228, 25, 4, 27, '1', 70),
(1229, 144, 4, 27, '1', 70),
(1230, 68, 4, 27, '1', 70),
(1231, 66, 4, 27, '1', 70),
(1232, 107, 4, 27, '1', 80),
(1233, 18, 9, 26, 'UTS', 85),
(1234, 20, 9, 26, 'UTS', 85),
(1235, 21, 9, 26, 'UTS', 85),
(1236, 22, 9, 26, 'UTS', 85),
(1237, 3, 9, 27, '1', 80),
(1238, 107, 5, 28, 'MID', 70),
(1239, 4, 9, 27, '1', 80),
(1240, 23, 9, 26, 'UTS', 85),
(1241, 3, 2, 25, 'MID', 70),
(1242, 5, 9, 27, '1', 80),
(1243, 25, 9, 26, 'UTS', 85),
(1244, 4, 2, 25, 'MID', 70),
(1245, 6, 9, 27, '1', 75),
(1246, 5, 2, 25, 'MID', 70),
(1247, 6, 2, 25, 'MID', 70),
(1248, 27, 9, 26, 'UTS', 85),
(1249, 7, 2, 25, 'MID', 70),
(1250, 10, 2, 28, '1', 70),
(1251, 8, 2, 25, 'MID', 70),
(1252, 9, 2, 25, 'MID', 70),
(1253, 11, 2, 25, 'MID', 70),
(1254, 28, 9, 26, 'UTS', 85),
(1255, 13, 2, 25, 'MID', 70),
(1256, 15, 2, 25, 'MID', 70),
(1257, 7, 9, 27, '1', 75),
(1258, 17, 2, 25, 'MID', 70),
(1259, 8, 9, 27, '1', 80),
(1260, 24, 2, 25, 'MID', 80),
(1261, 26, 2, 25, 'MID', 70),
(1262, 9, 9, 27, '1', 70),
(1263, 29, 2, 25, 'MID', 70),
(1264, 30, 2, 25, 'MID', 70),
(1265, 13, 9, 27, '1', 80),
(1266, 32, 2, 25, 'MID', 70),
(1267, 34, 2, 25, 'MID', 70),
(1268, 15, 9, 27, '1', 80),
(1269, 36, 2, 25, 'MID', 70),
(1270, 38, 2, 25, 'MID', 70),
(1271, 17, 9, 27, '1', 75),
(1272, 39, 2, 25, 'MID', 70),
(1273, 11, 9, 27, '1', 75),
(1274, 31, 9, 26, 'UTS', 85),
(1275, 40, 2, 25, 'MID', 80),
(1276, 42, 2, 25, 'MID', 70),
(1277, 45, 2, 25, 'MID', 70),
(1278, 47, 2, 25, 'MID', 70),
(1279, 48, 2, 25, 'MID', 70),
(1280, 49, 2, 25, 'MID', 70),
(1281, 50, 2, 25, 'MID', 70),
(1282, 28, 4, 27, '1', 90),
(1283, 52, 2, 25, 'MID', 80),
(1284, 41, 4, 27, '1', 85),
(1285, 3, 16, 25, 'mid', 80),
(1286, 3, 17, 25, 'mid', 80),
(1287, 4, 16, 25, 'mid', 80);

-- --------------------------------------------------------

--
-- Struktur dari tabel `rating_portfolio`
--

CREATE TABLE `rating_portfolio` (
  `id` bigint(20) UNSIGNED NOT NULL,
  `student_id` int(10) UNSIGNED NOT NULL,
  `course_id` int(10) UNSIGNED NOT NULL,
  `user_id` int(11) UNSIGNED NOT NULL,
  `name` varchar(255) NOT NULL,
  `value` int(11) NOT NULL
) ENGINE=InnoDB DEFAULT CHARSET=latin1;

-- --------------------------------------------------------

--
-- Struktur dari tabel `rating_practice`
--

CREATE TABLE `rating_practice` (
  `id` bigint(20) UNSIGNED NOT NULL,
  `student_id` int(10) UNSIGNED NOT NULL,
  `course_id` int(10) UNSIGNED NOT NULL,
  `user_id` int(11) UNSIGNED NOT NULL,
  `name` varchar(255) NOT NULL,
  `value` int(11) NOT NULL
) ENGINE=InnoDB DEFAULT CHARSET=latin1;

-- --------------------------------------------------------

--
-- Struktur dari tabel `rating_project`
--

CREATE TABLE `rating_project` (
  `id` bigint(20) UNSIGNED NOT NULL,
  `student_id` int(10) UNSIGNED NOT NULL,
  `course_id` int(10) UNSIGNED NOT NULL,
  `user_id` int(11) UNSIGNED NOT NULL,
  `name` varchar(255) NOT NULL,
  `value` int(11) NOT NULL
) ENGINE=InnoDB DEFAULT CHARSET=latin1;

-- --------------------------------------------------------

--
-- Struktur dari tabel `rating_skill`
--

CREATE TABLE `rating_skill` (
  `id` bigint(20) UNSIGNED NOT NULL,
  `student_id` int(10) UNSIGNED NOT NULL,
  `course_id` int(10) UNSIGNED NOT NULL,
  `user_id` int(11) UNSIGNED NOT NULL,
  `name` varchar(255) NOT NULL,
  `value` int(11) NOT NULL
) ENGINE=InnoDB DEFAULT CHARSET=latin1;

--
-- Dumping data untuk tabel `rating_skill`
--

INSERT INTO `rating_skill` (`id`, `student_id`, `course_id`, `user_id`, `name`, `value`) VALUES
(1, 9, 3, 32, 'Praktek', 75),
(2, 11, 11, 23, 'Praktek', 75),
(3, 30, 12, 26, 'PSIKOMOTOR', 70),
(4, 3, 3, 32, 'praktek', 75),
(5, 3, 11, 23, 'Praktek', 75),
(6, 4, 3, 32, 'praktek', 75),
(7, 4, 11, 23, 'Praktek', 80),
(8, 5, 11, 23, 'Praktek', 75),
(9, 6, 11, 23, 'Praktek', 75),
(10, 8, 11, 23, 'Praktek', 0),
(11, 5, 3, 32, 'praktek', 75),
(12, 7, 11, 23, 'Praktek', 0),
(13, 9, 11, 23, 'Praktek', 80),
(14, 6, 3, 32, 'praktek', 80),
(15, 13, 11, 23, 'Praktek', 80),
(16, 7, 3, 32, 'praktek', 75),
(17, 8, 3, 32, 'praktek', 75),
(18, 11, 3, 32, 'praktek', 75),
(19, 15, 11, 23, 'Praktek', 0),
(20, 13, 3, 32, 'praktek', 70),
(21, 15, 3, 32, 'praktek', 60),
(22, 4, 12, 26, 'Psikomotor', 81),
(23, 3, 12, 26, 'Psikomotor', 45),
(24, 5, 12, 26, 'Psikomotor', 55),
(25, 6, 12, 26, 'Psikomotor', 87),
(26, 7, 12, 26, 'Psikomotor', 55),
(27, 8, 12, 26, 'Psikomotor', 30),
(28, 11, 12, 26, 'Psikomotor', 45),
(29, 13, 12, 26, 'Psikomotor', 92),
(30, 15, 12, 26, 'Psikomotor', 5),
(31, 17, 12, 26, 'Psikomotor', 76),
(32, 24, 12, 26, 'Psikomotor', 81),
(33, 26, 12, 26, 'Psikomotor', 76),
(34, 29, 12, 26, 'Psikomotor', 92),
(35, 32, 12, 26, 'PSIKOMOTOR', 76),
(37, 34, 12, 26, 'PSIKOMOTOR', 79),
(38, 36, 12, 26, 'PSIKOMOTOR', 84),
(39, 38, 12, 26, 'PSIKOMOTOR', 23),
(40, 39, 12, 26, 'PSIKOMOTOR', 91),
(41, 40, 12, 26, 'PSIKOMOTOR', 91),
(42, 42, 12, 26, 'PSIKOMOTOR', 79),
(43, 45, 12, 26, 'PSIKOMOTOR', 79),
(44, 48, 12, 26, 'PSIKOMOTOR', 41),
(45, 49, 12, 26, 'PSIKOMOTOR', 31),
(46, 7, 5, 28, 'Praktek', 70),
(47, 3, 5, 28, 'Praktek', 70),
(48, 4, 5, 28, 'Praktek', 70),
(49, 6, 5, 28, 'Praktek', 75),
(50, 7, 5, 28, 'Praktek', 70),
(51, 8, 5, 28, 'Praktek', 70),
(52, 9, 5, 28, 'Praktek', 70),
(53, 50, 12, 26, 'PSIKOMOTOR', 61),
(54, 11, 5, 28, 'Praktek', 70),
(55, 52, 12, 26, 'PSIKOMOTOR', 76),
(56, 54, 12, 26, 'PSIKOMOTOR', 76),
(57, 55, 12, 26, 'PSIKOMOTOR', 76),
(58, 13, 5, 28, 'Praktek', 75),
(59, 57, 12, 26, 'PSIKOMOTOR', 81),
(60, 17, 3, 32, 'praktek', 75),
(61, 15, 5, 28, 'Praktek', 70),
(62, 24, 3, 32, 'praktek', 80),
(63, 59, 12, 26, 'PSIKOMOTOR', 91),
(64, 26, 3, 32, 'praktek', 80),
(65, 17, 5, 28, 'Praktek', 75),
(66, 17, 11, 23, 'praktek', 75),
(67, 60, 12, 26, 'PSIKOMOTOR', 64),
(68, 30, 3, 32, 'praktek', 70),
(69, 24, 5, 28, 'Praktek', 75),
(70, 32, 3, 32, 'praktek', 80),
(71, 34, 3, 32, 'praktek', 75),
(72, 26, 5, 28, 'Praktek', 70),
(73, 145, 12, 26, 'PSIKOMOTOR', 76),
(74, 36, 3, 32, 'praktek', 80),
(75, 146, 12, 26, 'PSIKOMOTOR', 11),
(76, 29, 5, 28, 'Praktek', 70),
(77, 38, 3, 32, 'praktek', 75),
(78, 39, 3, 32, 'praktek', 75),
(79, 30, 5, 28, 'Praktek', 70),
(80, 24, 11, 23, 'praktek', 75),
(81, 32, 5, 28, 'Praktek', 70),
(82, 40, 3, 32, 'praktek', 75),
(83, 111, 12, 26, 'PSIKOMOTOR', 54),
(84, 3, 1, 29, 'keterampilan', 70),
(85, 42, 3, 32, 'praktek', 80),
(86, 4, 1, 29, 'keterampilan', 72),
(87, 45, 3, 32, 'praktek', 75),
(88, 5, 1, 29, 'keterampilan', 70),
(89, 6, 1, 29, 'keterampilan', 72),
(90, 112, 12, 26, 'PSIKOMOTOR', 39),
(91, 26, 11, 23, 'praktek', 80),
(92, 47, 3, 32, 'praktek', 70),
(93, 34, 5, 28, 'Praktek', 70),
(94, 8, 1, 29, 'keterampilan', 70),
(95, 48, 3, 32, 'praktek', 70),
(96, 9, 1, 29, 'keterampilan', 72),
(97, 11, 1, 29, 'keterampilan', 70),
(98, 36, 5, 28, 'Praktek', 70),
(99, 49, 3, 32, 'praktek', 75),
(100, 13, 1, 29, 'keterampilan', 83),
(101, 38, 5, 28, 'Praktek', 70),
(102, 50, 3, 32, 'praktek', 75),
(103, 15, 1, 29, 'keterampilan', 70),
(104, 17, 1, 29, 'keterampilan', 72),
(105, 24, 1, 29, 'keterampilan', 75),
(106, 52, 3, 32, 'praktek', 75),
(107, 26, 1, 29, 'keterampilan', 72),
(108, 29, 1, 29, 'keterampilan', 70),
(109, 30, 1, 29, 'keterampilan', 70),
(110, 54, 3, 32, 'praktek', 75),
(111, 32, 1, 29, 'keterampilan', 76),
(112, 34, 1, 29, 'keterampilan', 70),
(113, 22, 8, 25, 'KETERAMPILAN', 75),
(114, 36, 1, 29, 'keterampilan', 80),
(115, 29, 11, 23, 'praktek', 75),
(116, 38, 1, 29, 'keterampilan', 71),
(117, 55, 3, 32, 'praktek', 80),
(118, 39, 1, 29, 'keterampilan', 72),
(119, 40, 1, 29, 'keterampilan', 85),
(120, 25, 8, 25, 'KETERAMPILAN', 75),
(121, 42, 1, 29, 'keterampilan', 75),
(122, 28, 8, 25, 'KETERAMPILAN', 75),
(123, 45, 1, 29, 'keterampilan', 80),
(124, 47, 1, 29, 'keterampilan', 70),
(125, 21, 8, 25, 'KETERAMPILAN', 75),
(126, 113, 12, 26, 'PSIKOMOTOR', 51),
(127, 39, 5, 28, 'Praktek', 70),
(128, 48, 1, 29, 'keterampilan', 72),
(129, 61, 8, 25, 'KETERAMPILAN', 75),
(130, 49, 1, 29, 'keterampilan', 70),
(131, 66, 8, 25, 'KETERAMPILAN', 75),
(132, 50, 1, 29, 'keterampilan', 72),
(133, 145, 3, 32, 'praktek', 60),
(134, 52, 1, 29, 'keterampilan', 72),
(135, 41, 8, 25, 'KETERAMPILAN', 75),
(136, 54, 1, 29, 'keterampilan', 71),
(137, 40, 5, 28, 'Praktek', 75),
(138, 37, 8, 25, 'KETERAMPILAN', 75),
(139, 55, 1, 29, 'keterampilan', 72),
(140, 57, 3, 32, 'praktek', 75),
(141, 63, 8, 25, 'KETERAMPILAN', 75),
(142, 65, 8, 25, 'KETERAMPILAN', 75),
(143, 42, 5, 28, 'Praktek', 75),
(144, 57, 1, 29, 'keterampilan', 71),
(145, 59, 3, 32, 'praktek', 80),
(146, 144, 8, 25, 'KETERAMPILAN', 75),
(147, 59, 1, 29, 'keterampilan', 80),
(148, 115, 12, 26, 'PSIKOMOTOR', 41),
(149, 60, 1, 29, 'keterampilan', 70),
(150, 145, 1, 29, 'keterampilan', 72),
(151, 79, 8, 25, 'KETERAMPILAN', 75),
(152, 60, 3, 32, 'praktek', 75),
(153, 146, 1, 29, 'keterampilan', 70),
(154, 45, 5, 28, 'Praktek', 75),
(155, 86, 8, 25, 'KETERAMPILAN', 75),
(156, 96, 8, 25, 'KETERAMPILAN', 75),
(157, 116, 12, 26, 'PSIKOMOTOR', 81),
(158, 146, 3, 32, 'praktek', 60),
(159, 30, 11, 23, 'praktek', 75),
(160, 84, 8, 25, 'KETERAMPILAN', 75),
(161, 47, 5, 28, 'Praktek', 70),
(162, 117, 12, 26, 'PSIKOMOTOR', 26),
(163, 48, 5, 28, 'Praktek', 70),
(164, 10, 3, 32, 'praktek', 50),
(165, 10, 11, 23, 'keterampilan', 70),
(166, 49, 5, 28, 'Praktek', 70),
(167, 32, 11, 23, 'praktek', 80),
(168, 107, 8, 25, 'KETERAMPILAN', 75),
(169, 74, 8, 25, 'KETERAMPILAN', 75),
(170, 50, 5, 28, 'Praktek', 75),
(171, 105, 8, 25, 'KETERAMPILAN', 75),
(172, 12, 11, 23, 'keterampilan', 70),
(173, 101, 8, 25, 'KETERAMPILAN', 75),
(174, 12, 3, 32, 'praktek', 70),
(175, 94, 8, 25, 'KETERAMPILAN', 75),
(176, 14, 3, 32, 'praktek', 75),
(177, 52, 5, 28, 'Praktek', 75),
(178, 118, 12, 26, 'PSIKOMOTOR', 81),
(179, 54, 5, 28, 'Praktek', 75),
(180, 14, 11, 23, 'keterampilan', 75),
(181, 16, 3, 32, 'praktek', 65),
(182, 3, 8, 24, 'KETERAMPILAN', 75),
(183, 55, 5, 28, 'Praktek', 70),
(184, 18, 3, 32, 'praktek', 80),
(185, 4, 8, 24, 'KETERAMPILAN', 75),
(186, 119, 12, 26, 'PSIKOMOTOR', 0),
(187, 36, 11, 23, 'praktek', 80),
(188, 5, 8, 24, 'KETERAMPILAN', 75),
(189, 16, 11, 23, 'keterampilan', 70),
(190, 69, 1, 30, 'praktek', 77),
(191, 76, 10, 31, 'keterampilan', 70),
(192, 6, 8, 24, 'KETERAMPILAN', 75),
(193, 20, 3, 32, 'praktek', 75),
(194, 70, 1, 30, 'praktek', 0),
(195, 7, 8, 24, 'KETERAMPILAN', 75),
(196, 57, 5, 28, 'Praktek', 70),
(197, 71, 1, 30, 'praktek', 75),
(198, 21, 3, 32, 'praktek', 75),
(199, 77, 10, 31, 'keterampilan', 0),
(200, 8, 8, 24, 'KETERAMPILAN', 75),
(201, 72, 1, 30, 'praktek', 0),
(202, 9, 8, 24, 'KETERAMPILAN', 75),
(203, 120, 12, 26, 'PSIKOMOTOR', 41),
(204, 38, 11, 23, 'praktek', 75),
(205, 18, 11, 23, 'keterampilan', 85),
(206, 11, 8, 24, 'KETERAMPILAN', 75),
(207, 73, 1, 30, 'praktek', 0),
(208, 78, 10, 31, 'keterampilan', 0),
(209, 13, 8, 24, 'KETERAMPILAN', 75),
(210, 59, 5, 28, 'Praktek', 75),
(211, 15, 8, 24, 'KATERAMPILAN', 75),
(212, 74, 1, 30, 'praktek', 0),
(213, 22, 3, 32, 'praktek', 80),
(214, 75, 1, 30, 'praktek', 0),
(215, 17, 8, 24, 'KETERAMPILAN', 75),
(216, 76, 1, 30, 'praktek', 75),
(217, 79, 10, 31, 'keterampilan', 80),
(218, 20, 11, 23, 'keterampilan', 60),
(219, 24, 8, 24, 'KETERAMPILAN', 77),
(220, 60, 5, 28, 'PRAKTEK', 75),
(221, 23, 3, 32, 'praktek', 60),
(222, 77, 1, 30, 'praktek', 79),
(223, 26, 8, 24, 'KETERAMPILAN', 76),
(224, 78, 1, 30, 'praktek', 0),
(225, 29, 8, 24, 'KETERAMPILAN', 77),
(226, 121, 12, 26, 'PSIKOMOTOR', 19),
(227, 145, 5, 28, 'PRAKTEK', 70),
(228, 80, 10, 31, 'keterampilan', 0),
(229, 25, 3, 32, 'praktek', 60),
(230, 79, 1, 30, 'praktek', 72),
(231, 30, 8, 24, 'KETERAMPILAN', 75),
(232, 32, 8, 24, 'KETERAMPILAN', 75),
(233, 82, 1, 30, 'praktek', 74),
(234, 146, 5, 28, 'PRAKTEK', 70),
(235, 21, 11, 23, 'keterampilan', 80),
(236, 84, 1, 30, 'praktek', 73),
(237, 82, 10, 31, 'keterampilan', 0),
(238, 34, 8, 24, 'KETERAMPILAN', 75),
(239, 86, 1, 30, 'praktek', 75),
(240, 10, 5, 28, 'PRAKTEK', 75),
(241, 36, 8, 24, 'KETERAMPILAN', 75),
(242, 88, 1, 30, 'praktek', 74),
(243, 84, 10, 31, 'keterampilan', 0),
(244, 90, 1, 30, 'praktek', 75),
(245, 38, 8, 24, 'KETERAMPILAN', 75),
(246, 39, 11, 23, 'praktek', 75),
(247, 12, 5, 28, 'PRAKTEK', 78),
(248, 92, 1, 30, 'praktek', 0),
(249, 39, 8, 24, 'KETERAMPILAN', 78),
(250, 22, 11, 23, 'keterampilan', 75),
(251, 14, 5, 28, 'PRAKTEK', 80),
(252, 86, 10, 31, 'keterampilan', 80),
(253, 94, 1, 30, 'praktek', 77),
(254, 40, 8, 24, 'KETERAMPILAN', 75),
(255, 16, 5, 28, 'PRAKTEK', 75),
(256, 96, 1, 30, 'praktek', 78),
(257, 42, 8, 24, 'KETERAMPILAN', 75),
(258, 18, 5, 28, 'PRAKTEK', 80),
(259, 20, 5, 28, 'PRAKTEK', 75),
(260, 97, 1, 30, '[praktek', 0),
(261, 88, 10, 31, 'keterampilan', 0),
(262, 99, 1, 30, 'praktek', 0),
(263, 21, 5, 28, 'PRAKTEK', 80),
(264, 101, 1, 30, 'praktek', 79),
(265, 22, 5, 28, 'PRAKTEK', 80),
(266, 23, 11, 23, 'keterampilan', 60),
(267, 45, 8, 24, 'KETERAMPILAN', 75),
(268, 40, 11, 23, 'praktek', 75),
(269, 102, 1, 30, 'praktek', 76),
(270, 23, 5, 28, 'PRAKTEK', 80),
(271, 47, 8, 24, 'KETERAMPILAN', 75),
(272, 103, 1, 30, 'praktek', 0),
(273, 90, 10, 31, 'keterampilan', 0),
(274, 25, 5, 28, 'PRAKTEK', 75),
(275, 48, 8, 24, 'KETERAMPILAN', 76),
(276, 104, 1, 30, 'praktek', 0),
(277, 27, 5, 28, 'PRAKTEK', 75),
(278, 105, 1, 30, 'praktek', 75),
(279, 49, 8, 24, 'KETERAMPILAN', 75),
(280, 107, 1, 30, 'praktek', 77),
(281, 25, 11, 23, 'keterampilan', 60),
(282, 50, 8, 24, 'KETERAMPILAN', 75),
(283, 28, 5, 28, 'PRAKTEK', 80),
(284, 92, 10, 31, 'keterampilan', 0),
(285, 10, 1, 30, 'praktek', 0),
(286, 12, 1, 30, 'praktek', 0),
(287, 31, 5, 28, 'PRAKTEK', 80),
(288, 52, 8, 24, 'KETERAMPILAN', 76),
(289, 14, 1, 30, 'praktek', 0),
(290, 33, 5, 28, 'PRAKTEK', 0),
(291, 16, 1, 30, 'praktek', 75),
(292, 54, 8, 24, 'KETERAMPILAN', 75),
(293, 35, 5, 28, 'PRAKTEK', 0),
(294, 94, 10, 31, 'keterampilan', 0),
(295, 18, 1, 30, 'praktek', 80),
(296, 20, 1, 30, 'praktek', 0),
(297, 55, 8, 24, 'KETERAMPILAN', 75),
(298, 42, 11, 23, 'praktek', 75),
(299, 37, 5, 28, 'PRAKTEK', 80),
(300, 21, 1, 30, 'praktek', 80),
(301, 27, 3, 32, 'praktek', 70),
(302, 27, 11, 23, 'keterampilan', 60),
(303, 57, 8, 24, 'KETERAMPILAN', 75),
(304, 22, 1, 30, 'praktek', 77),
(305, 96, 10, 31, 'keterampilan', 75),
(306, 23, 1, 30, 'praktek', 75),
(307, 59, 8, 24, 'KETERAMPILAN', 75),
(308, 41, 5, 28, 'praktek', 78),
(309, 25, 1, 30, 'praktek', 0),
(310, 60, 8, 24, 'KETERAMPILAN', 75),
(311, 28, 3, 32, 'praktek', 80),
(312, 27, 1, 30, 'praktek', 0),
(313, 43, 5, 28, 'PRAKTEK', 0),
(314, 145, 8, 24, 'KETERAMPILAN', 75),
(315, 44, 5, 28, 'PRAKTEK', 0),
(316, 28, 1, 30, 'praktek', 0),
(317, 45, 11, 23, 'praktek', 75),
(318, 146, 8, 24, 'KETERAMPILAN', 76),
(319, 46, 5, 28, 'PRAKTEK', 0),
(320, 31, 1, 30, 'praktek', 72),
(321, 97, 10, 31, 'keterampilan', 65),
(322, 28, 11, 23, 'keterampilan', 85),
(323, 31, 3, 32, 'praktek', 70),
(324, 33, 1, 30, 'praktek', 70),
(325, 51, 5, 28, 'PRAKTEK', 0),
(326, 35, 1, 30, 'praktek', 75),
(327, 53, 5, 28, 'PRAKTEK', 78),
(328, 37, 1, 30, 'praktek', 75),
(329, 41, 1, 30, 'praktek', 0),
(330, 58, 5, 28, 'PRAKTEK', 78),
(331, 33, 3, 32, 'praktek', 60),
(332, 47, 11, 23, 'praktek', 75),
(333, 99, 10, 31, 'keterampilan', 0),
(334, 43, 1, 30, 'praktek', 0),
(335, 61, 5, 28, 'PAKTEK', 78),
(336, 44, 1, 30, 'praktek', 0),
(337, 31, 11, 23, 'keterampilan', 60),
(338, 62, 5, 28, 'PRAKTEK', 80),
(339, 44, 1, 30, 'praktek', 0),
(340, 101, 10, 31, 'keterampilan', 80),
(341, 63, 5, 28, 'PRAKTEK', 78),
(342, 35, 3, 32, 'praktek', 60),
(343, 46, 1, 30, 'praktek', 0),
(344, 65, 5, 28, 'PRAKTEK', 78),
(345, 51, 1, 30, 'praktek', 0),
(346, 102, 10, 31, 'keterampilan', 80),
(347, 37, 3, 32, 'praktek', 80),
(348, 53, 1, 30, 'praktek', 72),
(349, 33, 11, 23, 'keterampilan', 0),
(350, 66, 5, 28, 'PRAKTEK', 80),
(351, 58, 1, 30, 'praktek', 0),
(352, 61, 1, 30, 'praktek', 72),
(353, 103, 10, 31, 'keterampilan', 0),
(354, 41, 3, 32, 'praktek', 70),
(355, 62, 1, 30, 'praktek', 0),
(356, 68, 5, 28, 'PRAKTEK', 80),
(357, 63, 1, 30, 'praktek', 72),
(358, 104, 10, 31, 'keterampilan', 0),
(359, 144, 5, 28, 'PRAKTEK', 85),
(360, 43, 3, 32, 'praktek', 75),
(361, 65, 1, 30, 'praktek', 72),
(362, 66, 1, 30, 'praktek', 0),
(363, 35, 11, 23, 'keterampilan', 70),
(364, 68, 1, 30, 'praktek', 0),
(365, 105, 10, 31, 'keterampilan', 0),
(366, 144, 1, 30, 'praktek', 0),
(367, 107, 10, 31, 'keterampilan', 0),
(368, 48, 11, 23, 'praktek', 75),
(369, 44, 3, 32, 'praktek', 75),
(370, 37, 11, 23, 'keterampilan', 80),
(371, 46, 3, 32, 'praktek', 60),
(372, 3, 10, 31, 'keterampilan', 70),
(373, 51, 3, 32, 'praktek', 70),
(374, 69, 11, 23, 'Keterampilan', 70),
(375, 4, 10, 31, 'keterampilan', 70),
(376, 53, 3, 32, 'praktek', 65),
(377, 5, 10, 31, 'keterampilan', 75),
(378, 6, 10, 31, 'keterampilan', 70),
(379, 7, 10, 31, 'keterampilan', 75),
(380, 7, 10, 31, 'keterampilan', 75),
(381, 41, 11, 23, 'keterampilan', 70),
(382, 8, 10, 31, 'keterampilan', 70),
(383, 56, 3, 32, 'praktek', 70),
(384, 9, 10, 31, 'keterampilan', 75),
(385, 11, 10, 31, 'keterampilan', 70),
(386, 15, 10, 31, 'keterampilan', 65),
(387, 17, 10, 31, 'keterampilan', 70),
(388, 58, 3, 32, 'praktek', 70),
(389, 24, 10, 31, 'keterampilan', 75),
(390, 26, 10, 31, 'keterampilan', 75),
(391, 43, 11, 23, 'keterampilan', 0),
(392, 29, 10, 31, 'keterampilan', 70),
(393, 30, 10, 31, 'keterampilan', 75),
(394, 61, 3, 32, 'praktek', 75),
(395, 70, 11, 23, 'Keterampilan', 0),
(396, 32, 10, 31, 'keterampilan', 75),
(397, 34, 10, 31, 'keterampilan', 75),
(398, 36, 10, 31, 'keterampilan', 70),
(399, 38, 10, 31, 'keterampilan', 65),
(400, 39, 10, 31, 'keterampilan', 70),
(401, 62, 3, 32, 'praktek', 80),
(402, 44, 11, 23, 'keterampilan', 70),
(403, 40, 10, 31, 'keterampilan', 75),
(404, 71, 11, 23, 'Keterampilan', 80),
(405, 42, 10, 31, 'keterampilan', 75),
(406, 45, 10, 31, 'keterampilan', 75),
(407, 47, 10, 31, 'keterampilan', 70),
(408, 63, 3, 32, 'praktek', 80),
(409, 48, 10, 31, 'keterampilan', 75),
(410, 49, 10, 31, 'keterampilan', 75),
(411, 50, 10, 31, 'keterampilan', 70),
(412, 52, 10, 31, 'keterampilan', 70),
(413, 65, 3, 32, 'praktek', 80),
(414, 54, 10, 31, 'keterampilan', 70),
(415, 55, 10, 31, 'keterampilan', 70),
(416, 46, 11, 23, 'keterampilan', 60),
(417, 72, 11, 23, 'Keterampilan', 0),
(418, 57, 10, 31, 'keterampilan', 75),
(419, 59, 10, 31, 'keterampilan', 75),
(420, 60, 10, 31, 'keterampilan', 75),
(421, 51, 11, 23, 'keterampilan', 60),
(422, 73, 11, 23, 'Keterampilan', 60),
(423, 145, 10, 31, 'keterampilan', 75),
(424, 74, 11, 23, 'Keterampilan', 0),
(425, 146, 10, 31, 'keterampilan', 60),
(426, 53, 11, 23, 'keterampilan', 70),
(427, 66, 2, 38, '1', 80),
(428, 10, 10, 31, 'keterampilan', 0),
(429, 12, 10, 31, 'keterampilan', 0),
(430, 75, 11, 23, 'Keterampilan', 70),
(431, 18, 2, 38, '1', 75),
(432, 14, 10, 31, 'keterampilan', 0),
(433, 49, 11, 23, 'praktek', 75),
(434, 16, 10, 31, 'keterampilan', 0),
(435, 21, 10, 31, 'keterampilan', 0),
(436, 35, 2, 38, '1', 75),
(437, 76, 11, 23, 'Keterampilan', 80),
(438, 20, 10, 31, 'keterampilan', 0),
(439, 22, 10, 31, 'keterampilan', 70),
(440, 77, 11, 23, 'Keterampilan', 75),
(441, 56, 11, 23, 'keterampilan', 60),
(442, 23, 10, 31, 'keterampilan', 0),
(443, 16, 2, 38, '1', 70),
(444, 25, 10, 31, 'keterampilan', 0),
(445, 27, 10, 31, 'keterampilan', 0),
(446, 67, 3, 32, 'praktek', 0),
(447, 51, 2, 38, '1', 70),
(448, 28, 10, 31, 'keterampilan', 85),
(449, 22, 2, 38, '1', 75),
(450, 68, 3, 32, 'praktek', 0),
(451, 31, 10, 31, 'keterampilan', 0),
(452, 78, 11, 23, 'Keterampilan', 60),
(453, 61, 11, 23, 'keterampilan', 75),
(454, 33, 10, 31, 'keterampilan', 0),
(455, 28, 2, 38, '1', 80),
(456, 35, 10, 31, 'keterampilan', 0),
(457, 144, 3, 32, 'praktek', 70),
(458, 79, 11, 23, 'Keterampilan', 75),
(459, 37, 10, 31, 'keterampilan', 0),
(460, 63, 2, 38, '1', 70),
(461, 41, 10, 31, 'keterampilan', 0),
(462, 62, 11, 23, 'keterampilan', 75),
(463, 43, 10, 31, 'keterampilan', 0),
(464, 50, 11, 23, 'praktek', 75),
(465, 44, 10, 31, 'keterampilan', 0),
(466, 46, 10, 31, 'keterampilan', 0),
(467, 80, 11, 23, 'Keterampilan', 0),
(468, 69, 2, 38, '1', 78),
(469, 61, 2, 38, '1', 70),
(470, 51, 10, 31, 'keterampilan', 0),
(471, 70, 2, 38, '1', 64),
(472, 65, 2, 38, '1', 75),
(473, 63, 11, 23, 'Keterampilan', 80),
(474, 82, 11, 23, 'Keterampilan', 70),
(475, 21, 2, 38, '1', 75),
(476, 53, 10, 31, 'keterampilan', 0),
(477, 56, 10, 31, 'keterampilan', 0),
(478, 84, 11, 23, 'Keterampilan', 60),
(479, 58, 10, 31, 'keterampilan', 0),
(480, 71, 2, 38, '1', 70),
(481, 61, 10, 31, 'keterampilan', 0),
(482, 68, 2, 38, '1', 70),
(483, 52, 11, 23, 'praktek', 75),
(484, 62, 10, 31, 'keterampilan', 80),
(485, 86, 11, 23, 'Keterampilan', 80),
(486, 63, 10, 31, 'keterampilan', 0),
(487, 37, 2, 38, '1', 85),
(488, 64, 10, 31, 'keterampilan', 0),
(489, 72, 2, 38, '1', 51),
(490, 65, 10, 31, 'keterampilan', 0),
(491, 65, 11, 23, 'Keterampilan', 75),
(492, 23, 2, 38, '1', 70),
(493, 66, 10, 31, 'keterampilan', 0),
(494, 73, 2, 38, '1', 51),
(495, 54, 11, 23, 'praktek', 80),
(496, 67, 10, 31, 'keterampilan', 0),
(497, 88, 11, 23, 'Keterampilan', 70),
(498, 68, 10, 31, 'keterampilan', 0),
(499, 74, 2, 38, '1', 65),
(500, 144, 10, 31, 'keterampilan', 0),
(501, 75, 2, 38, '1', 58),
(502, 66, 11, 23, 'Keterampilan', 0),
(503, 90, 11, 23, 'Keterampilan', 75),
(504, 55, 11, 23, 'praktek', 0),
(505, 76, 2, 38, '1', 73),
(506, 46, 2, 38, '1', 72),
(507, 92, 11, 23, 'Keterampilan', 60),
(508, 77, 2, 38, '1', 75),
(509, 31, 2, 38, '1', 70),
(510, 68, 11, 23, 'Keterampilan', 0),
(511, 78, 2, 38, '1', 50),
(512, 57, 11, 23, 'praktek', 75),
(513, 33, 2, 38, '1', 60),
(514, 94, 11, 23, 'Keterampilan', 70),
(515, 79, 2, 38, '1', 60),
(516, 41, 2, 38, '1', 50),
(517, 80, 2, 38, '1', 50),
(518, 59, 11, 23, 'praktek', 75),
(519, 96, 11, 23, 'Keterampilan', 80),
(520, 53, 2, 38, '1', 55),
(521, 82, 2, 38, '1', 50),
(522, 84, 2, 38, '1', 50),
(523, 60, 11, 23, 'praktek', 75),
(524, 86, 2, 38, '1', 85),
(525, 97, 11, 23, 'Keterampilan', 0),
(526, 145, 11, 23, 'praktek', 75),
(527, 88, 2, 38, '1', 58),
(528, 144, 11, 23, 'Keterampilan', 85),
(529, 90, 2, 38, '1', 89),
(530, 27, 2, 38, '1', 55),
(531, 92, 2, 38, '1', 51),
(532, 14, 2, 38, '1', 70),
(533, 94, 2, 38, '1', 54),
(534, 99, 11, 23, 'Keterampilan', 0),
(535, 96, 2, 38, '1', 62),
(536, 101, 11, 23, 'Keterampilan', 75),
(537, 97, 2, 38, '1', 50),
(538, 99, 2, 38, '1', 54),
(539, 102, 11, 23, 'Keterampilan', 75),
(540, 62, 2, 38, '1', 50),
(541, 101, 2, 38, '1', 58),
(542, 58, 2, 38, '1', 60),
(543, 103, 11, 23, 'Keterampilan', 60),
(544, 102, 2, 38, '1', 72),
(545, 103, 2, 38, '1', 50),
(546, 144, 2, 38, '1', 75),
(547, 104, 11, 23, 'Keterampilan', 70),
(548, 104, 2, 38, '1', 52),
(549, 44, 2, 38, '1', 51),
(550, 122, 12, 26, 'PSIKOMOTOR', 78),
(551, 105, 2, 38, '1', 67),
(552, 3, 13, 37, 'Keterampilan', 70),
(553, 105, 11, 23, 'Keterampilan', 70),
(554, 107, 2, 38, '1', 88),
(555, 20, 2, 38, '1', 28),
(556, 107, 11, 23, 'Keterampilan', 0),
(557, 4, 13, 37, 'Keterampilan', 70),
(558, 43, 2, 38, '1', 29),
(559, 3, 4, 27, '1', 51),
(560, 4, 4, 27, '1', 64),
(561, 6, 13, 37, 'keterampilan', 70),
(562, 6, 4, 27, '1', 63),
(563, 5, 13, 37, 'keterampilan', 70),
(564, 7, 13, 37, 'keterampilan', 70),
(565, 8, 13, 37, 'keterampilan', 70),
(566, 9, 13, 37, 'keterampilan', 70),
(567, 123, 12, 26, 'PSIKOMOTOR', 61),
(568, 13, 4, 27, '1', 77),
(569, 123, 12, 26, 'PSIKOMOTOR', 61),
(570, 11, 13, 37, 'keterampilan', 70),
(571, 13, 13, 37, 'keterampilan', 75),
(572, 15, 13, 37, 'keterampilan', 70),
(573, 10, 12, 26, '1', 71),
(574, 12, 12, 26, '1', 71),
(575, 14, 12, 26, '1', 71),
(576, 17, 13, 37, 'keterampilan', 70),
(577, 16, 12, 26, '1', 71),
(578, 18, 12, 26, '1', 87),
(579, 24, 13, 37, 'keterampilan', 74),
(580, 20, 12, 26, '1', 71),
(581, 21, 12, 26, '1', 89),
(582, 26, 13, 37, 'keterampilan', 70),
(583, 22, 12, 26, '1', 71),
(584, 125, 12, 26, 'PSIKOMOTOR', 26),
(585, 29, 13, 37, 'keterampilan', 85),
(586, 23, 12, 26, '1', 71),
(587, 30, 13, 37, 'keterampilan', 70),
(588, 25, 12, 26, '1', 71),
(589, 32, 13, 37, 'keterampilan', 70),
(590, 126, 12, 26, 'PSIKOMOTOR', 0),
(591, 27, 12, 26, '1', 88),
(592, 34, 13, 37, 'keterampilan', 70),
(593, 28, 12, 26, '1', 96),
(594, 36, 13, 37, 'keterampilan', 70),
(595, 127, 12, 26, 'PSIKOMOTOR', 26),
(596, 38, 13, 37, 'keterampilan', 70),
(597, 31, 12, 26, '1', 76),
(598, 33, 12, 26, '1', 70),
(599, 128, 12, 26, 'PSIKOMOTOR', 44),
(600, 39, 13, 37, 'keterampilan', 78),
(601, 35, 12, 26, '1', 71),
(602, 40, 13, 37, 'keterampilan', 76),
(603, 42, 13, 37, 'keterampilan', 70),
(604, 37, 12, 26, '1', 92),
(605, 129, 12, 26, 'PSIKOMOTOR', 44),
(606, 41, 12, 26, '1', 91),
(607, 45, 13, 37, 'keterampilan', 75),
(608, 45, 13, 37, 'keterampilan', 75),
(609, 45, 13, 37, 'keterampilan', 75),
(610, 45, 13, 37, 'keterampilan', 75),
(611, 45, 13, 37, 'keterampilan', 75),
(612, 43, 12, 26, '1', 71),
(613, 130, 12, 26, 'PSIKOMOTOR', 81),
(614, 44, 12, 26, '1', 70),
(615, 44, 12, 26, '1', 70),
(616, 131, 12, 26, 'PSIKOMOTOR', 44),
(617, 47, 13, 37, 'keterampilan', 70),
(618, 48, 13, 37, 'keterampilan', 70),
(619, 50, 13, 37, 'keterampilan', 70),
(620, 132, 12, 26, 'PSIKOMOTOR', 29),
(621, 54, 13, 37, 'keterampilan', 70),
(622, 57, 13, 37, 'keterampilan', 70),
(623, 133, 12, 26, 'PSIKOMOTOR', 39),
(624, 60, 13, 37, 'keterampilan', 70),
(625, 145, 13, 37, 'keterampilan', 70),
(626, 53, 12, 26, 'PSIKOMOTOR', 39),
(627, 56, 12, 26, 'PSIKOMOTOR', 0),
(628, 58, 12, 26, 'PSIKOMOTOR', 22),
(629, 61, 12, 26, 'PSIKOMOTOR', 41),
(630, 62, 12, 26, 'PSIKOMOTOR', 31),
(631, 63, 12, 26, 'PSIKOMOTOR', 91),
(632, 65, 12, 26, 'PSIKOMOTOR', 46),
(633, 66, 12, 26, 'PSIKOMOTOR', 22),
(634, 144, 12, 26, 'PSIKOMOTOR', 42),
(635, 10, 9, 26, 'PSIKOMOTOR', 0),
(636, 12, 9, 26, 'PSIKOMOTOR', 0),
(637, 14, 9, 26, 'PSIKOMOTOR', 0),
(638, 16, 9, 26, 'PSIKOMOTOR', 0),
(639, 18, 9, 26, 'PSIKOMOTOR', 91),
(640, 20, 9, 26, 'PSIKOMOTOR', 84),
(641, 69, 5, 28, '1', 85),
(642, 70, 5, 28, '1', 85),
(643, 71, 5, 28, '1', 75),
(644, 72, 5, 28, '1', 75),
(645, 73, 5, 28, '1', 75),
(646, 74, 5, 28, '1', 78),
(647, 75, 5, 28, '1', 0),
(648, 76, 5, 28, '1', 78),
(649, 77, 5, 28, '1', 78),
(650, 78, 5, 28, '1', 78),
(652, 79, 5, 28, '1', 78),
(653, 80, 5, 28, '1', 0),
(655, 82, 5, 28, '1', 75),
(656, 21, 9, 26, 'PSIKOMOTOR', 91),
(657, 84, 5, 28, '1', 78),
(658, 86, 5, 28, '1', 75),
(659, 88, 5, 28, '1', 75),
(660, 22, 9, 26, 'PSIKOMOTOR', 86),
(661, 90, 5, 28, '1', 78),
(662, 92, 5, 28, '1', 0),
(663, 94, 5, 28, '1', 75),
(664, 96, 5, 28, '1', 78),
(665, 97, 5, 28, '1', 0),
(666, 99, 5, 28, '1', 0),
(667, 101, 5, 28, '1', 80),
(668, 102, 5, 28, '1', 75),
(669, 103, 5, 28, '1', 75),
(670, 105, 5, 28, '1', 78),
(671, 107, 5, 28, '1', 70),
(672, 4, 9, 27, '1', 80),
(673, 23, 9, 26, 'PSIKOMOTOR', 86),
(674, 3, 2, 25, 'KETERAMPILAN', 70),
(675, 5, 9, 27, '1', 80),
(676, 4, 2, 25, 'KETERAMPILAN', 70),
(677, 25, 9, 26, 'PSIKOMOTOR', 84),
(678, 5, 2, 25, 'KETERAMPILAN', 70),
(679, 6, 2, 25, 'KETERAMPILAN', 70),
(680, 27, 9, 26, 'PSIKOMOTOR', 85),
(681, 7, 2, 25, 'KETERAMPILAN', 70),
(682, 10, 2, 28, '1', 70),
(683, 8, 2, 25, 'KETERAMPILAN', 70),
(684, 9, 2, 25, 'KETERAMPILAN', 70),
(685, 11, 2, 25, 'KETERAMPILAN', 70),
(686, 10, 7, 34, '1', 0),
(687, 12, 7, 34, '1', 0),
(688, 28, 9, 26, 'PSIKOMOTOR', 86),
(689, 13, 2, 25, 'KETERAMPILAN', 70),
(690, 16, 7, 34, '1', 0),
(691, 14, 7, 34, '1', 0),
(692, 18, 7, 34, '1', 0),
(693, 20, 7, 34, '1', 0),
(694, 21, 7, 34, '1', 0),
(695, 22, 7, 34, '1', 0),
(696, 23, 7, 34, '1', 0),
(697, 25, 7, 34, '1', 0),
(698, 27, 7, 34, '1', 0),
(699, 28, 7, 34, '1', 0),
(700, 31, 7, 34, '1', 0),
(701, 33, 7, 34, '1', 0),
(702, 35, 7, 34, '1', 0),
(703, 37, 7, 34, '1', 0),
(704, 41, 7, 34, '1', 0),
(705, 43, 7, 34, '1', 0),
(706, 44, 7, 34, '1', 0),
(707, 15, 2, 25, 'KETERAMPILAN', 70),
(708, 46, 7, 34, '1', 0),
(709, 51, 7, 34, '1', 0),
(710, 53, 7, 34, '1', 0),
(711, 58, 7, 34, '1', 0),
(712, 61, 7, 34, '1', 0),
(713, 62, 7, 34, '1', 0),
(714, 6, 9, 27, '1', 75),
(715, 63, 7, 34, '1', 0),
(717, 65, 7, 34, '1', 0),
(718, 7, 9, 27, '1', 75),
(719, 66, 7, 34, '1', 0),
(720, 68, 7, 34, '1', 0),
(721, 144, 7, 34, '1', 0),
(722, 17, 2, 25, 'KETERAMPILAN', 70),
(723, 8, 9, 27, '1', 80),
(724, 24, 2, 25, 'KETERAMPILAN', 80),
(725, 26, 2, 25, 'MID', 70),
(726, 29, 2, 25, 'KETERAMPILAN', 70),
(727, 9, 9, 27, '1', 70),
(728, 30, 2, 25, 'KETERAMPILAN', 70),
(729, 13, 9, 27, '1', 80),
(730, 32, 2, 25, 'KETERAMPILAN', 70),
(732, 10, 6, 36, '1', 0),
(733, 12, 6, 36, '1', 0),
(734, 14, 6, 36, '1', 0),
(735, 34, 2, 25, 'KETERAMPILAN', 70),
(736, 16, 6, 36, '1', 0),
(737, 18, 6, 36, '1', 0),
(738, 20, 6, 36, '1', 0),
(739, 22, 6, 36, '1', 0),
(740, 21, 6, 36, '1', 0),
(741, 15, 9, 27, '1', 80),
(742, 23, 6, 36, '1', 0),
(743, 25, 6, 36, '1', 0),
(744, 36, 2, 25, 'KETERAMPILAN', 70),
(745, 27, 6, 36, '1', 0),
(746, 28, 6, 36, '1', 0),
(747, 31, 6, 36, '1', 0),
(748, 38, 2, 25, 'KETERAMPILAN', 70),
(749, 33, 6, 36, '1', 0),
(750, 35, 6, 36, '1', 0),
(751, 35, 13, 36, '1', 0),
(752, 37, 6, 36, '1', 0),
(753, 17, 9, 27, '1', 75),
(754, 37, 13, 36, '1', 0),
(755, 41, 6, 36, '1', 0),
(756, 41, 13, 36, '1', 0),
(757, 43, 6, 36, '1', 0),
(758, 43, 13, 36, '1', 0),
(759, 39, 2, 25, 'KETERAMPILAN', 70),
(760, 44, 6, 36, '1', 0),
(761, 44, 13, 36, '1', 0),
(762, 46, 6, 36, '1', 0),
(763, 46, 13, 36, '1', 0),
(764, 51, 6, 36, '1', 0),
(765, 51, 13, 36, '1', 0),
(766, 53, 6, 36, '1', 0),
(767, 53, 13, 36, '1', 0),
(768, 31, 9, 26, 'PSIKOMOTOR', 86),
(769, 56, 6, 36, '1', 0),
(770, 58, 6, 36, '1', 0),
(771, 58, 13, 36, '1', 0),
(772, 61, 6, 36, '1', 0),
(773, 61, 13, 36, '1', 0),
(774, 40, 2, 25, 'KETERAMPILAN', 80),
(775, 62, 6, 36, '1', 0),
(776, 62, 13, 36, '1', 0),
(777, 63, 6, 36, '1', 0),
(778, 63, 13, 36, '1', 0),
(779, 65, 6, 36, '1', 0),
(780, 65, 13, 36, '1', 0),
(781, 66, 6, 36, '1', 0),
(782, 66, 13, 36, '1', 0),
(783, 68, 6, 36, '1', 0),
(784, 68, 13, 36, '1', 0),
(785, 42, 2, 25, 'KETERAMPILAN', 70),
(786, 144, 6, 36, '1', 0),
(787, 144, 13, 36, '1', 0),
(788, 10, 13, 36, '1', 0),
(789, 12, 13, 36, '1', 0),
(790, 14, 13, 36, '1', 0),
(791, 45, 2, 25, 'KETERAMPILAN', 70),
(792, 16, 13, 36, '1', 0),
(793, 18, 13, 36, '1', 0),
(794, 20, 13, 36, '1', 0),
(795, 21, 13, 36, '1', 0),
(796, 22, 13, 36, '1', 0),
(797, 23, 13, 36, '1', 0),
(798, 25, 13, 36, '1', 0),
(799, 27, 13, 36, '1', 0),
(800, 28, 13, 36, '1', 0),
(801, 31, 13, 36, '1', 0),
(802, 33, 13, 36, '1', 0),
(803, 47, 2, 25, 'KETERAMPILAN', 70),
(804, 10, 4, 27, '1', 0),
(805, 12, 4, 27, '1', 0),
(806, 14, 4, 27, '1', 0),
(807, 16, 4, 27, '1', 0),
(808, 18, 4, 27, '1', 0),
(809, 48, 2, 25, 'KETERAMPILAN', 70),
(810, 20, 4, 27, '1', 0),
(811, 21, 4, 27, '1', 0),
(812, 22, 4, 27, '1', 0),
(813, 23, 4, 27, '1', 0),
(814, 25, 4, 27, '1', 0),
(815, 11, 9, 27, '1', 75),
(816, 27, 4, 27, '1', 0),
(817, 49, 2, 25, 'KETERAMPILAN', 70),
(818, 69, 16, 23, 'praktek', 0),
(819, 28, 4, 27, '1', 0),
(820, 31, 4, 27, '1', 0),
(821, 70, 16, 23, 'praktek', 0),
(822, 33, 4, 27, '1', 0),
(823, 71, 16, 23, 'praktek', 0),
(824, 35, 4, 27, '1', 0),
(825, 50, 2, 25, 'KETERAMPILAN', 70),
(826, 37, 4, 27, '1', 0),
(827, 41, 4, 27, '1', 0),
(828, 72, 16, 23, 'praktek', 0),
(829, 43, 4, 27, '1', 0),
(830, 44, 4, 27, '1', 0),
(831, 46, 4, 27, '1', 0),
(832, 51, 4, 27, '1', 0),
(833, 52, 2, 25, 'KETERAMPILAN', 80),
(834, 3, 6, 25, '1', 75),
(835, 3, 7, 25, '1', 75),
(836, 3, 9, 25, '1', 80),
(837, 3, 14, 25, '1', 75),
(838, 3, 15, 25, '1', 78),
(839, 3, 16, 25, '1', 85),
(840, 3, 17, 25, '1', 80),
(841, 4, 6, 25, '1', 75),
(842, 4, 7, 25, '1', 75),
(843, 4, 14, 25, '1', 80),
(844, 4, 15, 25, '1', 75),
(845, 4, 16, 25, '1', 80);

-- --------------------------------------------------------

--
-- Struktur dari tabel `rating_test`
--

CREATE TABLE `rating_test` (
  `id` bigint(20) UNSIGNED NOT NULL,
  `student_id` int(10) UNSIGNED NOT NULL,
  `course_id` int(10) UNSIGNED NOT NULL,
  `user_id` int(11) UNSIGNED NOT NULL,
  `name` varchar(255) NOT NULL,
  `value` int(11) NOT NULL
) ENGINE=InnoDB DEFAULT CHARSET=latin1;

--
-- Dumping data untuk tabel `rating_test`
--

INSERT INTO `rating_test` (`id`, `student_id`, `course_id`, `user_id`, `name`, `value`) VALUES
(9, 10, 1, 30, 'Ulangan Harian 1', 70),
(11, 3, 15, 33, 'tugas 1', 72),
(12, 3, 15, 33, 'tugas 2', 75),
(13, 12, 1, 30, 'ulangan harian 1', 71),
(14, 4, 15, 33, 'tugas 1', 75),
(15, 4, 15, 33, 'tugas 2', 75),
(16, 14, 1, 30, 'ulangan harian 1', 70),
(17, 5, 15, 33, 'tugas 1', 75),
(18, 5, 15, 33, 'tugas 2', 75),
(19, 3, 4, 27, '1', 51),
(20, 16, 1, 30, 'ulangan harian 1', 70),
(21, 6, 15, 33, 'tugas 1', 76),
(22, 6, 15, 33, 'tugas 2', 75),
(23, 18, 1, 30, 'ulangan harian 1', 80),
(24, 26, 4, 31, '1', 75),
(25, 7, 15, 33, 'tugas 1', 75),
(26, 7, 15, 33, 'tugas 2', 77),
(27, 20, 1, 30, 'ulangan harian 1', 70),
(28, 29, 4, 27, '1', 80),
(29, 8, 15, 33, 'tugas 1', 75),
(30, 8, 15, 33, 'tugas 2', 70),
(31, 21, 1, 30, 'ulangan harian 1', 79),
(32, 32, 4, 27, '1', 70),
(34, 22, 1, 30, 'ulangan harian 1', 76),
(35, 9, 1, 33, 'Ulangan Harian', 70),
(36, 3, 1, 29, 'Ulangan Harian', 70),
(37, 23, 1, 30, 'ulangan harian 1', 70),
(38, 11, 15, 33, 'tugas 1', 70),
(39, 11, 15, 33, 'tugas 2', 70),
(40, 25, 1, 30, 'ulangan harian 1', 70),
(41, 3, 10, 31, 'uh 1', 60),
(42, 13, 15, 33, 'tugas 1', 75),
(43, 13, 15, 33, 'tugas 2', 77),
(44, 27, 1, 30, 'ulangan harian 1', 70),
(45, 15, 15, 33, 'tugas 1', 70),
(46, 28, 1, 30, 'ulangan harian 1', 79),
(47, 15, 15, 33, 'tugas 2', 71),
(51, 5, 10, 31, 'ulangan harian', 54),
(52, 5, 10, 31, 'ulangan harian', 54),
(53, 33, 1, 30, 'ulangan harian 1', 71),
(54, 35, 1, 30, 'ulangan harian 1', 71),
(55, 37, 1, 30, 'ulangan harian 1', 75),
(56, 41, 1, 30, 'ulangan harian 1', 71),
(57, 43, 1, 30, 'ulangan harian 1', 70),
(58, 44, 1, 30, 'ulangan harian 1', 70),
(59, 46, 1, 30, 'ulangan harian 1', 70),
(60, 51, 1, 30, 'ulangan harian 1', 70),
(61, 53, 1, 30, 'ulangan harian 1', 70),
(62, 58, 1, 30, 'ulangan harian 1', 71),
(63, 62, 1, 30, 'ulangan harian 1', 71),
(64, 63, 1, 30, 'ulangan harian 1', 75),
(65, 65, 1, 30, 'ulangan harian 1', 72),
(66, 66, 1, 30, 'ulangan harian 1', 71),
(67, 17, 15, 33, 'tugas 1', 75),
(68, 68, 1, 30, 'ulangan harian 1', 71),
(69, 17, 15, 33, 'tugas 2', 75),
(70, 24, 15, 33, 'tugas 1', 80),
(71, 24, 15, 33, 'tugas 2', 75),
(72, 4, 1, 29, 'Ulangan Harian', 72),
(73, 26, 15, 33, 'tugas 1', 77),
(74, 26, 15, 33, 'tugas 2', 78),
(75, 5, 1, 29, 'ULANGAN HARIAN', 70),
(76, 29, 15, 33, 'tugas 1', 73),
(77, 29, 15, 33, 'tugas 2', 75),
(78, 69, 1, 30, 'ulangan harian 1', 71),
(79, 70, 1, 30, 'ulangan harian 1', 71),
(80, 71, 1, 30, 'ulangan harian 1', 70),
(81, 30, 15, 33, 'tugas 1', 70),
(82, 30, 15, 33, 'tugas 2', 70),
(83, 72, 1, 30, 'ulangan harian 1', 70),
(84, 73, 1, 30, 'ulangan harian 1', 70),
(85, 6, 1, 29, 'ULANGAN HARIAN', 72),
(86, 32, 15, 33, 'tugas 1', 75),
(87, 32, 15, 33, 'tugas 2', 80),
(88, 74, 1, 30, 'ulangan harian 1', 70),
(89, 75, 1, 30, 'ulangan harian 1', 71),
(90, 76, 1, 30, 'ulangan harian 1', 75),
(91, 34, 15, 33, 'tugas 1', 77),
(92, 34, 15, 33, 'tugas 2', 75),
(93, 6, 10, 31, 'ulangan harian', 50),
(94, 7, 1, 29, 'Ulangan Harian', 70),
(95, 77, 1, 30, 'ulangan harian 1', 79),
(96, 8, 1, 29, 'Ulangan Harian', 70),
(97, 7, 10, 31, 'ulangan harian', 70),
(98, 79, 1, 30, 'ulangan harian 1', 72),
(99, 36, 15, 33, 'tugas 1', 77),
(100, 36, 15, 33, 'tugas 2', 75),
(101, 80, 1, 30, 'ulangan harian 1', 70),
(102, 11, 1, 29, 'Ulangan Harian', 71),
(103, 82, 1, 30, 'ulangan harian 1', 72),
(104, 9, 15, 33, 'tugas 1', 75),
(105, 9, 15, 33, 'tugas 2', 77),
(106, 84, 1, 30, 'ulangan harian 1', 72),
(107, 86, 1, 30, 'ulangan harian 1', 75),
(108, 88, 1, 30, 'ulangan harian 1', 72),
(109, 13, 1, 29, 'Ulangan Harian', 75),
(110, 90, 1, 30, 'ulangan harian 1', 72),
(111, 8, 10, 31, 'ulangan harian', 65),
(112, 92, 1, 30, 'ulangan harian 1', 70),
(113, 34, 4, 27, '1', 75),
(114, 38, 15, 33, 'tugas 1', 60),
(115, 38, 15, 33, 'tugas 2', 75),
(116, 15, 1, 29, 'Ulangan Harian', 72),
(117, 36, 4, 27, '1', 85),
(118, 39, 15, 33, 'tugas 1', 75),
(119, 39, 15, 33, 'tugas 2', 80),
(120, 96, 1, 30, 'ulangan harian 1', 75),
(121, 39, 4, 27, '1', 83),
(122, 94, 1, 30, 'ulangan harian 1', 79),
(123, 9, 10, 31, 'ulangan harian', 70),
(124, 40, 15, 33, 'tugas 1', 77),
(125, 40, 15, 33, 'tugas 2', 80),
(126, 97, 1, 30, 'ulangan harian 1', 70),
(127, 99, 1, 30, 'ulangan harian 1', 72),
(128, 11, 10, 31, 'ulangan harian', 70),
(129, 42, 15, 33, 'tugas 1', 78),
(130, 42, 15, 33, 'tugas 2', 80),
(131, 10, 8, 25, 'KD1', 70),
(132, 101, 1, 30, 'ulangan harian 1', 79),
(133, 3, 8, 24, 'ulangan harian', 76),
(134, 13, 10, 31, 'ulangan harian', 70),
(135, 10, 8, 25, 'KD2', 75),
(136, 102, 1, 30, 'ulangan harian 1', 75),
(137, 10, 5, 28, '1', 70),
(138, 45, 15, 33, 'tugas 1', 80),
(139, 17, 1, 29, 'Ulangan Harian', 70),
(140, 45, 15, 33, 'tugas 2', 75),
(141, 10, 8, 25, 'KD3', 0),
(142, 10, 8, 25, '0', 0),
(143, 15, 10, 31, 'ulangan harian', 70),
(144, 103, 1, 30, 'ulangan harian 1', 70),
(145, 12, 5, 28, 'UH', 70),
(146, 47, 15, 33, 'tugas 1', 78),
(147, 104, 1, 30, 'ulangan harian 1', 70),
(148, 4, 8, 24, 'ulangan harian', 70),
(149, 17, 10, 31, 'ulangan harian', 65),
(150, 105, 1, 30, 'mid', 72),
(151, 40, 4, 27, '1', 83),
(152, 48, 15, 33, 'tugas 1', 60),
(153, 48, 15, 33, 'tugas 2', 77),
(154, 14, 5, 28, '1', 70),
(155, 24, 10, 31, 'ulangan harian', 75),
(156, 24, 1, 29, 'Ulangan Harian', 75),
(157, 107, 1, 30, 'ulangan harian 1', 70),
(158, 5, 8, 24, 'ulangan harian', 70),
(159, 42, 4, 27, '1', 75),
(160, 12, 8, 25, 'KD1', 70),
(161, 12, 8, 25, 'KD2', 70),
(162, 16, 5, 28, '1', 70),
(163, 12, 8, 25, 'KD3', 60),
(164, 12, 8, 25, 'KD4', 60),
(165, 49, 15, 33, 'tugas 1', 78),
(166, 26, 1, 29, 'Ulangan Harian', 70),
(167, 18, 5, 28, '1', 75),
(168, 6, 8, 24, 'ulangan harian', 70),
(169, 29, 1, 29, 'Ulangan Harian', 72),
(170, 50, 15, 33, 'tugas 1', 75),
(171, 50, 15, 33, 'tugas 2', 60),
(172, 14, 8, 25, 'KD1', 75),
(173, 14, 8, 25, 'KD2', 70),
(174, 14, 8, 25, 'KD3', 75),
(175, 14, 8, 25, 'KD4', 70),
(176, 30, 1, 29, 'Ulangan Harian', 72),
(177, 45, 4, 27, '1', 83),
(178, 26, 10, 31, 'ulangan harian', 65),
(179, 7, 8, 24, 'ulangan harian', 76),
(180, 52, 15, 33, 'tugas 1', 80),
(181, 20, 5, 28, '1', 70),
(182, 52, 15, 33, 'tugas 2', 60),
(183, 16, 8, 25, 'KD1', 70),
(184, 16, 8, 25, 'KD2', 60),
(185, 29, 10, 31, 'ulangan harian', 75),
(186, 49, 4, 27, '1', 75),
(187, 16, 8, 25, 'KD3', 70),
(188, 16, 8, 25, 'KD4', 60),
(189, 8, 8, 24, 'ulangan harian', 75),
(190, 32, 1, 29, 'Ulangan Harian', 75),
(191, 30, 10, 31, 'ulangan harian', 70),
(192, 54, 15, 33, 'tugas 1', 70),
(193, 54, 15, 33, 'tugas 2', 75),
(194, 50, 4, 27, '1', 75),
(195, 21, 5, 28, '1', 80),
(196, 18, 8, 25, 'KD1', 75),
(197, 34, 1, 29, 'Ulangan Harian', 71),
(198, 18, 8, 25, 'KD2', 70),
(199, 32, 10, 31, 'ulangan harian', 70),
(200, 18, 8, 25, 'KD3', 70),
(201, 18, 8, 25, 'KD4', 75),
(202, 9, 8, 24, 'ulangan harian', 75),
(203, 52, 4, 27, '1', 75),
(204, 55, 15, 33, 'tugas 1', 75),
(205, 55, 15, 33, 'tugas 2', 77),
(206, 34, 10, 31, 'ulangan harian', 70),
(207, 22, 5, 28, '1', 70),
(208, 36, 1, 29, 'Ulangan Harian', 78),
(209, 57, 15, 33, 'tugas 1', 60),
(210, 20, 8, 25, 'KD1', 70),
(211, 57, 15, 33, 'tugas 2', 75),
(212, 78, 1, 30, 'ulangan harian', 70),
(213, 20, 8, 25, 'KD2', 60),
(214, 38, 1, 29, 'Ulangan Harian', 70),
(215, 11, 8, 24, 'ulangan harian', 75),
(216, 36, 10, 31, 'ulangan harian', 75),
(217, 54, 4, 27, '1', 75),
(218, 59, 15, 33, 'tugas 1', 75),
(219, 39, 1, 29, 'Ulangan Harian', 75),
(220, 59, 15, 33, 'tugas 2', 80),
(221, 38, 10, 31, 'ulangan harian', 70),
(222, 13, 8, 24, 'ulangan harian', 70),
(223, 40, 1, 29, 'Ulangan Harian', 80),
(224, 39, 10, 31, 'ulangan harian', 70),
(225, 20, 8, 25, 'KD3', 60),
(226, 55, 4, 27, '1', 83),
(227, 60, 15, 33, 'tugas 1', 77),
(228, 60, 15, 33, 'tugas 2', 77),
(229, 25, 5, 28, '1', 70),
(230, 20, 8, 25, 'KD4', 60),
(231, 15, 8, 24, 'ulangan harian', 70),
(232, 40, 10, 31, 'ulangan harian', 65),
(233, 42, 1, 29, 'Ulangan Harian', 75),
(234, 27, 5, 28, '1', 70),
(235, 17, 8, 24, 'ulangan harian', 75),
(236, 21, 8, 25, 'KD1', 75),
(237, 42, 10, 31, 'ulangan harian', 80),
(238, 21, 8, 25, 'KD2', 75),
(239, 21, 8, 25, 'KD3', 79),
(240, 45, 1, 29, 'Ulangan Harian', 75),
(241, 21, 8, 25, 'KD4', 80),
(242, 24, 8, 24, 'ulangan harian', 75),
(243, 28, 5, 28, '1', 75),
(244, 47, 1, 29, 'Ulangan Harian', 70),
(245, 45, 10, 31, 'ulangan harian', 75),
(246, 26, 8, 24, 'ulangan harian', 76),
(247, 22, 8, 25, 'KD1', 70),
(248, 22, 8, 25, 'KD2', 70),
(249, 22, 8, 25, 'KD3', 70),
(250, 22, 8, 25, 'KD4', 70),
(251, 31, 5, 28, '1', 70),
(252, 48, 1, 29, 'Ulangan Harian', 73),
(253, 47, 10, 31, 'ulangan harian', 65),
(254, 29, 8, 24, 'ulangan harian', 75),
(255, 33, 5, 28, '1', 70),
(256, 48, 10, 31, 'ulangan harian', 75),
(257, 23, 8, 25, 'KD1', 70),
(258, 49, 1, 29, 'Ulangan Harian', 75),
(259, 35, 5, 28, '1', 5),
(260, 30, 8, 24, 'ulangan harian', 70),
(261, 49, 10, 31, 'ulangan harian', 75),
(262, 25, 8, 25, 'KD1', 75),
(263, 50, 1, 29, 'Ulangan Harian', 77),
(264, 37, 5, 28, '1', 70),
(265, 50, 10, 31, 'ulangan harian', 75),
(266, 32, 8, 24, 'ulangan harian', 76),
(267, 52, 1, 29, 'Ulangan Harian', 78),
(268, 25, 8, 25, 'KD2', 60),
(269, 71, 15, 33, 'ulangan harian 1', 70),
(270, 41, 5, 28, '1', 70),
(271, 71, 15, 33, 'ulangan harian 2', 60),
(272, 27, 8, 25, 'KD1', 75),
(273, 52, 10, 31, 'ulangan harian', 75),
(274, 34, 8, 24, 'ulangan harian', 75),
(275, 27, 8, 25, 'KD2', 60),
(276, 27, 8, 25, 'KD3', 50),
(277, 54, 1, 29, 'Ulangan Harian', 75),
(278, 27, 8, 25, 'KD4', 0),
(279, 43, 5, 28, '1', 70),
(280, 54, 10, 31, 'ulangan harian', 70),
(281, 36, 8, 24, 'ulangan harian', 70),
(282, 55, 10, 31, 'ulangan harian', 75),
(283, 46, 5, 28, '1', 70),
(284, 28, 8, 25, 'KD1', 80),
(285, 28, 8, 25, 'KD2', 75),
(286, 55, 1, 29, 'Ulangan Harian', 75),
(287, 28, 8, 25, 'KD3', 77),
(288, 28, 8, 25, 'KD4', 77),
(290, 59, 4, 27, '1', 83),
(291, 57, 10, 31, 'ulangan harian', 75),
(292, 38, 8, 24, 'ulangan harian', 70),
(293, 51, 5, 28, '1', 70),
(294, 57, 1, 29, 'Ulangan Harian', 72),
(295, 31, 8, 25, 'KD1', 60),
(296, 60, 4, 27, '1', 83),
(297, 31, 8, 25, 'KD2', 60),
(298, 31, 1, 30, 'ulangan harian', 70),
(299, 31, 8, 25, 'KD3', 70),
(300, 59, 10, 31, 'ulangan harian', 75),
(301, 31, 8, 25, 'KD4', 70),
(302, 39, 8, 24, 'ulangan harian', 76),
(303, 53, 5, 28, '1', 75),
(304, 60, 10, 31, 'ulangan harian', 75),
(305, 59, 1, 29, 'Ulangan Harian', 78),
(306, 74, 15, 33, '1', 72),
(307, 74, 15, 33, '2', 73),
(308, 18, 6, 36, 'Ulangan harian pertama', 95),
(309, 79, 4, 27, '1', 75),
(310, 60, 1, 29, 'Ulangan Harian', 76),
(311, 33, 8, 25, 'KD1', 35),
(312, 56, 5, 28, '1', 70),
(313, 33, 8, 25, 'KD2', 60),
(314, 18, 6, 36, 'Ulangan harian kedua', 90),
(315, 33, 8, 25, 'KD3', 60),
(316, 33, 8, 25, 'KD4', 35),
(317, 40, 8, 24, 'ulangan harian', 75),
(318, 82, 4, 27, '1', 80),
(319, 76, 15, 33, '1', 73),
(320, 76, 15, 33, '2', 74),
(321, 42, 8, 24, 'ulangan harian', 75),
(322, 58, 5, 28, '1', 70),
(323, 111, 1, 29, 'Ulangan Harian', 73),
(324, 77, 15, 33, '1', 75),
(325, 77, 15, 33, '2', 75),
(326, 45, 8, 24, 'ulangan harian', 76),
(327, 96, 4, 27, '1', 85),
(328, 61, 5, 28, '1', 70),
(329, 47, 8, 24, 'ulangan harian', 74),
(330, 144, 1, 30, 'ulangan harian', 73),
(331, 10, 10, 31, 'ulangan harian', 75),
(332, 78, 15, 33, '1', 71),
(333, 78, 15, 33, '2', 73),
(334, 35, 8, 25, 'KD1', 75),
(335, 48, 8, 24, 'ulangan harian', 73),
(336, 35, 8, 25, 'KD2', 75),
(337, 62, 5, 28, '1', 70),
(338, 35, 8, 25, 'KD3', 77),
(339, 35, 8, 25, 'KD4', 75),
(340, 12, 10, 31, 'ulangan harian', 75),
(341, 79, 15, 33, '1', 72),
(342, 79, 15, 33, '2', 73),
(343, 77, 4, 27, '1', 75),
(344, 14, 10, 31, 'ulangan harian', 70),
(345, 63, 5, 28, '1', 70),
(346, 37, 8, 25, 'KD1', 75),
(347, 49, 8, 24, 'ulangan harian', 72),
(348, 37, 8, 25, 'KD2', 76),
(349, 16, 10, 31, 'ulangan harian', 75),
(350, 37, 8, 25, 'KD3', 77),
(351, 37, 8, 25, 'KD4', 75),
(352, 10, 6, 36, 'Ulangan harian pertama', 56),
(353, 65, 5, 28, '1', 70),
(354, 18, 10, 31, 'ulangan harian', 70),
(355, 10, 6, 36, 'Ulangan harian kedua', 0),
(356, 50, 8, 24, 'ulangan harian', 77),
(357, 74, 4, 27, '1', 75),
(358, 41, 8, 25, 'KD', 75),
(359, 20, 10, 31, 'ulangan harian', 50),
(360, 52, 8, 24, 'ulangan harian', 75),
(361, 66, 5, 28, '1', 70),
(362, 80, 15, 33, '1', 70),
(363, 21, 10, 31, 'ulangan harian', 75),
(364, 43, 8, 25, 'KD', 75),
(365, 22, 10, 31, 'ulangan harian', 50),
(366, 68, 5, 28, '1', 0),
(367, 82, 15, 33, '1', 70),
(368, 105, 4, 27, '1', 75),
(369, 82, 15, 33, '2', 70),
(370, 12, 6, 36, 'Ulangan harian pertama', 50),
(371, 12, 6, 36, 'Ulangan harian kedua', 0),
(372, 44, 8, 25, 'KD', 75),
(373, 23, 10, 31, 'ulangan harian', 65),
(374, 54, 8, 24, 'ulangan harian', 75),
(375, 144, 5, 28, '1', 70),
(376, 84, 15, 33, '1', 75),
(377, 84, 15, 33, '2', 75),
(378, 101, 4, 27, '1', 75),
(379, 25, 10, 31, 'ulangan harian', 70),
(380, 55, 8, 24, 'ulangan harian', 70),
(381, 46, 8, 25, 'KD', 75),
(382, 55, 8, 24, 'ulangan harian', 78),
(383, 86, 15, 33, '1', 70),
(384, 86, 15, 33, '2', 75),
(385, 27, 10, 31, 'ulangan harian', 70),
(386, 14, 6, 36, 'Ulangan harian pertama', 80),
(387, 14, 6, 36, 'Ulangan harian kedua', 90),
(388, 69, 5, 28, 'UH', 75),
(389, 28, 10, 31, 'ulangan harian', 70),
(390, 88, 15, 33, '1', 75),
(391, 88, 15, 33, '2', 70),
(392, 57, 8, 24, 'ulangan harian', 75),
(393, 51, 8, 25, 'KD', 75),
(394, 31, 10, 31, 'ulangan harian', 50),
(395, 70, 5, 28, 'UH', 70),
(396, 90, 15, 33, '1', 65),
(397, 33, 10, 31, 'ulangan harian', 20),
(398, 59, 8, 24, 'ulangan harian', 75),
(399, 53, 8, 25, 'KD1', 77),
(400, 53, 8, 25, 'KD2', 77),
(401, 92, 15, 33, '1', 65),
(402, 53, 8, 25, 'KD3', 79),
(403, 16, 6, 36, 'Ulangan harian pertama', 60),
(404, 71, 5, 28, 'UH', 70),
(405, 53, 8, 25, 'KD4', 80),
(406, 16, 6, 36, 'Ulangan harian kedua', 0),
(407, 94, 15, 33, '1', 70),
(408, 35, 10, 31, 'ulangan harian', 65),
(409, 94, 15, 33, '2', 70),
(410, 60, 8, 24, 'ulangan harian', 76),
(411, 58, 8, 25, 'KD1', 75),
(412, 72, 5, 28, 'UH', 70),
(413, 37, 10, 31, 'ulangan harian', 60),
(414, 58, 8, 25, 'KD2', 75),
(415, 58, 8, 25, 'KD3', 75),
(416, 96, 15, 33, '1', 70),
(417, 96, 15, 33, '2', 70),
(418, 58, 8, 25, 'KD4', 75),
(419, 41, 10, 31, 'ulangan harian', 80),
(420, 20, 6, 36, 'Ulangan harian pertama', 80),
(421, 43, 10, 31, 'ulangan harian', 65),
(422, 73, 5, 28, 'UH', 70),
(423, 61, 8, 25, 'KD1', 75),
(424, 61, 8, 25, 'KD2', 75),
(425, 44, 10, 31, 'ulangan harian', 45),
(426, 61, 8, 25, 'KD3', 70),
(427, 97, 15, 33, '1', 65),
(428, 61, 8, 25, 'KD4', 77),
(429, 99, 15, 33, '1', 65),
(430, 46, 10, 31, 'ulangan harian', 50),
(431, 62, 8, 25, 'KD1', 77),
(432, 62, 8, 25, 'KD2', 75),
(433, 62, 8, 25, 'KD3', 77),
(434, 62, 8, 25, 'KD4', 80),
(435, 74, 5, 28, 'UH', 70),
(436, 102, 15, 33, '1', 75),
(437, 75, 5, 28, 'UH', 70),
(438, 10, 14, 24, 'ULANGAN', 70),
(439, 63, 8, 25, 'KD1', 77),
(440, 76, 5, 28, 'UH', 70),
(441, 63, 8, 25, 'KD2', 79),
(442, 77, 5, 28, 'UH', 70),
(443, 12, 14, 24, 'ULANGAN', 65),
(444, 63, 8, 25, 'KD3', 80),
(445, 63, 8, 25, 'KD', 75),
(446, 78, 5, 28, 'UH', 70),
(447, 3, 7, 34, '1', 50),
(448, 51, 10, 31, 'ulangan harian', 70),
(449, 79, 5, 28, 'UH', 70),
(450, 14, 14, 24, 'ULANGAN', 75),
(451, 65, 8, 25, 'KD', 75),
(452, 53, 10, 31, 'ulangan harian', 65),
(453, 4, 7, 34, '1', 75),
(454, 56, 10, 31, 'ulangan harian', 50),
(455, 16, 14, 24, 'UH', 58),
(456, 58, 10, 31, 'ulangan harian', 65),
(457, 80, 5, 28, 'UH', 70),
(458, 5, 7, 34, '1', 78),
(459, 82, 5, 28, 'UH', 70),
(460, 18, 14, 24, 'UH', 78),
(461, 61, 10, 31, 'ulangan harian', 75),
(462, 20, 6, 36, 'Ulangan harian kedua', 0),
(463, 144, 8, 25, 'KD', 70),
(464, 62, 10, 31, 'ulangan harian', 80),
(465, 63, 10, 31, 'ulangan harian', 75),
(466, 84, 5, 28, 'UH', 70),
(467, 20, 14, 24, 'UH', 76),
(468, 6, 7, 34, '1', 80),
(469, 21, 6, 36, 'Ulangan harian pertama', 80),
(470, 64, 10, 31, 'ulangan harian', 75),
(471, 21, 6, 36, 'Ulangan harian kedua', 85),
(472, 21, 14, 24, 'UH', 75),
(473, 86, 5, 28, 'UH', 70),
(474, 65, 10, 31, 'ulangan harian', 75),
(475, 7, 7, 34, '1', 50),
(476, 88, 5, 28, 'UH', 70),
(477, 22, 6, 36, 'Ulangan harian pertama', 80),
(478, 22, 14, 24, 'UH', 70),
(479, 22, 6, 36, 'Ulangan harian kedua', 80),
(480, 66, 10, 31, 'ulangan harian', 65),
(481, 71, 8, 25, 'KD1', 75),
(482, 71, 8, 25, 'KD2', 77),
(483, 71, 8, 25, 'KD3', 77),
(484, 71, 8, 25, 'KD4', 75),
(485, 67, 10, 31, 'ulangan harian', 65),
(486, 8, 7, 34, '1', 70),
(487, 90, 5, 28, 'UH', 70),
(488, 23, 14, 24, 'UH', 69),
(489, 68, 10, 31, 'ulangan harian', 50),
(490, 25, 14, 24, 'UH', 75),
(491, 92, 5, 28, 'UH', 70),
(492, 144, 10, 31, 'ulangan harian', 85),
(493, 23, 6, 36, 'Ulangan harian pertama', 75),
(494, 94, 5, 28, 'UH', 70),
(495, 23, 6, 36, 'Ulangan harian kedua', 0),
(496, 69, 15, 33, '1', 65),
(497, 69, 15, 33, '2', 70),
(498, 27, 14, 24, 'UH', 75),
(499, 9, 7, 34, '1', 70),
(500, 72, 15, 33, '1', 70),
(501, 96, 5, 28, 'UH', 70),
(502, 72, 15, 33, '2', 70),
(503, 28, 14, 24, 'UH', 75),
(504, 97, 5, 28, 'UH', 70),
(505, 31, 14, 24, 'UH', 75),
(506, 11, 7, 34, '1', 80),
(507, 99, 5, 28, 'UH', 70),
(508, 33, 14, 24, 'UH', 60),
(509, 101, 5, 28, 'UH', 70),
(510, 76, 8, 25, 'KD1', 75),
(511, 76, 8, 25, 'KD2', 77),
(512, 76, 8, 25, 'KD3', 75),
(513, 25, 6, 36, 'Ulangan harian pertama', 75),
(514, 76, 8, 25, 'KD4', 77),
(515, 25, 6, 36, 'Ulangan harian kedua', 0),
(516, 13, 7, 34, '1', 85),
(517, 102, 5, 28, 'UH', 70),
(518, 35, 14, 24, 'UH', 76),
(519, 77, 8, 25, 'KD1', 80),
(520, 103, 5, 28, 'UH', 70),
(521, 77, 8, 25, 'KD2', 75),
(522, 15, 7, 34, '1', 60),
(523, 77, 8, 25, 'KD3', 79),
(524, 77, 8, 25, 'KD4', 80),
(525, 37, 14, 24, 'UH', 76),
(526, 104, 6, 28, 'UH', 70),
(527, 17, 7, 34, '1', 80),
(528, 105, 5, 28, 'UH', 70),
(529, 41, 14, 24, 'UH', 76),
(530, 78, 8, 25, 'KD', 70),
(531, 24, 7, 34, '1', 80),
(532, 43, 14, 24, 'UH', 75),
(533, 107, 5, 28, 'UH', 70),
(534, 79, 8, 25, 'KD1', 75),
(535, 79, 8, 25, 'KD2', 78),
(536, 79, 8, 25, 'KD3', 79),
(537, 79, 8, 25, 'KD4', 80),
(538, 44, 14, 24, 'UH', 75),
(539, 26, 7, 34, '1', 85),
(540, 27, 6, 36, 'Ulangan harian pertama', 85),
(541, 46, 14, 24, 'UH', 75),
(542, 27, 6, 36, 'Ulangan harian kedua', 55),
(543, 29, 7, 34, '1', 80),
(544, 82, 8, 25, 'KD1', 75),
(545, 30, 7, 34, '1', 70),
(546, 51, 14, 24, 'UH', 70),
(547, 32, 7, 34, '1', 80),
(548, 28, 6, 36, 'Ulangan harian pertama', 95),
(549, 28, 6, 36, 'Ulangan harian kedua', 90),
(550, 34, 7, 34, '1', 75),
(551, 86, 8, 25, 'KD1', 75),
(552, 53, 14, 24, 'UH', 75),
(553, 86, 8, 25, 'KD2', 75),
(554, 86, 8, 25, 'KD3', 80),
(555, 86, 8, 25, 'KD4', 70),
(556, 36, 7, 34, '1', 75),
(557, 31, 6, 36, 'Ulangan harian pertama', 50),
(558, 31, 6, 36, 'Ulangan harian kedua', 0),
(559, 58, 14, 24, 'UH', 75),
(560, 38, 7, 34, 'UTS', 70),
(561, 88, 8, 25, 'KD', 75),
(562, 39, 7, 34, '1', 80),
(563, 61, 14, 24, 'UH', 76),
(564, 33, 6, 36, 'Ulangan harian pertama', 60),
(565, 33, 6, 36, 'Ulangan harian kedua', 0),
(566, 40, 7, 34, '1', 82),
(567, 62, 14, 24, 'UH', 76),
(568, 94, 8, 25, 'KD1', 70),
(569, 94, 8, 25, 'KD2', 75),
(570, 42, 7, 34, '1', 85),
(571, 94, 8, 25, 'KD', 75),
(572, 94, 8, 25, 'KD4', 75),
(573, 35, 6, 36, 'Ulangan harian pertama', 70),
(574, 63, 14, 24, 'UH', 75),
(575, 35, 6, 36, 'Ulangan harian kedua', 90),
(576, 45, 7, 34, '1', 80),
(577, 96, 8, 25, 'KD1', 75),
(578, 96, 8, 25, 'KD2', 76),
(579, 96, 8, 25, 'KD3', 80),
(580, 96, 8, 25, 'KD4', 80),
(581, 65, 14, 24, 'UH', 73),
(582, 37, 6, 36, 'Ulangan harian pertama', 80),
(583, 47, 7, 34, '1', 50),
(584, 66, 14, 24, 'UH', 74),
(585, 37, 6, 36, 'Ulangan harian kedua', 90),
(586, 48, 7, 34, '1', 80),
(587, 145, 1, 29, 'Ulangan Harian', 71),
(588, 67, 14, 24, 'UH', 0),
(589, 68, 14, 24, 'UH', 0),
(590, 101, 8, 25, 'KD1', 78),
(591, 101, 8, 25, 'KD2', 75),
(592, 146, 1, 29, 'Ulangan Harian', 60),
(593, 101, 8, 25, 'KD3', 79),
(594, 41, 6, 36, 'Ulangan harian pertama', 80),
(595, 101, 8, 25, 'KD4', 80),
(596, 41, 6, 36, 'Ulangan harian kedua', 90),
(597, 144, 14, 24, 'UH', 70),
(598, 50, 7, 34, '1', 80),
(599, 49, 7, 34, '1', 80),
(600, 43, 6, 36, 'Ulangan harian pertama', 80),
(601, 43, 6, 36, 'Ulangan harian kedua', 50),
(602, 102, 8, 25, 'KD1', 70),
(603, 102, 8, 25, 'KD2', 70),
(604, 102, 8, 25, 'KD3', 75),
(605, 102, 8, 25, 'KD4', 75),
(606, 44, 6, 36, 'Ulangan harian pertama', 80),
(607, 52, 7, 34, '1', 70),
(608, 44, 6, 36, 'Ulangan harian kedua', 0),
(609, 54, 7, 34, '1', 75),
(610, 55, 7, 34, '1', 70),
(611, 46, 6, 36, 'Ulangan harian pertama', 75),
(612, 46, 6, 36, 'Ulangan harian kedua', 50),
(613, 3, 14, 25, 'KD1', 70),
(614, 3, 14, 25, 'KD2', 75),
(615, 57, 7, 34, '1', 70),
(616, 3, 14, 25, 'KD3', 77),
(617, 3, 14, 25, 'KD4', 80),
(618, 59, 7, 34, '1', 80),
(619, 51, 6, 36, 'Ulangan harian pertama', 80),
(620, 51, 6, 36, 'Ulangan harian kedua', 85),
(621, 60, 7, 34, '1', 80),
(622, 4, 14, 25, 'KD1', 80),
(623, 4, 14, 25, 'KD2', 75),
(624, 4, 14, 25, 'KD1', 79),
(625, 4, 14, 25, 'KD4', 80),
(626, 53, 6, 36, 'Ulangan harian pertama', 90),
(627, 53, 6, 36, 'Ulangan harian kedua', 80),
(628, 5, 14, 25, 'KD1', 75),
(629, 5, 14, 25, 'KD2', 76),
(630, 5, 14, 25, 'KD3', 78),
(631, 5, 14, 25, 'KD4', 78),
(632, 69, 14, 24, 'UH', 75),
(633, 10, 7, 34, '1', 70),
(634, 56, 6, 36, 'Ulangan harian pertama', 75),
(635, 56, 6, 36, 'Ulangan harian kedua', 80),
(636, 6, 14, 25, 'KD1', 75),
(637, 6, 14, 25, 'KD2', 76),
(638, 6, 14, 25, 'KD3', 80),
(639, 6, 14, 25, 'KD4', 75),
(640, 70, 14, 24, 'UH', 60),
(641, 58, 6, 36, 'Ulangan harian pertama', 75),
(642, 58, 6, 36, 'Ulangan harian kedua', 80),
(643, 12, 7, 34, '1', 70),
(644, 71, 14, 24, 'UH', 77),
(645, 7, 14, 25, 'KD1', 70),
(646, 7, 14, 25, 'KD2', 77),
(647, 7, 14, 25, 'KD3', 78),
(648, 7, 14, 25, 'KD4', 80),
(649, 14, 7, 34, '1', 70),
(650, 61, 6, 36, 'Ulangan harian pertama', 70),
(651, 61, 6, 36, 'Ulangan harian kedua', 90),
(652, 16, 7, 34, '1', 70),
(653, 72, 14, 24, 'UH', 70),
(654, 62, 6, 36, 'Ulangan harian pertama', 80),
(655, 62, 6, 36, 'Ulangan harian kedua', 50),
(656, 8, 14, 25, 'KD1', 70),
(657, 8, 14, 25, 'KD2', 75),
(658, 8, 14, 25, 'KD3', 75),
(659, 8, 14, 25, 'KD4', 80),
(660, 73, 14, 24, 'UH', 69),
(661, 63, 6, 36, 'Ulangan harian pertama', 90),
(662, 63, 6, 36, 'Ulangan harian kedua', 90),
(663, 18, 7, 34, '1', 80),
(664, 74, 14, 24, 'UH', 74),
(665, 9, 14, 25, 'KD1', 70),
(666, 9, 14, 25, 'KD2', 75),
(667, 9, 14, 25, 'KD3', 77),
(668, 20, 7, 34, '1', 70),
(669, 9, 14, 25, 'KD4', 80),
(670, 75, 14, 24, 'UH', 60),
(671, 21, 7, 34, '1', 85),
(672, 65, 6, 36, 'Ulangan harian pertama', 70),
(673, 65, 6, 36, 'Ulangan harian kedua', 88),
(674, 11, 14, 25, 'KD1', 70),
(675, 11, 14, 25, 'KD2', 75),
(676, 76, 14, 24, 'UH', 76),
(677, 11, 14, 25, 'KD3', 76),
(678, 11, 14, 25, 'KD4', 77),
(679, 22, 7, 34, '1', 80),
(680, 77, 14, 24, 'UH', 76),
(681, 66, 6, 36, 'Ulangan harian pertama', 60),
(682, 66, 6, 36, 'Ulangan harian kedua', 85),
(683, 23, 7, 34, '1', 75),
(684, 78, 14, 24, 'UH', 69),
(685, 13, 14, 25, 'KD1', 85),
(686, 13, 14, 25, 'KD2', 80),
(687, 13, 14, 25, 'KD3', 79),
(688, 13, 14, 25, 'KD4', 81),
(689, 25, 7, 34, '1', 70),
(690, 79, 14, 24, 'UH', 77),
(691, 68, 6, 36, 'Ulangan harian pertama', 0),
(692, 15, 14, 25, 'KD1', 70),
(693, 27, 7, 34, '1', 70),
(694, 68, 6, 36, 'Ulangan harian kedua', 70),
(695, 15, 14, 25, 'KD2', 75),
(696, 15, 14, 25, 'KD3', 70),
(697, 15, 14, 25, 'KD4', 75),
(698, 80, 14, 24, 'UH', 72),
(699, 144, 6, 36, 'Ulangan harian pertama', 80),
(700, 17, 14, 25, 'KD1', 75),
(701, 144, 6, 36, 'Ulangan harian kedua', 60),
(702, 17, 14, 25, 'KD2', 76),
(703, 82, 14, 24, 'UH', 76),
(704, 17, 14, 25, 'KD3', 77),
(705, 28, 7, 34, '1', 80),
(706, 17, 14, 25, 'KD4', 80),
(707, 24, 14, 25, 'KD1', 75),
(708, 31, 7, 34, '1', 70),
(709, 24, 14, 25, 'KD2', 75),
(710, 84, 14, 24, 'UH', 78),
(711, 24, 14, 25, 'KD3', 80),
(712, 24, 14, 25, 'KD4', 80),
(713, 86, 14, 24, 'UH', 75),
(714, 26, 14, 25, 'KD1', 80),
(715, 33, 7, 34, '1', 50),
(716, 26, 14, 25, 'KD2', 75),
(717, 26, 14, 25, 'KD3', 77),
(718, 26, 14, 25, 'KD4', 77),
(719, 88, 14, 24, 'UH', 75),
(720, 35, 7, 34, '1', 75),
(721, 29, 14, 25, 'KD1', 75),
(722, 90, 14, 24, 'UH', 75),
(723, 29, 14, 25, 'KD2', 77),
(724, 29, 14, 25, 'KD3', 80),
(725, 29, 14, 25, 'KD4', 79),
(726, 37, 7, 34, '1', 75),
(727, 92, 14, 24, 'UH', 74),
(728, 30, 14, 25, 'KD1', 75),
(729, 30, 14, 25, 'KD2', 73),
(730, 30, 14, 25, 'KD3', 72),
(731, 41, 7, 34, '1', 75),
(732, 30, 14, 25, 'KD3', 75),
(733, 94, 14, 24, 'UH', 70),
(734, 43, 7, 34, '1', 70),
(735, 32, 14, 25, 'KD1', 75),
(736, 32, 14, 25, 'KD2', 76),
(737, 32, 14, 25, 'KD3', 75),
(738, 32, 14, 25, 'KD4', 79),
(739, 10, 13, 36, 'Ulangan pertama', 56),
(740, 96, 14, 24, 'UH', 70),
(741, 44, 7, 34, '1', 70),
(742, 3, 5, 28, '1', 70),
(743, 10, 13, 36, 'Ulangan kedua', 0),
(744, 34, 14, 25, 'KD1', 75),
(745, 34, 14, 25, 'KD2', 75),
(746, 34, 14, 25, 'KD3', 75),
(747, 34, 14, 25, 'KD4', 75),
(748, 4, 5, 28, '1', 75),
(749, 46, 7, 34, '1', 60),
(750, 97, 14, 24, 'UH', 60),
(751, 36, 14, 25, 'KD1', 70),
(752, 36, 14, 25, 'KD2', 70),
(753, 36, 14, 25, 'KD3', 75),
(754, 5, 5, 28, 'UH', 70),
(755, 36, 14, 25, 'KD4', 75),
(756, 51, 7, 34, '1', 70),
(757, 99, 14, 24, 'UH', 70),
(758, 38, 14, 25, 'KD1', 75),
(759, 38, 14, 25, 'KD2', 75),
(760, 38, 14, 25, 'KD3', 77),
(761, 53, 7, 34, '1', 70),
(762, 6, 5, 28, 'UH', 75),
(763, 38, 14, 25, 'KD4', 78),
(764, 101, 14, 24, 'UH', 75),
(765, 7, 5, 28, 'UH', 70),
(766, 39, 14, 25, 'KD1', 70),
(767, 18, 13, 36, 'ulangan pertama', 84),
(768, 39, 14, 25, 'KD2', 75),
(769, 39, 14, 25, 'KD3', 75),
(770, 18, 13, 36, 'ulangan kedua', 100),
(771, 58, 7, 34, '1', 70),
(772, 39, 14, 25, 'KD4', 75),
(773, 102, 14, 24, 'UH', 75),
(774, 40, 14, 25, 'KD1', 90),
(775, 40, 14, 25, 'KD2', 80),
(776, 40, 14, 25, 'KD3', 85),
(777, 40, 14, 25, 'KD4', 85),
(778, 61, 7, 34, '1', 78),
(779, 8, 5, 28, 'UH', 70),
(780, 103, 14, 24, 'UH', 70),
(781, 12, 13, 36, 'ulangan pertama', 50),
(782, 42, 14, 25, 'KD1', 79),
(783, 42, 14, 25, 'KD2', 80),
(784, 42, 14, 25, 'KD3', 80),
(785, 12, 13, 36, 'ulangan kedua', 0),
(786, 62, 7, 34, '1', 75),
(787, 42, 14, 25, 'KD4', 84),
(788, 104, 14, 24, 'UH', 67),
(789, 9, 5, 28, 'UH', 70),
(790, 3, 12, 26, 'UH   1', 80),
(791, 3, 12, 26, 'UH  2', 86),
(792, 4, 12, 26, 'UH 1', 80),
(793, 4, 12, 26, 'UH 2', 86),
(794, 63, 7, 34, '1', 78),
(795, 65, 7, 34, '1', 70),
(796, 66, 7, 34, '1', 50),
(797, 5, 12, 26, 'UH 1', 80),
(798, 5, 12, 26, 'UH 2', 86),
(799, 68, 7, 34, '1', 50),
(800, 144, 7, 34, '1', 70),
(801, 70, 17, 34, '1', 60),
(802, 70, 17, 34, '1', 60),
(803, 69, 17, 34, '1', 72),
(804, 69, 17, 34, '1', 75),
(805, 71, 17, 34, '1', 80),
(806, 71, 17, 34, '1', 75),
(807, 72, 17, 34, '1', 60),
(808, 72, 17, 34, '1', 60),
(809, 73, 17, 34, '1', 60),
(810, 73, 17, 34, '1', 60),
(811, 74, 17, 34, '1', 70),
(812, 74, 17, 34, '1', 70),
(813, 75, 17, 34, '1', 50),
(814, 75, 17, 34, '1', 50),
(815, 76, 17, 34, '1', 75),
(816, 76, 17, 34, '1', 75),
(817, 6, 12, 26, 'UH 1', 80),
(818, 6, 12, 26, 'UH 2', 86),
(819, 7, 12, 26, 'Proyek', 80),
(820, 7, 12, 26, 'UH 2', 86),
(821, 8, 12, 26, 'UH 1', 80),
(822, 8, 12, 26, 'UH 2', 86),
(823, 77, 17, 34, '1', 85),
(824, 77, 17, 34, '1', 80),
(825, 78, 17, 34, '1', 77),
(826, 78, 17, 34, '1', 70),
(827, 9, 12, 26, 'UH 1', 80),
(828, 9, 12, 26, 'UH 2', 86),
(829, 79, 17, 34, '1', 85),
(830, 79, 17, 34, '1', 80),
(831, 3, 11, 23, '1', 70),
(832, 11, 12, 26, 'UH 1', 80),
(833, 11, 12, 26, 'UH 2', 86),
(834, 80, 17, 34, '1', 60),
(835, 80, 17, 34, '1', 60),
(836, 3, 11, 23, '2', 70),
(837, 13, 12, 26, 'UH 1', 80),
(838, 13, 12, 26, 'UH 2', 86),
(839, 82, 17, 34, '1', 75),
(840, 82, 17, 34, '1', 75),
(841, 4, 11, 23, '1', 75),
(842, 4, 11, 23, '2', 75),
(843, 15, 12, 26, 'UH 1', 80),
(844, 15, 12, 26, 'UH 2', 86),
(845, 84, 17, 34, '1', 80),
(846, 84, 17, 34, '1', 75),
(847, 5, 11, 23, '1', 70),
(848, 5, 11, 23, '2', 70),
(849, 86, 17, 34, '1', 80),
(850, 86, 17, 34, '1', 75),
(851, 17, 12, 26, 'UH 1', 80),
(852, 17, 12, 26, 'UH 2', 86),
(853, 88, 17, 34, '1', 70),
(854, 88, 17, 34, '1', 70),
(855, 90, 17, 34, '1', 50),
(856, 90, 17, 34, '1', 60),
(857, 24, 12, 26, 'UH 1', 80),
(858, 24, 12, 26, 'UH 2', 86),
(859, 3, 3, 32, 'UH', 72),
(860, 92, 17, 34, '1', 50),
(861, 92, 17, 34, '1', 60),
(862, 94, 17, 34, '1', 75),
(863, 94, 17, 34, '1', 75),
(864, 4, 3, 32, 'UH', 74),
(865, 96, 17, 34, '1', 85),
(866, 96, 17, 34, '1', 85),
(867, 97, 17, 34, '1', 30),
(868, 97, 17, 34, '1', 30),
(869, 6, 11, 23, '1', 75),
(870, 6, 11, 23, '2', 75),
(871, 26, 12, 26, 'UH 1', 80),
(872, 26, 12, 26, 'UH 2', 86),
(873, 7, 11, 23, '1', 70),
(874, 7, 11, 23, '2', 70),
(875, 8, 11, 23, '1', 70),
(876, 8, 11, 23, '2', 70),
(877, 29, 12, 26, 'UH 1', 80),
(878, 29, 12, 26, 'UH 2', 86),
(879, 9, 11, 23, '1', 75),
(880, 9, 11, 23, '2', 75),
(881, 11, 11, 23, '1', 70),
(882, 9, 3, 32, 'UH', 72),
(883, 11, 11, 23, '2', 70),
(884, 30, 12, 26, 'UH 1', 80),
(885, 30, 12, 26, 'UH 2', 86),
(886, 99, 17, 34, '1', 70),
(887, 99, 17, 34, '1', 70),
(888, 5, 3, 32, 'uh', 75),
(889, 101, 17, 34, '1', 80),
(890, 6, 3, 32, 'uh', 81),
(891, 13, 11, 23, '1', 80),
(892, 7, 3, 32, 'uh', 78),
(893, 102, 17, 34, '1', 75),
(894, 102, 17, 34, '1', 78),
(895, 8, 3, 32, 'uh', 74),
(896, 103, 17, 34, '1', 50),
(897, 103, 17, 34, '1', 60),
(898, 105, 17, 34, '1', 70),
(899, 105, 17, 34, '1', 75),
(900, 11, 3, 32, 'uh', 74),
(901, 15, 11, 23, '1', 70),
(902, 15, 11, 23, '2', 70),
(903, 13, 3, 32, 'uh', 80),
(904, 104, 17, 34, '1', 50),
(905, 104, 17, 34, '1', 60),
(906, 15, 3, 32, 'uh', 71),
(907, 17, 11, 23, '1', 75),
(908, 32, 12, 26, 'UH 1', 80),
(909, 32, 12, 26, 'UH 2', 86),
(912, 34, 12, 26, 'UH 1', 80),
(913, 34, 12, 26, 'UH 2', 86),
(914, 36, 12, 26, 'UH 1', 80),
(915, 36, 12, 26, 'UH 2', 86),
(916, 38, 12, 26, 'UH 1', 80),
(917, 38, 12, 26, 'UH 2', 86),
(918, 39, 12, 26, 'UH 1', 80),
(919, 39, 12, 26, 'UH 2', 86),
(920, 40, 12, 26, 'UH 1', 80),
(921, 40, 12, 26, 'UH 2', 86),
(922, 42, 12, 26, 'UH 1', 80),
(923, 42, 12, 26, 'UH 2', 86),
(924, 45, 12, 26, 'UH 1', 80),
(925, 45, 12, 26, 'UH 2', 90),
(926, 47, 12, 26, 'UH 1', 80),
(927, 47, 12, 26, 'UH 2', 90),
(928, 48, 12, 26, 'UH 1', 80),
(929, 48, 12, 26, 'UH 2', 90),
(930, 49, 12, 26, 'UH 1', 80),
(931, 49, 12, 26, 'UH 2', 90),
(932, 50, 12, 26, 'UH 1', 80),
(933, 50, 12, 26, 'UH 2', 90),
(934, 11, 5, 28, 'UH', 70),
(935, 52, 12, 26, 'UH 1', 80),
(936, 52, 12, 26, 'UH 2', 90),
(937, 105, 14, 24, 'UH', 70),
(938, 45, 14, 25, 'KD1', 60),
(939, 54, 12, 26, 'UH 1', 80),
(940, 45, 14, 25, 'KD2', 75),
(941, 54, 12, 26, 'UH 2', 86),
(942, 45, 14, 25, 'KD3', 80),
(943, 45, 14, 25, 'KD4', 80),
(944, 107, 14, 24, 'UH', 60),
(945, 47, 14, 25, 'KD1', 70),
(946, 47, 14, 25, 'KD2', 70),
(947, 47, 14, 25, 'KD3', 60),
(948, 47, 14, 25, 'KD4', 75),
(949, 55, 12, 26, 'UH 1', 80),
(950, 55, 12, 26, 'UH 2', 90),
(951, 14, 13, 36, 'Ulangan harian pertama', 50),
(952, 14, 13, 36, 'Ulangan harian kedua', 98),
(953, 13, 5, 28, 'UH', 70),
(954, 57, 12, 26, 'UH 1', 80),
(955, 57, 12, 26, 'UH 2', 90),
(956, 48, 14, 25, 'KD1', 82),
(957, 16, 13, 36, 'Ulangan harian pertama', 56),
(958, 16, 13, 36, 'Ulangan harian kedua', 65),
(959, 17, 3, 32, 'uh', 73),
(960, 48, 14, 25, 'KD2', 78),
(961, 48, 14, 25, 'KD3', 75),
(962, 15, 5, 28, 'UH', 70),
(963, 48, 14, 25, 'KD4', 75),
(964, 24, 3, 32, 'uh', 78),
(965, 49, 14, 25, 'KD1', 70),
(966, 49, 14, 25, 'KD2', 75),
(967, 49, 14, 25, 'KD3', 77),
(968, 59, 12, 26, 'UH 1', 80),
(969, 49, 14, 25, 'KD4', 80),
(970, 59, 12, 26, 'UH 2', 90),
(971, 26, 3, 32, 'uh', 78),
(972, 17, 5, 28, 'UH', 70),
(973, 146, 8, 24, 'UH', 0),
(974, 20, 13, 36, 'Ulangan harian pertama', 59),
(975, 29, 3, 32, 'uh', 76),
(976, 20, 13, 36, 'Ulangan harian kedua', 50),
(977, 50, 14, 25, 'KD1', 75),
(978, 60, 12, 26, 'UH 1', 80),
(979, 50, 14, 25, 'KD2', 75),
(980, 50, 14, 25, 'KD3', 77),
(981, 60, 12, 26, 'UH 2', 90),
(982, 50, 14, 25, 'KD4', 80),
(983, 30, 3, 32, 'uh', 75),
(984, 24, 5, 28, 'UH', 75),
(985, 32, 3, 32, 'uh', 75),
(986, 21, 13, 36, 'Ulangan harian pertama', 84),
(987, 21, 13, 36, 'Ulangan harian kedua', 100),
(988, 52, 14, 25, 'KD1', 70),
(989, 52, 14, 25, 'KD2', 77),
(990, 52, 14, 25, 'KD3', 80),
(991, 52, 14, 25, 'KD4', 83),
(992, 26, 5, 28, 'UH', 70),
(993, 145, 8, 24, 'UH', 70),
(994, 34, 3, 32, 'uh', 78),
(995, 145, 12, 26, 'UH 1', 80),
(996, 145, 12, 26, 'UH 2', 86),
(997, 36, 3, 32, 'uh', 79),
(998, 54, 14, 25, 'KD1', 75),
(999, 54, 14, 25, 'KD2', 70),
(1000, 54, 14, 25, 'KD3', 79),
(1001, 54, 14, 25, 'KD4', 80),
(1002, 125, 8, 24, 'UH', 70),
(1003, 146, 12, 26, 'UH 1', 70),
(1004, 146, 12, 26, 'UH 2', 70),
(1005, 29, 5, 28, 'UH', 70),
(1006, 38, 3, 32, 'uh', 78),
(1007, 24, 11, 23, '1', 80),
(1008, 24, 11, 23, '2', 80),
(1009, 39, 3, 32, 'uh', 77),
(1010, 30, 5, 28, 'UH', 70),
(1011, 55, 14, 25, 'KD1', 70),
(1012, 55, 14, 25, 'KD2', 70),
(1013, 55, 14, 25, 'KD3', 75),
(1014, 55, 14, 25, 'KD4', 80),
(1015, 32, 5, 28, 'UH', 70),
(1016, 40, 3, 32, 'uh', 81),
(1017, 111, 12, 26, 'UH 1', 80),
(1018, 22, 13, 36, 'Ulangan harian pertama', 82),
(1019, 111, 12, 26, 'UH 2', 86),
(1020, 22, 13, 36, 'Ulangan harian kedua', 94),
(1021, 57, 14, 25, 'KD1', 70),
(1022, 57, 14, 25, 'KD2', 75),
(1023, 57, 14, 25, 'KD3', 78),
(1024, 57, 14, 25, 'KD4', 78),
(1025, 42, 3, 32, 'uh', 72),
(1026, 45, 3, 32, 'uh', 76),
(1027, 26, 11, 23, '1', 70),
(1028, 112, 12, 26, 'UH 1', 80),
(1029, 112, 12, 26, 'UH 2', 86),
(1030, 26, 11, 23, '2', 70),
(1031, 23, 13, 36, 'Ulangan harian pertama', 50),
(1032, 47, 3, 32, 'uh', 72),
(1033, 23, 13, 36, 'Ulangan harian kedua', 95),
(1034, 34, 5, 28, 'UH', 70),
(1035, 59, 14, 25, 'KD1', 83),
(1036, 59, 14, 25, 'KD2', 80),
(1037, 59, 14, 25, 'KD3', 75),
(1038, 59, 14, 25, 'KD4', 75),
(1039, 48, 3, 32, 'uh', 76),
(1040, 25, 13, 36, 'Ulangan harian pertama', 58),
(1041, 25, 13, 36, 'Ulangan harian kedua', 92),
(1042, 36, 5, 28, 'UH', 70),
(1043, 49, 3, 32, 'uh', 78),
(1044, 60, 14, 25, 'KD1', 80),
(1045, 60, 14, 25, 'KD2', 80),
(1046, 60, 14, 25, 'KD3', 75),
(1047, 60, 14, 25, 'KD4', 75),
(1048, 50, 3, 32, 'uh', 78),
(1049, 38, 5, 28, 'UH', 70),
(1050, 27, 13, 36, 'Ulangan harian pertama', 64),
(1051, 27, 13, 36, 'Ulangan harian kedua', 93),
(1052, 29, 11, 23, '1', 75),
(1053, 29, 11, 23, '2', 75),
(1054, 52, 3, 32, 'uh', 74),
(1055, 54, 3, 32, 'uh', 76),
(1056, 28, 13, 36, 'Ulangan harian pertama', 90),
(1057, 28, 13, 36, 'Ulangan harian kedua', 100),
(1058, 55, 3, 32, 'uh', 76),
(1059, 31, 13, 36, 'Ulangan harian pertama', 84),
(1060, 31, 13, 36, 'Ulangan harian kedua', 95),
(1061, 113, 12, 26, 'UH 1', 80),
(1062, 113, 12, 26, 'UH 2', 86),
(1063, 39, 5, 28, 'UH', 70),
(1064, 145, 3, 32, 'uh', 70),
(1065, 33, 13, 36, 'Ulangan harian pertama', 80),
(1066, 33, 13, 36, 'Ulangan harian kedua', 65),
(1067, 114, 12, 26, 'UH 1', 80),
(1068, 114, 12, 26, 'UH 2', 86),
(1069, 40, 5, 28, 'UH', 70),
(1070, 57, 3, 32, 'uh', 73),
(1071, 35, 13, 36, 'Ulangan harian pertama', 70),
(1072, 35, 13, 36, 'Ulangan harian kedua', 50),
(1073, 42, 5, 28, 'UH', 70),
(1074, 59, 3, 32, 'uh', 82),
(1075, 115, 12, 26, 'UH 1', 80),
(1076, 115, 12, 26, 'UH 2', 86),
(1077, 69, 10, 31, 'ulangan harian', 65),
(1078, 60, 3, 32, 'uh', 79),
(1079, 45, 5, 28, 'UH', 70),
(1080, 30, 11, 23, '1', 70),
(1081, 30, 11, 23, '2', 70),
(1082, 37, 13, 36, 'Ulangan harian pertama', 80),
(1083, 37, 13, 36, 'Ulangan harian kedua', 94),
(1084, 116, 12, 26, 'UH 1', 80),
(1085, 116, 12, 26, 'UH 2', 86),
(1086, 146, 3, 32, 'uh', 70),
(1087, 70, 10, 31, 'ulangan harian', 60),
(1088, 47, 5, 28, 'UH', 70),
(1089, 70, 7, 34, '1', 50),
(1090, 41, 13, 36, 'Ulangan harian pertama', 76),
(1091, 41, 13, 36, 'Ulangan harian kedua', 85),
(1092, 10, 11, 23, '1', 70),
(1093, 117, 12, 26, 'UH 1', 80),
(1094, 10, 11, 23, '2', 70),
(1095, 71, 10, 31, 'ulangan harian', 70),
(1096, 117, 12, 26, 'UH 2', 86),
(1097, 69, 7, 34, '1', 75),
(1098, 48, 5, 28, 'UH', 70),
(1099, 10, 3, 32, 'uh', 50),
(1100, 71, 7, 34, '1', 80),
(1101, 43, 13, 36, 'Ulangan harian pertama', 72),
(1102, 43, 13, 36, 'Ulangan harian kedua', 50),
(1103, 49, 5, 28, 'UH', 70),
(1104, 32, 11, 23, '1', 70),
(1105, 84, 8, 25, 'KD1', 70),
(1106, 84, 8, 25, 'KD2', 70),
(1107, 32, 11, 23, '2', 70),
(1108, 72, 7, 34, '1', 50),
(1109, 84, 8, 25, 'KD3', 70),
(1110, 84, 8, 25, 'KD4', 70),
(1111, 78, 7, 34, '1', 75),
(1112, 72, 10, 31, 'ulangan harian', 70),
(1113, 50, 5, 28, 'UH', 70),
(1114, 44, 13, 36, 'Ulangan harian pertama', 74),
(1115, 44, 13, 36, 'Ulangan harian kedua', 70),
(1116, 12, 11, 23, '1', 70),
(1117, 97, 7, 34, '1', 30),
(1118, 12, 11, 23, '2', 70),
(1119, 12, 3, 32, 'uh', 73),
(1120, 73, 7, 34, '1', 50),
(1121, 14, 3, 32, 'uh', 79),
(1122, 52, 5, 28, 'UH', 70),
(1123, 34, 11, 23, '1', 75),
(1124, 34, 11, 23, '2', 75),
(1125, 73, 10, 31, 'ulangan harian', 65),
(1126, 118, 12, 26, 'UH 1', 80),
(1127, 46, 13, 36, 'Ulangan harian pertama', 79),
(1128, 79, 7, 34, '1', 80),
(1129, 118, 12, 26, 'UH 2', 86),
(1130, 46, 13, 36, 'Ulangan harian kedua', 70),
(1131, 14, 11, 23, '1', 70),
(1132, 14, 11, 23, '2', 70),
(1133, 54, 5, 28, 'UH', 70),
(1134, 75, 7, 34, '1', 60),
(1135, 16, 3, 32, 'uh', 71),
(1136, 74, 10, 31, 'ulangan harian', 65),
(1137, 36, 11, 23, '1', 75),
(1138, 55, 5, 28, 'UH', 70),
(1139, 51, 13, 36, 'Ulangan harian pertama', 74),
(1140, 76, 7, 34, '1', 75),
(1141, 51, 13, 36, 'Ulangan harian kedua', 50),
(1142, 75, 10, 31, 'ulangan harian', 60),
(1143, 18, 3, 32, 'uh', 85),
(1144, 119, 12, 26, 'UH 1', 0),
(1145, 119, 12, 26, 'UH 2', 0),
(1146, 36, 11, 23, '2', 75),
(1147, 16, 11, 23, '1', 70),
(1148, 16, 11, 23, '2', 70),
(1149, 80, 7, 34, '1', 50),
(1150, 76, 10, 31, 'ulangan harian', 75),
(1151, 53, 13, 36, 'Ulangan harian pertama', 70),
(1152, 20, 3, 32, 'uh', 76),
(1153, 53, 13, 36, 'Ulangan harian kedua', 70),
(1154, 82, 7, 34, '1', 75),
(1155, 57, 5, 28, 'UH', 70),
(1156, 21, 3, 32, 'uh', 81),
(1157, 77, 10, 31, 'ulangan harian', 70),
(1158, 120, 12, 26, 'UH 1', 80),
(1159, 120, 12, 26, 'UH 2', 90),
(1160, 18, 11, 23, '1', 80),
(1161, 56, 13, 36, 'Ulangan harian pertama', 60),
(1162, 38, 11, 23, '1', 70),
(1163, 18, 11, 23, '2', 80),
(1164, 56, 13, 36, 'Ulangan harian kedua', 98),
(1165, 38, 11, 23, '2', 70),
(1166, 84, 7, 34, '1', 78),
(1167, 59, 5, 28, 'UH', 70),
(1168, 78, 10, 31, 'ulangan harian', 75),
(1169, 86, 7, 34, '1', 75),
(1170, 22, 3, 32, 'uh', 78),
(1171, 58, 13, 36, 'Ulangan harian pertama', 78),
(1172, 58, 13, 36, 'Ulangan harian kedua', 60),
(1173, 20, 11, 23, '1', 70),
(1174, 20, 11, 23, '2', 70),
(1175, 79, 10, 31, 'ulangan harian', 70),
(1176, 60, 5, 28, 'UH', 70),
(1177, 88, 7, 34, '1', 77),
(1178, 121, 12, 26, 'UH 1', 80),
(1179, 23, 3, 32, 'uh', 70),
(1180, 121, 12, 26, 'UH 2', 86),
(1181, 61, 13, 36, 'Ulangan harian pertama', 76),
(1182, 61, 13, 36, 'Ulangan harian kedua', 97),
(1183, 39, 11, 23, '1', 75),
(1184, 80, 10, 31, 'ulangan harian', 65),
(1185, 39, 11, 23, '2', 75),
(1186, 25, 3, 32, 'uh', 55),
(1187, 145, 5, 28, 'UH', 0),
(1188, 102, 7, 34, '1', 75),
(1189, 21, 11, 23, '1', 80),
(1190, 21, 11, 23, '2', 80),
(1191, 146, 5, 28, 'UH', 0),
(1192, 62, 13, 36, 'Ulangan harian pertama', 87),
(1193, 62, 13, 36, 'Ulangan harian kedua', 90),
(1194, 82, 10, 31, 'ulangan harian', 75),
(1195, 63, 13, 36, 'Ulangan harian pertama', 98),
(1196, 84, 10, 31, 'ulangan harian', 75),
(1197, 22, 11, 23, '1', 75),
(1198, 63, 13, 36, 'Ulangan harian kedua', 94),
(1199, 22, 11, 23, '2', 75),
(1200, 92, 7, 34, '1', 50),
(1201, 86, 10, 31, 'ulangan harian', 80),
(1202, 65, 13, 36, 'Ulangan harian pertama', 70),
(1203, 65, 13, 36, 'Ulangan harian kedua', 93),
(1204, 94, 7, 34, '1', 75),
(1205, 88, 10, 31, 'ulangan harian', 70),
(1206, 23, 11, 23, '1', 75),
(1207, 23, 11, 23, '2', 75),
(1208, 40, 11, 23, '1', 85),
(1209, 40, 11, 23, '2', 85),
(1210, 66, 13, 36, 'Ulangan harian pertama', 50),
(1211, 66, 13, 36, 'Ulangan harian kedua', 50),
(1212, 90, 10, 31, 'ulangan harian', 60),
(1213, 96, 7, 34, '1', 85),
(1214, 25, 11, 23, '1', 75),
(1215, 25, 11, 23, '2', 75),
(1216, 68, 13, 36, 'Ulangan harian pertama', 50),
(1217, 92, 10, 31, 'ulangan harian', 60),
(1218, 68, 13, 36, 'Ulangan harian kedua', 0),
(1219, 99, 7, 34, '1', 60),
(1220, 94, 10, 31, 'ulangan harian', 60),
(1221, 42, 11, 23, '1', 75),
(1222, 42, 11, 23, '2', 75),
(1223, 144, 13, 36, 'Ulangan harian pertama', 50),
(1224, 27, 11, 23, '1', 75),
(1225, 90, 7, 34, '1', 60),
(1226, 27, 11, 23, '2', 75),
(1227, 144, 13, 36, 'Ulangan harian kedua', 40),
(1228, 27, 3, 32, 'uh', 77),
(1229, 96, 10, 31, 'ulangan harian', 75),
(1230, 77, 7, 34, '1', 85),
(1231, 28, 3, 32, 'uh', 85),
(1232, 74, 7, 34, '1', 70),
(1233, 45, 11, 23, '1', 75),
(1234, 45, 11, 23, '2', 75),
(1235, 28, 11, 23, '1', 80),
(1236, 28, 11, 23, '2', 80),
(1237, 97, 10, 31, 'ulangan harian', 65),
(1238, 31, 3, 32, 'uh', 74),
(1239, 101, 7, 34, '1', 80),
(1240, 47, 11, 23, '1', 70),
(1241, 47, 11, 23, '2', 70),
(1242, 33, 3, 32, 'uh', 72),
(1243, 99, 10, 31, 'ulangan harian', 60),
(1244, 31, 11, 23, '1', 70),
(1245, 31, 11, 23, '2', 70),
(1246, 101, 10, 31, 'ulangan harian', 75),
(1247, 35, 3, 32, 'uh', 72),
(1248, 33, 11, 23, '1', 70),
(1249, 104, 7, 34, '1', 60),
(1250, 33, 11, 23, '2', 70),
(1251, 102, 10, 31, 'ulangan harian', 75),
(1252, 37, 3, 32, 'uh', 85),
(1253, 103, 10, 31, 'ulangan harian', 60),
(1254, 41, 3, 32, 'uh', 71),
(1255, 104, 10, 31, 'ulangan harian', 45),
(1256, 43, 3, 32, 'uh', 73),
(1257, 35, 11, 23, '1', 75),
(1258, 35, 11, 23, '2', 75),
(1259, 103, 7, 34, '1', 60),
(1260, 105, 10, 31, 'ulangan harian', 70),
(1261, 105, 7, 34, '1', 70),
(1262, 107, 10, 31, 'ulangan harian', 70),
(1263, 48, 11, 23, '1', 75),
(1264, 44, 3, 32, 'uh', 72),
(1265, 48, 11, 23, '2', 75),
(1266, 37, 11, 23, '1', 80),
(1267, 37, 11, 23, '2', 80),
(1268, 46, 3, 32, 'uh', 71),
(1269, 51, 3, 32, 'uh', 71),
(1270, 69, 11, 23, 'Ulangan Harian', 70),
(1271, 53, 3, 32, 'uh', 73),
(1272, 41, 11, 23, '1', 75),
(1273, 41, 11, 23, '2', 75),
(1274, 56, 3, 32, 'uh', 70),
(1275, 58, 3, 32, 'uh', 75),
(1276, 43, 11, 23, '1', 70),
(1277, 43, 11, 23, '2', 70),
(1278, 61, 3, 32, 'uh', 83),
(1279, 70, 11, 23, 'Ulangan Harian', 70),
(1280, 44, 11, 23, '1', 70),
(1281, 44, 11, 23, '2', 70),
(1282, 62, 3, 32, 'uh', 80),
(1283, 71, 11, 23, 'Ulangan Harian', 75),
(1284, 63, 3, 32, 'uh', 84),
(1285, 46, 11, 23, '1', 70),
(1286, 65, 3, 32, 'uh', 82),
(1287, 46, 11, 23, '2', 70),
(1288, 72, 11, 23, 'Ulangan Harian', 70),
(1289, 73, 11, 23, 'Ulangan Harian', 70),
(1290, 51, 11, 23, '1', 70),
(1291, 51, 11, 23, '2', 70),
(1292, 145, 10, 31, 'ulangan harian', 75),
(1293, 74, 11, 23, 'Ulangan Harian', 70),
(1294, 146, 10, 31, 'ulangan harian', 65),
(1295, 53, 11, 23, '1', 75),
(1296, 53, 11, 23, '2', 75),
(1297, 3, 6, 25, '1', 68),
(1298, 66, 2, 38, '1', 80),
(1299, 75, 11, 23, 'Ulangan Harian', 70),
(1300, 49, 11, 23, '1', 70),
(1301, 49, 11, 23, '2', 70),
(1302, 18, 2, 38, '1', 75),
(1303, 4, 6, 25, '1', 67),
(1304, 56, 11, 23, '1', 75),
(1305, 56, 11, 23, '2', 75),
(1306, 76, 11, 23, 'Ulangan Harian', 75),
(1307, 35, 2, 38, '1', 75),
(1308, 5, 6, 25, '1', 67),
(1309, 6, 6, 25, '1', 68),
(1310, 77, 11, 23, 'Ulangan Harian', 75),
(1311, 16, 2, 38, '1', 70),
(1312, 7, 6, 25, '1', 69),
(1313, 67, 3, 32, 'uh', 0),
(1314, 78, 11, 23, 'Ulangan Harian', 70),
(1315, 51, 2, 38, '1', 70),
(1316, 61, 11, 23, '1', 75),
(1317, 61, 11, 23, '2', 75),
(1318, 68, 3, 32, 'uh', 36),
(1319, 22, 2, 38, '1', 75),
(1320, 8, 6, 25, '1', 69),
(1321, 50, 11, 23, '1', 70),
(1322, 28, 2, 38, '1', 80),
(1323, 50, 11, 23, '2', 70),
(1324, 144, 3, 32, 'uh', 77),
(1325, 79, 11, 23, 'Ulangan Harian', 75),
(1326, 62, 11, 23, '1', 75),
(1327, 9, 6, 25, '1', 67),
(1328, 62, 11, 23, '2', 75),
(1329, 63, 2, 38, '1', 70),
(1330, 11, 6, 25, '1', 68),
(1331, 80, 11, 23, 'Ulangan Harian', 70),
(1332, 61, 2, 38, '1', 70),
(1333, 69, 2, 38, '1', 78),
(1334, 13, 6, 25, '1', 72),
(1335, 63, 11, 23, '1', 80),
(1336, 63, 11, 23, '2', 80),
(1337, 70, 2, 38, '1', 64),
(1338, 52, 11, 23, '1', 70),
(1339, 65, 2, 38, '1', 75),
(1340, 82, 11, 23, 'Ulangan Harian', 75),
(1341, 52, 11, 23, '2', 70),
(1342, 15, 6, 25, '1', 65),
(1343, 21, 2, 38, '1', 75),
(1344, 17, 6, 25, '1', 70),
(1345, 84, 11, 23, 'Ulangan Harian', 75),
(1346, 71, 2, 38, '1', 70),
(1347, 24, 6, 25, '1', 70),
(1348, 68, 2, 38, '1', 70),
(1349, 65, 11, 23, '1', 75),
(1350, 65, 11, 23, '2', 80),
(1351, 86, 11, 23, 'Ulangan Harian', 75),
(1354, 26, 6, 25, '1', 70),
(1355, 37, 2, 38, '1', 85),
(1356, 72, 2, 38, '1', 51),
(1357, 54, 11, 23, '1', 75),
(1358, 23, 2, 38, '1', 70),
(1359, 54, 11, 23, '2', 75),
(1360, 29, 6, 25, '1', 75),
(1361, 88, 11, 23, 'Ulangan Harian', 70),
(1362, 73, 2, 38, '1', 51),
(1363, 74, 2, 38, '1', 65),
(1364, 30, 6, 25, '1', 66),
(1365, 66, 11, 23, '1', 70),
(1366, 66, 11, 23, '2', 70),
(1367, 46, 2, 38, '1', 72),
(1368, 90, 11, 23, 'Ulangan Harian', 75),
(1369, 32, 6, 25, '1', 68),
(1370, 55, 11, 23, '1', 75),
(1371, 55, 11, 23, '2', 75),
(1372, 76, 2, 38, '1', 73),
(1373, 34, 6, 25, '1', 68),
(1374, 92, 11, 23, 'Ulangan Harian', 70),
(1375, 77, 2, 38, '1', 75),
(1376, 68, 11, 23, '1', 0),
(1377, 68, 11, 23, '2', 0),
(1378, 31, 2, 38, '1', 70),
(1379, 57, 11, 23, '1', 70),
(1380, 57, 11, 23, '2', 70),
(1381, 78, 2, 38, '1', 50),
(1382, 36, 6, 25, '1', 74),
(1383, 33, 2, 38, '1', 60),
(1384, 94, 11, 23, 'Ulangan Harian', 75),
(1385, 79, 2, 38, '1', 60),
(1386, 38, 6, 25, '1', 68),
(1387, 41, 2, 38, '1', 50),
(1388, 59, 11, 23, '1', 80),
(1389, 59, 11, 23, '2', 80),
(1390, 80, 2, 38, '1', 50),
(1391, 96, 11, 23, 'Ulangan Harian', 75),
(1392, 39, 6, 25, '1', 72),
(1393, 53, 2, 38, '1', 55),
(1394, 82, 2, 38, '1', 50),
(1395, 60, 11, 23, '1', 75),
(1396, 60, 11, 23, '2', 75),
(1397, 84, 2, 38, '1', 50),
(1398, 40, 6, 25, '1', 73),
(1399, 86, 2, 38, '1', 85),
(1400, 97, 11, 23, 'Ulangan Harian', 70),
(1401, 144, 11, 23, '1', 75),
(1402, 144, 11, 23, '2', 75),
(1403, 42, 6, 25, '1', 70),
(1404, 88, 2, 38, '1', 58),
(1405, 45, 6, 25, '1', 72),
(1406, 90, 2, 38, '1', 70),
(1407, 27, 2, 38, '1', 55),
(1408, 47, 6, 25, '1', 68),
(1409, 92, 2, 38, '1', 51),
(1410, 14, 2, 38, '1', 70),
(1411, 94, 2, 38, '1', 54),
(1412, 99, 11, 23, 'Ulangan Harian', 70),
(1413, 48, 6, 25, '1', 66),
(1414, 96, 2, 38, '1', 62),
(1415, 101, 11, 23, 'Ulangan Harian', 75),
(1416, 97, 2, 38, '1', 50),
(1417, 49, 6, 25, '1', 69),
(1418, 102, 11, 23, 'Ulangan Harian', 75),
(1419, 99, 2, 38, '1', 54),
(1420, 62, 2, 38, '1', 50),
(1421, 101, 2, 38, '1', 58),
(1422, 58, 2, 38, '1', 60),
(1423, 103, 11, 23, 'Ulangan Harian', 70),
(1424, 102, 2, 38, '1', 72),
(1425, 50, 6, 25, '1', 70),
(1426, 103, 2, 38, '1', 50),
(1427, 104, 11, 23, 'Ulangan Harian', 75),
(1428, 144, 2, 38, '1', 75),
(1429, 122, 12, 26, 'UH 1', 80),
(1430, 122, 12, 26, 'UH 2', 86),
(1431, 104, 2, 38, '1', 52),
(1432, 3, 13, 37, 'Ulangan Harian', 70),
(1433, 52, 6, 25, '1', 70),
(1434, 44, 2, 38, '1', 51),
(1435, 105, 2, 38, '1', 67),
(1436, 105, 11, 23, 'Ulangan Harian', 75),
(1437, 54, 6, 25, '1', 69),
(1438, 107, 2, 38, '1', 88),
(1439, 20, 2, 38, '1', 28),
(1440, 55, 6, 25, '1', 70),
(1441, 107, 11, 23, 'Ulangan Harian', 0),
(1442, 4, 13, 37, 'Ulangan Harian', 70),
(1443, 69, 16, 23, '1', 70),
(1444, 43, 2, 38, '1', 29),
(1445, 57, 6, 25, '1', 68),
(1446, 5, 13, 37, 'Ulangan Harian', 70),
(1447, 59, 6, 25, '1', 70),
(1448, 70, 16, 23, '1', 70),
(1449, 10, 12, 26, '1', 84),
(1450, 10, 12, 26, '2', 90),
(1451, 60, 6, 25, '1', 68),
(1452, 71, 16, 23, '1', 75),
(1453, 4, 4, 27, '1', 64),
(1454, 145, 6, 25, '1', 69),
(1455, 12, 12, 26, '1', 84),
(1456, 12, 12, 26, '2', 90),
(1457, 5, 4, 27, '1', 43),
(1458, 72, 16, 23, '1', 70),
(1459, 14, 12, 26, '1', 84),
(1460, 14, 12, 26, '2', 90),
(1461, 6, 13, 37, 'Ulangan Harian', 70),
(1462, 16, 12, 26, '1', 84),
(1463, 6, 4, 27, '1', 63),
(1464, 16, 12, 26, '2', 90),
(1465, 73, 16, 23, '1', 70),
(1466, 18, 12, 26, '1', 84),
(1467, 18, 12, 26, '2', 90),
(1468, 7, 4, 27, '1', 55),
(1469, 20, 12, 26, '1', 84),
(1470, 8, 4, 27, '1', 48),
(1471, 20, 12, 26, '2', 90),
(1472, 7, 13, 37, 'Ulangan Harian', 70),
(1473, 9, 4, 27, '1', 49),
(1474, 8, 13, 37, 'Ulangan Harian', 70),
(1475, 123, 12, 26, 'UH 1', 80),
(1476, 123, 12, 26, 'UH 2', 86),
(1477, 9, 13, 37, 'Ulangan Harian', 70),
(1478, 21, 12, 26, '1', 84),
(1479, 21, 12, 26, '2', 90),
(1480, 13, 4, 27, '1', 77),
(1481, 11, 13, 37, 'Ulangan Harian', 70),
(1482, 22, 12, 26, '1', 84),
(1483, 22, 12, 26, '2', 90),
(1484, 13, 13, 37, 'Ulangan Harian', 75),
(1485, 15, 4, 27, '1', 28),
(1486, 73, 16, 23, '2', 0),
(1487, 15, 13, 37, 'Ulangan Harian', 70),
(1488, 73, 16, 23, '3', 0),
(1489, 124, 12, 26, 'UH 1', 80),
(1491, 17, 4, 27, '1', 75),
(1492, 124, 12, 26, 'UH 2', 86),
(1493, 17, 13, 37, 'Ulangan Harian', 70),
(1494, 11, 4, 27, '1', 63),
(1495, 24, 13, 37, 'Ulangan Harian', 74),
(1496, 125, 12, 26, 'UH 1', 80),
(1497, 26, 13, 37, 'Ulangan Harian', 70),
(1498, 125, 12, 26, 'UH 2', 86),
(1499, 29, 13, 37, 'Ulangan Harian', 85),
(1500, 23, 12, 26, '1', 84),
(1501, 24, 4, 27, '1', 75),
(1502, 23, 12, 26, '2', 90),
(1503, 74, 16, 23, 'UH', 70),
(1504, 30, 13, 37, 'Ulangan Harian', 70),
(1505, 25, 12, 26, '1', 84),
(1506, 25, 12, 26, '2', 90),
(1507, 30, 4, 27, '1', 49),
(1508, 32, 13, 37, 'Ulangan Harian', 70),
(1509, 126, 12, 26, 'UH 1', 80),
(1510, 126, 12, 26, 'UH 2', 86),
(1511, 27, 12, 26, '1', 84),
(1512, 27, 12, 26, '2', 90),
(1513, 34, 13, 37, 'Ulangan Harian', 70),
(1514, 38, 4, 27, '1', 50),
(1515, 28, 12, 26, '1', 84),
(1516, 28, 12, 26, '2', 90),
(1517, 75, 16, 23, 'UH', 70),
(1518, 36, 13, 37, 'Ulangan Harian', 70),
(1519, 127, 12, 26, 'UH 1', 80),
(1520, 127, 12, 26, 'UH 2', 86),
(1521, 47, 4, 27, '1', 55),
(1522, 31, 12, 26, '1', 84),
(1523, 31, 12, 26, '2', 90),
(1524, 38, 13, 37, 'Ulangan Harian', 70),
(1525, 33, 12, 26, '1', 84),
(1526, 48, 4, 27, '1', 33),
(1527, 33, 12, 26, '2', 90),
(1528, 128, 12, 26, 'UH 1', 80),
(1529, 128, 12, 26, 'UH 2', 86),
(1530, 39, 13, 37, 'Ulangan Harian', 78),
(1531, 76, 16, 23, 'UH', 75),
(1532, 35, 12, 26, '1', 84),
(1533, 35, 12, 26, '2', 90),
(1534, 40, 13, 37, 'Ulangan Harian', 76),
(1535, 57, 4, 27, '1', 44),
(1536, 37, 12, 26, '1', 84),
(1537, 129, 12, 26, 'UH 1', 80),
(1538, 37, 12, 26, '2', 90),
(1539, 129, 12, 26, 'UH 2', 86),
(1540, 77, 16, 23, 'UH', 80),
(1541, 145, 4, 27, '1', 29),
(1542, 42, 13, 37, 'Ulangan Harian', 70),
(1543, 41, 12, 26, '1', 84),
(1544, 41, 12, 26, '2', 90),
(1545, 45, 13, 37, 'Ulangan Harian', 75),
(1546, 78, 16, 23, 'UH', 70),
(1547, 43, 12, 26, '1', 84),
(1548, 130, 12, 26, 'UH 1', 80),
(1549, 43, 12, 26, '2', 90),
(1550, 130, 12, 26, 'UH 2', 86),
(1551, 44, 12, 26, '1', 84),
(1552, 44, 12, 26, '2', 90),
(1553, 69, 4, 27, '1', 52),
(1554, 79, 16, 23, 'UH', 75),
(1555, 71, 4, 27, '1', 56),
(1556, 131, 12, 26, 'UH 1', 80),
(1557, 131, 12, 26, 'UH 2', 90),
(1558, 72, 4, 27, '1', 32),
(1559, 78, 4, 27, '1', 10),
(1560, 47, 13, 37, 'Ulangan Harian', 70),
(1561, 48, 13, 37, 'Ulangan Harian', 70),
(1562, 97, 4, 27, '1', 37),
(1563, 49, 13, 25, '1', 70),
(1564, 80, 16, 23, 'UH', 70),
(1565, 132, 12, 26, 'UH 1', 80),
(1566, 132, 12, 26, 'UH 2', 86),
(1567, 50, 13, 37, 'Ulangan Harian', 70),
(1568, 73, 4, 27, '1', 45),
(1569, 52, 13, 25, '1', 70),
(1570, 54, 13, 37, 'Ulangan Harian', 70),
(1571, 55, 13, 25, '1', 70),
(1572, 82, 16, 23, 'UH', 70),
(1573, 57, 13, 37, 'Ulangan Harian', 70),
(1574, 133, 12, 26, 'UH 1', 80),
(1575, 75, 4, 27, '1', 64),
(1576, 133, 12, 26, 'UH 2', 86),
(1577, 60, 13, 37, 'Ulangan Harian', 70),
(1578, 59, 13, 25, '1', 70),
(1579, 80, 4, 27, '1', 55),
(1580, 145, 13, 37, 'Ulangan Harian', 70),
(1581, 84, 4, 27, '1', 37),
(1582, 84, 16, 23, 'UH', 75),
(1583, 88, 4, 27, '1', 80),
(1584, 46, 12, 26, 'UH 1', 84),
(1585, 46, 12, 26, 'UH 2', 90),
(1586, 86, 16, 23, 'UH', 80),
(1587, 92, 4, 27, '1', 37),
(1588, 94, 4, 27, '1', 85),
(1589, 88, 16, 23, 'UH', 70),
(1590, 51, 12, 26, 'UH 1', 84),
(1591, 51, 12, 26, 'UH 2', 90),
(1592, 90, 4, 27, '1', 10),
(1593, 90, 16, 23, 'UH', 70),
(1594, 99, 4, 27, '1', 44),
(1595, 53, 12, 26, 'UH 1', 84),
(1596, 53, 12, 26, 'UH 2', 90),
(1597, 92, 16, 23, 'UH', 70),
(1598, 70, 4, 27, '1', 41),
(1599, 94, 16, 23, 'UH', 75),
(1600, 56, 12, 26, 'UH 1', 84),
(1601, 56, 12, 26, 'UH 2', 90),
(1602, 102, 4, 27, '1', 80),
(1603, 96, 16, 23, 'UH', 80),
(1604, 104, 4, 27, '1', 87),
(1605, 58, 12, 26, 'UH 1', 84),
(1606, 58, 12, 26, 'UH 2', 90),
(1607, 103, 4, 27, '1', 20),
(1608, 10, 4, 27, '1', 44),
(1609, 97, 16, 23, 'UH', 70),
(1610, 61, 12, 26, 'UH 1', 84),
(1611, 61, 12, 26, 'UH 2', 90),
(1612, 12, 4, 27, '1', 49),
(1613, 99, 16, 23, 'UH', 70),
(1614, 14, 4, 27, '1', 10),
(1615, 62, 12, 26, 'UH 1', 84),
(1616, 62, 12, 26, 'UH 2', 90),
(1617, 16, 4, 27, '1', 44),
(1618, 18, 4, 27, '1', 70),
(1619, 20, 4, 27, '1', 70),
(1620, 63, 12, 26, 'UH 1', 86),
(1621, 63, 12, 26, 'UH 2', 90),
(1622, 21, 4, 27, '1', 70),
(1623, 101, 16, 23, 'UH', 80),
(1624, 22, 4, 27, '1', 70),
(1625, 23, 4, 27, '1', 70),
(1626, 65, 12, 26, 'UH 1', 86),
(1627, 65, 12, 26, 'UH 2', 90),
(1628, 27, 4, 27, '1', 70),
(1629, 31, 4, 27, '1', 70),
(1630, 33, 4, 27, '1', 70),
(1631, 66, 12, 26, 'UH 1', 84),
(1632, 66, 12, 26, 'UH 2', 90),
(1633, 102, 16, 23, 'UH', 80),
(1634, 35, 4, 27, '1', 70),
(1635, 37, 4, 27, '1', 70),
(1636, 144, 12, 26, 'UH 1', 86),
(1637, 144, 12, 26, 'UH 2', 90),
(1638, 43, 4, 27, '1', 70),
(1639, 103, 16, 23, 'UH', 70),
(1640, 44, 4, 27, '1', 70),
(1641, 46, 4, 27, '1', 70),
(1642, 10, 9, 26, 'UH 1', 80),
(1643, 10, 9, 26, 'UH 2', 90),
(1644, 104, 16, 23, 'UH', 70),
(1645, 51, 4, 27, '1', 70),
(1646, 12, 9, 26, 'UH 1', 80),
(1647, 12, 9, 26, 'UH 2', 90);
INSERT INTO `rating_test` (`id`, `student_id`, `course_id`, `user_id`, `name`, `value`) VALUES
(1648, 53, 4, 27, '1', 70),
(1649, 105, 16, 23, 'UH', 75),
(1650, 14, 9, 26, 'UH 1', 80),
(1651, 56, 4, 27, '1', 70),
(1652, 14, 9, 26, 'UH 2', 90),
(1653, 58, 4, 27, '1', 70),
(1654, 61, 4, 27, '1', 70),
(1655, 16, 9, 26, 'UH 1', 86),
(1656, 16, 9, 26, 'UH 2', 90),
(1657, 62, 4, 27, '1', 70),
(1658, 65, 4, 27, '1', 70),
(1659, 25, 4, 27, '1', 70),
(1660, 144, 4, 27, '1', 70),
(1661, 68, 4, 27, '1', 70),
(1662, 66, 4, 27, '1', 70),
(1663, 107, 4, 27, '1', 80),
(1664, 18, 9, 26, 'UH 1', 80),
(1665, 18, 9, 26, 'UH 2', 90),
(1666, 20, 9, 26, 'UH 1', 80),
(1667, 20, 9, 26, 'UH 2', 90),
(1668, 21, 9, 26, 'UH 1', 80),
(1669, 21, 9, 26, 'UH 2', 90),
(1670, 22, 9, 26, 'UH 1', 80),
(1671, 22, 9, 26, 'UH 2', 90),
(1672, 3, 9, 27, '1', 80),
(1673, 23, 9, 26, 'UH 1', 80),
(1674, 23, 9, 26, 'UH 2', 90),
(1675, 4, 9, 27, '1', 80),
(1676, 3, 2, 25, '1', 70),
(1677, 5, 9, 27, '1', 80),
(1678, 25, 9, 26, 'UH 1', 80),
(1679, 25, 9, 26, 'UH 2', 90),
(1680, 4, 2, 25, '1', 70),
(1681, 6, 9, 27, '1', 75),
(1682, 5, 2, 25, '1', 70),
(1683, 6, 2, 25, '1', 70),
(1684, 27, 9, 26, 'UH 1', 80),
(1685, 27, 9, 26, 'UH 2', 90),
(1686, 7, 2, 25, '1', 70),
(1687, 10, 2, 28, '1', 70),
(1688, 8, 2, 25, '1', 70),
(1689, 9, 2, 25, '1', 70),
(1690, 11, 2, 25, '1', 70),
(1691, 28, 9, 26, 'UH 1', 80),
(1692, 28, 9, 26, 'UH 2', 90),
(1693, 13, 2, 25, '1', 70),
(1694, 15, 2, 25, '1', 70),
(1695, 7, 9, 27, '1', 75),
(1696, 17, 2, 25, '1', 70),
(1697, 8, 9, 27, '1', 80),
(1698, 24, 2, 25, '1', 80),
(1699, 26, 2, 25, '1', 70),
(1700, 9, 9, 27, '1', 70),
(1701, 29, 2, 25, '1', 70),
(1702, 30, 2, 25, 'KETERAMPILAN', 70),
(1703, 13, 9, 27, '1', 80),
(1704, 32, 2, 25, '1', 70),
(1705, 34, 2, 25, '1', 70),
(1706, 15, 9, 27, '1', 75),
(1707, 36, 2, 25, '1', 70),
(1708, 38, 2, 25, '1', 70),
(1709, 17, 9, 27, '1', 75),
(1710, 39, 2, 25, '1', 70),
(1711, 11, 9, 27, '1', 75),
(1712, 31, 9, 26, 'UH 1', 80),
(1713, 31, 9, 26, 'UH 2', 90),
(1714, 40, 2, 25, '1', 80),
(1715, 42, 2, 25, '1', 70),
(1716, 45, 2, 25, '1', 70),
(1717, 47, 2, 25, '1', 70),
(1718, 48, 2, 25, '1', 70),
(1719, 49, 2, 25, '1', 70),
(1720, 50, 2, 25, '1', 70),
(1721, 28, 4, 27, '1', 90),
(1722, 52, 2, 25, '1', 80),
(1723, 33, 9, 26, 'UH 1', 80),
(1724, 41, 4, 27, '1', 85),
(1725, 33, 9, 26, 'UH 2', 90),
(1726, 3, 16, 25, 'uh', 80),
(1727, 3, 17, 25, 'uh', 80),
(1728, 4, 10, 25, 'uh', 80),
(1729, 4, 16, 25, 'uh', 80),
(1730, 4, 17, 25, 'uh', 80);

-- --------------------------------------------------------

--
-- Struktur dari tabel `schools`
--

CREATE TABLE `schools` (
  `id` int(10) UNSIGNED NOT NULL,
  `user_id` int(11) UNSIGNED NOT NULL,
  `school_head_id` int(11) UNSIGNED NOT NULL,
  `name` varchar(255) NOT NULL,
  `address` text NOT NULL
) ENGINE=InnoDB DEFAULT CHARSET=latin1;

--
-- Dumping data untuk tabel `schools`
--

INSERT INTO `schools` (`id`, `user_id`, `school_head_id`, `name`, `address`) VALUES
(1, 19, 18, 'SMAN 1 MOROSI', 'MOROSI');

-- --------------------------------------------------------

--
-- Struktur dari tabel `school_head_profile`
--

CREATE TABLE `school_head_profile` (
  `id` int(10) UNSIGNED NOT NULL,
  `user_id` int(11) UNSIGNED NOT NULL,
  `nip` varchar(40) NOT NULL
) ENGINE=InnoDB DEFAULT CHARSET=latin1;

--
-- Dumping data untuk tabel `school_head_profile`
--

INSERT INTO `school_head_profile` (`id`, `user_id`, `nip`) VALUES
(2, 18, '196102201984031009');

-- --------------------------------------------------------

--
-- Struktur dari tabel `students`
--

CREATE TABLE `students` (
  `id` int(10) UNSIGNED NOT NULL,
  `school_id` int(10) UNSIGNED NOT NULL,
  `name` varchar(255) NOT NULL,
  `nis` varchar(8) NOT NULL,
  `nisn` varchar(15) NOT NULL,
  `classroom_id` int(10) UNSIGNED NOT NULL
) ENGINE=InnoDB DEFAULT CHARSET=latin1;

--
-- Dumping data untuk tabel `students`
--

INSERT INTO `students` (`id`, `school_id`, `name`, `nis`, `nisn`, `classroom_id`) VALUES
(3, 1, 'AFANDI ALI', '183', '0045222256', 1),
(4, 1, 'AINUN', '185', '0049257166', 1),
(5, 1, 'ANDIKA SAPUTRA', '189', '0048441225', 1),
(6, 1, 'ANDINI SAHIDO', '190', '0058629165', 1),
(7, 1, 'ANDRI SUTIAWAN', '191', '0053104770', 1),
(8, 1, 'ANGGI', '192', '0046388161', 1),
(9, 1, 'ANISA', '193', '0035231104', 1),
(10, 1, 'ABRIZAL', '088', '0044738673', 2),
(11, 1, 'ASMIN', '197', '0046159507', 1),
(12, 1, 'AL-AHIAT', '091', '0035065554', 2),
(13, 1, 'DIAN SAFITRI RAMADANI', '202', '0042914057', 1),
(14, 1, 'ANCU', '092', '0020469154', 2),
(15, 1, 'DIMAS PRAYOGA ANDREA', '204', '0041043422', 1),
(16, 1, 'ANDIKA', '093', '0036440844', 2),
(17, 1, 'DITA PUSPITA', '203', '0041002979', 1),
(18, 1, 'ANDIKA KURNIAWAN', '094', '0031620586', 2),
(20, 1, 'ANSAR MULA', '096', '0035667794', 2),
(21, 1, 'BINTANG SAPUTRA', '098', '0038143314', 2),
(22, 1, 'DELVINA MARCELANI', '101', '0037921330', 2),
(23, 1, 'DESWITA MAHARANI', '102', '0037056926', 2),
(24, 1, 'EGA DUWI SAPUTRI SIDO', '205', '0042260517', 1),
(25, 1, 'FIKI AHMAD PRIADI', '105', '0037894512', 2),
(26, 1, 'ESTIAN', '206', '0044197664', 1),
(27, 1, 'HAMSA', '106', '0027131024', 2),
(28, 1, 'HAMSIDAR', '107', '0023136662', 2),
(29, 1, 'HARNELIA', '209', '00449320410', 1),
(30, 1, 'HENDRIK', '211', '0024481265', 1),
(31, 1, 'HERNIATIN', '108', '0037820629', 2),
(32, 1, 'LENI APRIANA', '217', '0028588414', 1),
(33, 1, 'IAN ISMIRATUL', '110', '0032520622', 2),
(34, 1, 'M. HARDIANSYAH', '219', '0038591071', 1),
(35, 1, 'IRWANTO', '114', '0043967451', 2),
(36, 1, 'MUH. SULFAKRI ABDILLAH', '226', '0050476658', 1),
(37, 1, 'KASMAWATI', '116', '0037321819', 2),
(38, 1, 'MUH. ZULKIFLI', '227', '0045531341', 1),
(39, 1, 'MUSDIANA', '228', '0041980585', 1),
(40, 1, 'NASRAH', '229', '001788844', 1),
(41, 1, 'LUKI', '117', '0028044253', 2),
(42, 1, 'PIKAL', '231', '0037965465', 1),
(43, 1, 'M. AKSAN', '118', '0019727803', 2),
(44, 1, 'MIRDAN', '119', '0011728345', 2),
(45, 1, 'RAJUL SELMART NAMOSAB RAHAYU', '232', '0047734005', 1),
(46, 1, 'MUHAMMAD ARAS', '122', '0022768760', 2),
(47, 1, 'RANDI', '233', '0037777780', 1),
(48, 1, 'RASMA', '234', '0042805189', 1),
(49, 1, 'RIZAL', '240', '0041669861', 1),
(50, 1, 'SABRAN', '241', '0048876785', 1),
(51, 1, 'PADRIANSYAH', '124', '0032343790', 2),
(52, 1, 'SALSA PADILA SARI', '244', '0052037177', 1),
(53, 1, 'RAUF', '128', '0037828340', 2),
(54, 1, 'SELFI YUNITA', '245', '0044407212', 1),
(55, 1, 'SULHAJI', '249', '0028809152', 1),
(56, 1, 'RENA', '128', '0039451407', 2),
(57, 1, 'WAHYU ARDIANSAH', '252', '0046706229', 1),
(58, 1, 'RIDWAN', '132', '00416669042', 2),
(59, 1, 'WULAN GINA RESTU', '254', '0037117359', 1),
(60, 1, 'YANTI', '255', '0028406856', 1),
(61, 1, 'SITI HARDIANTI', '138', '0029869143', 2),
(62, 1, 'USMAN ARDIANSYAH', '142', '0032709072', 2),
(63, 1, 'WAHYUNI', '144', '0047504751', 2),
(64, 1, 'SUWARNI', '000', '0034469466', 2),
(65, 1, 'WANDA AZZAHRAH', '145', '0037621853', 2),
(66, 1, 'RAIS', '000', '00000', 2),
(67, 1, 'MUH.RIFALDI', '000', '000000000', 2),
(68, 1, 'ADRIAN', '000', '00000', 2),
(69, 1, 'ANSARULLAH', '097', '0034049591', 10),
(70, 1, 'ARIF', '086', '0013080010', 10),
(71, 1, 'ELSIANA PUTRI', '103', '0041941958', 10),
(72, 1, 'ERLANSYAH', '104', '0011009053', 10),
(73, 1, 'ILHAM. L', '113', '0035044646', 10),
(74, 1, 'INDRIYANI WAHYU NINGSIH', '261', '0019565847', 10),
(75, 1, 'MUH. ILHAM SULTRANYAH', '121', '0033664811', 10),
(76, 1, 'NURLENI', '123', '0042646399', 10),
(77, 1, 'NURMIATIN', '172', '0011709586', 10),
(78, 1, 'PITRIANI', '125', '0037940944', 10),
(79, 1, 'RAIPUL', '127', '0029022994', 10),
(80, 1, 'RENDI SAPUTRA', '130', '0039868022', 10),
(81, 1, 'ANGGA SAPUTRA', '000', '000', 9),
(82, 1, 'RIA', '131', '0039358716', 10),
(83, 1, 'ARIFUDDIN', '000', '000', 9),
(84, 1, 'RIFKA OKTAVIANI', '133', '0038468717', 10),
(85, 1, 'ASRANI', '000', '000', 9),
(86, 1, 'RISKA', '136', '0046925277', 10),
(87, 1, 'ASRIANTI', '000', '000', 9),
(88, 1, 'SRIYANTI', '140', '0022924216', 10),
(89, 1, 'ARDIANTI', '000', '000', 9),
(90, 1, 'VEBRIANTO PABISA', '174', '0031749550', 10),
(91, 1, 'HIJERIANTI', '000', '000', 9),
(92, 1, 'WILHAM', '146', '0031868068', 10),
(93, 1, 'IRFAN', '000', '000', 9),
(94, 1, 'YUL APRILIANI', '147', '0037589235', 10),
(95, 1, 'IRSANDI', '000', '000', 9),
(96, 1, 'YUYUN WAHYUNI', '148', '0041961352', 10),
(97, 1, 'ILANG ERVIANSYAH', '112', '0012766959', 10),
(98, 1, 'SAPTO AWAL RAMADHAN', '000', '000', 9),
(99, 1, 'ZULKIFLI', '154', '0013865892', 10),
(100, 1, 'SARPIN', '000', '000', 9),
(101, 1, 'WULAN', '262', '0043341848', 10),
(102, 1, 'MARDIANI', '260', '0023665905', 10),
(103, 1, 'ILHAM. R', '263', '0041611038', 10),
(104, 1, 'INDRA RUKMANSYAH', '271', '0043088266', 10),
(105, 1, 'NURHIKMA', '267', '0', 10),
(106, 1, 'UMMU KALSUM', '000', '000', 9),
(107, 1, 'AGUS SANDI', '272', '0', 10),
(108, 1, 'ZULKIFLI', '000', '000', 9),
(109, 1, 'FERY RESKIAWAN', '000', '000', 9),
(110, 1, 'ADJI PARIPURNA WIBAWA', '000', '000', 9),
(111, 1, 'ADITYA', '000', '0000', 7),
(112, 1, 'AHMAD FARHAN', '0', '0', 7),
(113, 1, 'ALDIANTO MUSTAN', '0', '0', 7),
(114, 1, 'ALFIAN SAPUTRA', '0', '0', 7),
(115, 1, 'ASRUN', '0', '0', 7),
(116, 1, 'ALUNG', '0', '0', 7),
(117, 1, 'ANJAS', '0', '0', 7),
(118, 1, 'ASLIAN', '0', '0', 7),
(119, 1, 'ASRAF ABDILLAH', '0', '0', 7),
(120, 1, 'DEWI NATALIA', '0', '0', 7),
(121, 1, 'FEBRI SUSANTI', '0', '0', 7),
(122, 1, 'ILMA LAFIANA RISKI', '0', '0', 7),
(123, 1, 'IMELDA APRILIA', '0', '0', 7),
(124, 1, 'IRLANG', '0', '0', 7),
(125, 1, 'JENI ASMIRANDA', '0', '0', 7),
(126, 1, 'JUMADIL', '0', '0', 7),
(127, 1, 'LINDA IRNAWATI', '0', '0', 7),
(128, 1, 'M. ARIF', '0', '0', 7),
(129, 1, 'M. REZA APRIANTO', '0', '0', 7),
(130, 1, 'MIRNA', '000', '0', 7),
(131, 1, 'NUR SALSABILA', '0', '0', 7),
(132, 1, 'RICKAR FERDIANSYAH', '0', '0', 7),
(133, 1, 'RIKAL', '0', '0', 7),
(134, 1, 'RIKI JAYA SAPUTRA', '0', '0', 7),
(135, 1, 'RIKO APRIANTO', '0', '0', 7),
(136, 1, 'SINDI MAX NINGSIH G.', '0', '0', 7),
(137, 1, 'SINAR', '0', '0', 7),
(138, 1, 'SINTA A.', '0', '0', 7),
(139, 1, 'TISNA BUDIMAN', '0', '0', 7),
(140, 1, 'SULHIJA', '0', '0', 7),
(141, 1, 'SULHIJA', '0', '0', 7),
(142, 1, 'RIKA RAHIM', '0', '0', 7),
(143, 1, 'SAIFUL RESA', '0', '0', 7),
(144, 1, 'PUTRI VALEN FANDIARI', '180', '0039754107', 2),
(145, 1, 'SUWARNI', '000', '0034469466', 1),
(146, 1, 'MUH.RIFALDI', '000', '0000', 1);

-- --------------------------------------------------------

--
-- Struktur dari tabel `student_attitude`
--

CREATE TABLE `student_attitude` (
  `id` bigint(20) UNSIGNED NOT NULL,
  `attitude_id` int(10) UNSIGNED NOT NULL,
  `user_id` int(11) UNSIGNED NOT NULL,
  `student_id` int(10) UNSIGNED NOT NULL,
  `predicate_id` int(10) UNSIGNED NOT NULL,
  `course_id` int(10) UNSIGNED NOT NULL
) ENGINE=InnoDB DEFAULT CHARSET=latin1;

--
-- Dumping data untuk tabel `student_attitude`
--

INSERT INTO `student_attitude` (`id`, `attitude_id`, `user_id`, `student_id`, `predicate_id`, `course_id`) VALUES
(6, 2, 33, 3, 4, 15),
(7, 3, 33, 3, 4, 15),
(8, 2, 30, 12, 4, 1),
(10, 2, 33, 4, 3, 15),
(11, 3, 33, 4, 3, 15),
(12, 2, 30, 14, 4, 1),
(13, 2, 27, 3, 4, 4),
(14, 2, 33, 5, 4, 15),
(15, 3, 33, 5, 4, 15),
(16, 2, 30, 16, 4, 1),
(17, 2, 33, 6, 4, 15),
(18, 3, 33, 6, 4, 15),
(19, 2, 30, 18, 4, 1),
(20, 2, 33, 7, 3, 15),
(21, 3, 33, 7, 4, 15),
(22, 2, 30, 20, 4, 1),
(23, 2, 27, 29, 4, 4),
(24, 3, 27, 29, 4, 4),
(25, 2, 33, 8, 4, 15),
(26, 3, 33, 8, 4, 15),
(27, 2, 30, 21, 3, 1),
(28, 2, 27, 32, 4, 4),
(29, 3, 27, 32, 4, 4),
(30, 2, 30, 22, 4, 1),
(31, 2, 33, 9, 4, 1),
(33, 2, 30, 23, 4, 1),
(34, 2, 33, 11, 3, 15),
(35, 3, 33, 11, 3, 15),
(36, 2, 30, 25, 4, 1),
(37, 2, 31, 3, 4, 10),
(38, 3, 31, 3, 4, 10),
(39, 2, 33, 13, 3, 15),
(40, 2, 29, 3, 6, 1),
(41, 2, 30, 27, 4, 1),
(42, 3, 33, 13, 4, 15),
(43, 2, 31, 4, 4, 10),
(44, 2, 30, 28, 4, 1),
(46, 2, 33, 15, 5, 15),
(51, 3, 33, 15, 5, 15),
(52, 2, 31, 5, 4, 10),
(54, 2, 30, 35, 4, 1),
(55, 2, 30, 37, 4, 1),
(56, 2, 30, 41, 4, 1),
(57, 2, 30, 43, 4, 1),
(58, 2, 30, 44, 4, 1),
(59, 2, 30, 46, 4, 1),
(60, 2, 30, 51, 4, 1),
(61, 2, 30, 53, 4, 1),
(62, 2, 30, 58, 4, 1),
(63, 2, 30, 61, 4, 1),
(64, 2, 30, 62, 4, 1),
(65, 2, 30, 63, 4, 1),
(66, 2, 30, 65, 4, 1),
(67, 2, 30, 66, 4, 1),
(68, 2, 30, 68, 4, 1),
(69, 2, 33, 17, 4, 15),
(70, 3, 33, 17, 4, 15),
(71, 2, 33, 24, 4, 15),
(72, 3, 33, 24, 3, 15),
(73, 2, 29, 4, 5, 1),
(74, 2, 33, 26, 4, 15),
(75, 3, 33, 26, 4, 15),
(76, 2, 30, 69, 4, 1),
(77, 2, 33, 29, 3, 15),
(78, 3, 33, 29, 3, 15),
(79, 2, 30, 70, 4, 1),
(80, 2, 29, 5, 6, 1),
(81, 2, 30, 71, 4, 1),
(82, 2, 30, 72, 4, 1),
(83, 2, 33, 30, 4, 15),
(84, 3, 33, 30, 5, 15),
(85, 2, 30, 73, 4, 1),
(86, 2, 29, 6, 5, 1),
(87, 2, 30, 74, 4, 1),
(88, 2, 33, 32, 4, 15),
(89, 2, 30, 75, 4, 1),
(90, 3, 33, 32, 4, 15),
(91, 2, 30, 76, 4, 1),
(92, 2, 33, 34, 4, 15),
(93, 3, 33, 34, 4, 15),
(94, 2, 31, 6, 4, 10),
(95, 2, 29, 7, 5, 1),
(96, 2, 30, 77, 4, 1),
(97, 2, 29, 8, 6, 1),
(98, 2, 30, 79, 4, 1),
(99, 2, 31, 7, 4, 10),
(100, 2, 30, 80, 4, 1),
(101, 2, 30, 82, 4, 1),
(102, 2, 33, 9, 3, 15),
(103, 2, 30, 84, 4, 1),
(104, 3, 33, 9, 3, 15),
(105, 2, 29, 11, 5, 1),
(106, 2, 30, 86, 4, 1),
(107, 2, 30, 88, 4, 1),
(108, 2, 33, 36, 3, 15),
(109, 3, 33, 36, 3, 15),
(110, 2, 29, 13, 3, 1),
(111, 2, 30, 90, 4, 1),
(112, 2, 27, 34, 4, 4),
(113, 2, 30, 92, 4, 1),
(114, 3, 27, 34, 4, 4),
(115, 2, 33, 38, 4, 15),
(116, 2, 29, 15, 3, 1),
(117, 3, 33, 38, 4, 15),
(118, 2, 27, 36, 4, 4),
(119, 3, 27, 36, 4, 4),
(120, 2, 31, 8, 4, 10),
(121, 2, 30, 96, 4, 1),
(122, 2, 33, 39, 3, 15),
(123, 3, 33, 39, 3, 15),
(124, 2, 27, 39, 4, 4),
(125, 2, 30, 94, 4, 1),
(126, 3, 27, 39, 4, 4),
(127, 2, 30, 97, 4, 1),
(128, 2, 31, 9, 4, 10),
(129, 2, 33, 40, 3, 15),
(130, 3, 33, 40, 3, 15),
(131, 2, 30, 99, 4, 1),
(132, 2, 31, 11, 4, 10),
(133, 2, 33, 42, 3, 15),
(134, 3, 33, 42, 3, 15),
(135, 2, 30, 101, 4, 1),
(136, 2, 31, 13, 4, 10),
(137, 2, 30, 102, 4, 1),
(138, 2, 28, 10, 5, 5),
(139, 3, 28, 10, 5, 5),
(140, 2, 33, 45, 3, 15),
(141, 3, 33, 45, 3, 15),
(142, 3, 31, 15, 4, 10),
(143, 2, 24, 3, 4, 8),
(144, 2, 29, 17, 5, 1),
(145, 2, 30, 103, 4, 1),
(146, 3, 30, 103, 4, 1),
(147, 2, 28, 12, 4, 5),
(148, 3, 28, 12, 4, 5),
(149, 2, 33, 47, 4, 15),
(150, 2, 30, 104, 4, 1),
(151, 3, 33, 47, 4, 15),
(152, 3, 30, 104, 4, 1),
(153, 2, 25, 10, 5, 8),
(154, 3, 25, 10, 4, 8),
(155, 3, 31, 17, 4, 10),
(156, 2, 24, 4, 4, 8),
(157, 2, 30, 105, 4, 1),
(158, 2, 27, 40, 4, 4),
(159, 3, 30, 105, 4, 1),
(160, 3, 27, 40, 4, 4),
(161, 2, 28, 14, 4, 5),
(162, 3, 28, 14, 4, 5),
(163, 2, 33, 48, 3, 15),
(164, 3, 33, 48, 4, 15),
(165, 3, 31, 24, 4, 10),
(166, 2, 29, 24, 4, 1),
(167, 2, 24, 5, 4, 8),
(168, 2, 30, 107, 4, 1),
(169, 3, 30, 107, 4, 1),
(170, 2, 27, 42, 4, 4),
(171, 3, 27, 42, 4, 4),
(172, 3, 30, 102, 4, 1),
(173, 2, 28, 16, 5, 5),
(174, 3, 28, 16, 5, 5),
(175, 3, 30, 101, 4, 1),
(176, 3, 30, 99, 4, 1),
(177, 2, 29, 26, 5, 1),
(178, 3, 30, 97, 4, 1),
(179, 2, 33, 49, 3, 15),
(180, 3, 25, 12, 4, 8),
(181, 3, 33, 49, 4, 15),
(182, 2, 25, 12, 4, 8),
(183, 3, 30, 69, 4, 1),
(184, 3, 30, 70, 4, 1),
(185, 2, 28, 18, 4, 5),
(186, 3, 28, 18, 4, 5),
(187, 3, 30, 71, 4, 1),
(188, 2, 24, 6, 4, 8),
(189, 3, 30, 72, 4, 1),
(190, 2, 29, 29, 4, 1),
(191, 2, 33, 50, 4, 15),
(192, 2, 25, 14, 4, 8),
(193, 3, 25, 14, 4, 8),
(194, 3, 33, 50, 4, 15),
(195, 2, 27, 45, 4, 4),
(196, 3, 27, 45, 4, 4),
(197, 3, 31, 26, 4, 10),
(199, 2, 24, 7, 4, 8),
(200, 3, 30, 73, 4, 1),
(201, 2, 28, 20, 4, 5),
(202, 3, 28, 20, 4, 5),
(203, 2, 29, 30, 5, 1),
(204, 2, 33, 52, 3, 15),
(205, 3, 31, 29, 4, 10),
(206, 2, 27, 49, 4, 4),
(207, 3, 33, 52, 3, 15),
(208, 3, 27, 49, 4, 4),
(209, 2, 25, 16, 5, 8),
(210, 2, 24, 8, 4, 8),
(211, 3, 25, 16, 5, 8),
(212, 2, 29, 32, 4, 1),
(213, 3, 31, 30, 4, 10),
(214, 2, 27, 50, 4, 4),
(215, 2, 33, 54, 4, 15),
(216, 3, 30, 74, 4, 1),
(217, 3, 27, 50, 4, 4),
(218, 2, 28, 21, 4, 5),
(219, 3, 33, 54, 4, 15),
(220, 3, 28, 21, 4, 5),
(221, 3, 30, 75, 4, 1),
(222, 3, 30, 76, 4, 1),
(223, 2, 29, 34, 5, 1),
(224, 3, 31, 32, 4, 10),
(225, 3, 30, 77, 4, 1),
(226, 2, 25, 18, 4, 8),
(227, 2, 27, 52, 4, 4),
(228, 3, 25, 18, 4, 8),
(229, 3, 27, 52, 4, 4),
(230, 2, 33, 55, 3, 15),
(231, 3, 31, 34, 4, 10),
(232, 3, 33, 55, 3, 15),
(233, 2, 24, 9, 4, 8),
(234, 2, 29, 36, 4, 1),
(235, 2, 33, 57, 3, 15),
(236, 3, 33, 57, 3, 15),
(237, 2, 29, 38, 5, 1),
(238, 2, 24, 11, 4, 8),
(239, 3, 31, 36, 4, 10),
(240, 2, 28, 23, 4, 5),
(241, 2, 29, 39, 5, 1),
(242, 3, 28, 23, 4, 5),
(243, 2, 27, 54, 4, 4),
(244, 2, 33, 59, 3, 15),
(245, 3, 27, 54, 4, 4),
(246, 3, 31, 38, 4, 10),
(247, 3, 33, 59, 3, 15),
(248, 2, 30, 78, 4, 1),
(249, 2, 24, 13, 4, 8),
(250, 3, 30, 78, 4, 1),
(251, 2, 29, 40, 3, 1),
(252, 3, 30, 79, 4, 1),
(253, 2, 27, 55, 4, 4),
(254, 3, 31, 39, 4, 10),
(255, 3, 30, 80, 4, 1),
(256, 3, 27, 55, 4, 4),
(257, 2, 28, 25, 5, 5),
(258, 2, 33, 60, 3, 15),
(259, 3, 28, 25, 5, 5),
(260, 2, 24, 15, 4, 8),
(261, 3, 33, 60, 3, 15),
(262, 3, 25, 20, 4, 8),
(263, 3, 30, 82, 4, 1),
(264, 2, 25, 20, 4, 8),
(265, 3, 30, 84, 4, 1),
(266, 3, 31, 40, 4, 10),
(267, 3, 30, 86, 4, 1),
(268, 2, 29, 42, 4, 1),
(269, 2, 24, 17, 4, 8),
(270, 2, 31, 42, 3, 10),
(271, 3, 31, 42, 4, 10),
(272, 3, 30, 88, 4, 1),
(273, 2, 29, 45, 4, 1),
(274, 3, 30, 90, 4, 1),
(275, 2, 24, 24, 4, 8),
(276, 2, 28, 28, 4, 5),
(277, 3, 28, 28, 4, 5),
(278, 3, 30, 92, 4, 1),
(279, 3, 31, 45, 4, 10),
(280, 2, 29, 47, 6, 1),
(281, 2, 31, 45, 4, 10),
(282, 3, 30, 94, 4, 1),
(283, 2, 24, 26, 3, 8),
(284, 3, 30, 96, 4, 1),
(285, 2, 25, 22, 4, 8),
(286, 2, 28, 31, 5, 5),
(287, 3, 25, 22, 4, 8),
(288, 3, 28, 31, 5, 5),
(289, 2, 31, 47, 4, 10),
(290, 3, 31, 47, 4, 10),
(291, 2, 29, 48, 5, 1),
(292, 2, 28, 33, 4, 5),
(293, 3, 28, 33, 4, 5),
(294, 2, 24, 29, 3, 8),
(295, 2, 31, 48, 4, 10),
(296, 3, 31, 48, 4, 10),
(297, 2, 29, 49, 5, 1),
(298, 2, 25, 23, 5, 8),
(299, 3, 25, 23, 5, 8),
(300, 3, 30, 10, 4, 1),
(301, 2, 24, 30, 5, 8),
(302, 2, 31, 49, 4, 10),
(303, 3, 30, 12, 4, 1),
(304, 2, 33, 70, 4, 15),
(305, 3, 31, 49, 4, 10),
(306, 3, 33, 70, 6, 15),
(307, 3, 30, 14, 4, 1),
(308, 2, 29, 50, 5, 1),
(309, 2, 31, 50, 4, 10),
(310, 2, 28, 37, 4, 5),
(311, 3, 28, 37, 4, 5),
(312, 2, 25, 25, 4, 8),
(313, 3, 25, 25, 5, 8),
(314, 3, 30, 18, 4, 1),
(315, 2, 24, 32, 4, 8),
(316, 3, 30, 20, 4, 1),
(317, 2, 29, 52, 5, 1),
(318, 2, 28, 41, 4, 5),
(319, 3, 28, 41, 4, 5),
(320, 3, 30, 21, 4, 1),
(321, 2, 33, 71, 4, 15),
(323, 3, 33, 71, 5, 15),
(324, 2, 31, 52, 4, 10),
(325, 2, 24, 34, 5, 8),
(326, 3, 31, 52, 4, 10),
(327, 2, 29, 54, 4, 1),
(328, 2, 28, 43, 4, 5),
(329, 3, 30, 22, 4, 1),
(330, 3, 28, 43, 4, 5),
(331, 2, 31, 54, 4, 10),
(332, 2, 25, 27, 5, 8),
(333, 3, 31, 54, 4, 10),
(334, 3, 25, 27, 5, 8),
(335, 3, 30, 23, 4, 1),
(336, 2, 31, 55, 4, 10),
(337, 3, 30, 25, 4, 1),
(338, 2, 28, 46, 5, 5),
(339, 3, 31, 55, 4, 10),
(340, 2, 24, 36, 3, 8),
(341, 3, 28, 46, 5, 5),
(343, 2, 29, 55, 5, 1),
(345, 2, 25, 28, 3, 8),
(346, 3, 30, 27, 4, 1),
(347, 2, 31, 57, 4, 10),
(348, 3, 25, 28, 4, 8),
(349, 2, 27, 59, 4, 4),
(350, 2, 24, 38, 5, 8),
(351, 3, 27, 59, 4, 4),
(352, 2, 28, 51, 4, 5),
(353, 3, 30, 28, 4, 1),
(354, 3, 28, 51, 4, 5),
(355, 2, 29, 57, 5, 1),
(356, 3, 31, 57, 4, 10),
(357, 2, 33, 73, 4, 15),
(358, 3, 33, 73, 5, 15),
(359, 3, 30, 31, 4, 1),
(360, 2, 30, 31, 4, 1),
(361, 2, 31, 59, 4, 10),
(362, 3, 31, 59, 4, 10),
(363, 2, 27, 60, 4, 4),
(364, 3, 27, 60, 4, 4),
(365, 2, 24, 39, 3, 8),
(366, 3, 30, 37, 4, 1),
(367, 2, 31, 60, 4, 10),
(368, 2, 25, 31, 5, 8),
(369, 3, 31, 60, 4, 10),
(370, 3, 30, 41, 4, 1),
(371, 2, 29, 59, 4, 1),
(372, 3, 25, 31, 4, 8),
(373, 2, 28, 53, 4, 5),
(374, 3, 28, 53, 4, 5),
(375, 2, 33, 74, 4, 15),
(376, 3, 33, 74, 4, 15),
(377, 2, 27, 79, 3, 4),
(378, 3, 30, 43, 4, 1),
(379, 3, 27, 79, 3, 4),
(380, 2, 29, 60, 5, 1),
(381, 2, 28, 56, 4, 5),
(382, 3, 28, 56, 4, 5),
(383, 2, 33, 75, 5, 15),
(384, 3, 33, 75, 5, 15),
(385, 3, 30, 46, 4, 1),
(386, 3, 30, 44, 4, 1),
(387, 2, 24, 40, 3, 8),
(388, 2, 27, 82, 4, 4),
(389, 3, 30, 51, 4, 1),
(390, 3, 25, 33, 5, 8),
(391, 2, 33, 76, 4, 15),
(392, 3, 30, 53, 4, 1),
(393, 3, 25, 33, 5, 8),
(394, 3, 33, 76, 4, 15),
(395, 3, 30, 58, 4, 1),
(396, 2, 24, 42, 4, 8),
(397, 3, 30, 61, 4, 1),
(398, 2, 28, 58, 4, 5),
(399, 3, 28, 58, 4, 5),
(400, 3, 30, 62, 4, 1),
(401, 3, 30, 63, 4, 1),
(402, 3, 30, 65, 4, 1),
(403, 3, 30, 66, 4, 1),
(404, 3, 30, 68, 4, 1),
(405, 2, 24, 45, 4, 8),
(406, 2, 29, 111, 6, 1),
(407, 2, 33, 77, 3, 15),
(408, 3, 33, 77, 5, 15),
(409, 2, 27, 96, 3, 4),
(410, 2, 28, 61, 4, 5),
(411, 3, 28, 61, 4, 5),
(412, 3, 27, 96, 3, 4),
(413, 2, 24, 47, 4, 8),
(414, 2, 36, 18, 3, 6),
(415, 2, 30, 144, 4, 1),
(416, 2, 31, 10, 4, 10),
(417, 3, 30, 144, 4, 1),
(418, 3, 36, 18, 4, 6),
(419, 3, 31, 10, 4, 10),
(420, 2, 33, 78, 4, 15),
(421, 3, 33, 78, 4, 15),
(422, 2, 24, 48, 4, 8),
(423, 2, 28, 62, 4, 5),
(424, 3, 28, 62, 4, 5),
(425, 2, 31, 12, 4, 10),
(426, 3, 31, 12, 4, 10),
(427, 2, 25, 35, 4, 8),
(428, 3, 25, 35, 4, 8),
(429, 2, 33, 79, 4, 15),
(430, 3, 33, 79, 4, 15),
(431, 2, 30, 10, 5, 1),
(432, 2, 31, 14, 4, 10),
(433, 3, 31, 14, 4, 10),
(434, 2, 28, 63, 4, 5),
(435, 2, 27, 77, 3, 4),
(436, 3, 28, 63, 4, 5),
(437, 3, 27, 77, 3, 4),
(438, 2, 31, 16, 4, 10),
(439, 2, 24, 49, 5, 8),
(440, 3, 30, 16, 4, 1),
(441, 3, 31, 16, 4, 10),
(442, 2, 25, 37, 4, 8),
(443, 3, 25, 37, 3, 8),
(444, 2, 31, 18, 4, 10),
(445, 3, 31, 18, 4, 10),
(446, 2, 24, 50, 4, 8),
(447, 2, 28, 65, 4, 5),
(448, 3, 28, 65, 4, 5),
(449, 2, 31, 20, 4, 10),
(450, 3, 31, 20, 4, 10),
(451, 2, 25, 41, 4, 8),
(452, 3, 25, 41, 4, 8),
(453, 2, 27, 74, 4, 4),
(454, 2, 36, 10, 3, 6),
(455, 3, 36, 10, 4, 6),
(456, 3, 27, 74, 4, 4),
(457, 2, 28, 66, 4, 5),
(458, 3, 28, 66, 4, 5),
(459, 2, 31, 21, 3, 10),
(460, 2, 24, 52, 4, 8),
(461, 3, 31, 21, 3, 10),
(462, 2, 33, 80, 4, 15),
(463, 3, 33, 80, 5, 15),
(464, 2, 25, 43, 5, 8),
(465, 3, 25, 43, 5, 8),
(466, 2, 31, 22, 5, 10),
(467, 3, 31, 22, 5, 10),
(468, 2, 28, 68, 4, 5),
(469, 3, 28, 68, 4, 5),
(470, 2, 33, 82, 5, 15),
(471, 2, 27, 105, 3, 4),
(472, 3, 33, 82, 4, 15),
(473, 3, 27, 105, 3, 4),
(474, 2, 31, 23, 5, 10),
(475, 3, 31, 23, 5, 10),
(476, 2, 24, 54, 3, 8),
(477, 2, 28, 144, 4, 5),
(478, 2, 25, 44, 4, 8),
(479, 3, 28, 144, 4, 5),
(480, 2, 36, 12, 3, 6),
(481, 3, 25, 44, 5, 8),
(482, 3, 36, 12, 4, 6),
(483, 2, 33, 84, 3, 15),
(484, 3, 33, 84, 3, 15),
(485, 2, 27, 101, 4, 4),
(486, 2, 31, 25, 4, 10),
(487, 3, 31, 25, 4, 10),
(488, 3, 27, 101, 4, 4),
(489, 2, 24, 55, 3, 8),
(490, 2, 33, 86, 3, 15),
(491, 3, 33, 86, 4, 15),
(492, 2, 31, 27, 4, 10),
(493, 3, 31, 27, 4, 10),
(494, 2, 25, 46, 5, 8),
(495, 3, 25, 46, 5, 8),
(496, 2, 31, 28, 4, 10),
(497, 2, 28, 69, 4, 5),
(498, 3, 31, 28, 4, 10),
(499, 3, 28, 69, 4, 5),
(500, 2, 33, 88, 4, 15),
(501, 2, 24, 57, 5, 8),
(502, 3, 33, 88, 5, 15),
(503, 2, 36, 14, 3, 6),
(504, 3, 36, 14, 4, 6),
(505, 2, 25, 51, 5, 8),
(506, 2, 31, 31, 4, 10),
(507, 3, 25, 51, 5, 8),
(508, 3, 31, 31, 5, 10),
(509, 2, 28, 70, 4, 5),
(510, 3, 28, 70, 4, 5),
(511, 2, 33, 90, 6, 15),
(512, 2, 31, 33, 5, 10),
(513, 3, 31, 33, 5, 10),
(514, 2, 33, 92, 4, 15),
(515, 2, 24, 59, 4, 8),
(516, 3, 33, 92, 5, 15),
(517, 2, 25, 53, 4, 8),
(518, 2, 28, 71, 4, 5),
(519, 3, 25, 53, 4, 8),
(520, 3, 28, 71, 4, 5),
(521, 2, 36, 16, 3, 6),
(522, 3, 36, 16, 5, 6),
(523, 2, 31, 35, 4, 10),
(524, 3, 31, 35, 4, 10),
(525, 2, 24, 60, 4, 8),
(526, 2, 33, 94, 4, 15),
(527, 3, 33, 94, 5, 15),
(528, 2, 31, 37, 4, 10),
(529, 3, 31, 37, 4, 10),
(530, 2, 28, 72, 4, 5),
(531, 3, 28, 72, 4, 5),
(532, 2, 31, 41, 4, 10),
(533, 3, 31, 41, 4, 10),
(534, 2, 25, 58, 4, 8),
(535, 3, 25, 58, 4, 8),
(536, 2, 31, 43, 4, 10),
(537, 2, 33, 96, 4, 15),
(538, 3, 33, 96, 4, 15),
(539, 3, 31, 43, 5, 10),
(540, 2, 28, 73, 4, 5),
(541, 3, 28, 73, 4, 5),
(542, 2, 31, 44, 4, 10),
(543, 2, 33, 97, 5, 15),
(544, 3, 33, 97, 6, 15),
(545, 3, 31, 44, 4, 10),
(546, 2, 25, 61, 4, 8),
(547, 3, 25, 61, 4, 8),
(548, 2, 33, 99, 5, 15),
(549, 3, 33, 99, 5, 15),
(550, 2, 31, 46, 5, 10),
(551, 3, 31, 46, 5, 10),
(552, 2, 33, 101, 4, 15),
(553, 3, 33, 101, 4, 15),
(554, 2, 28, 74, 4, 5),
(555, 3, 28, 74, 4, 5),
(556, 2, 25, 62, 4, 8),
(557, 3, 25, 62, 4, 8),
(558, 2, 33, 102, 4, 15),
(559, 3, 33, 102, 4, 15),
(560, 2, 24, 10, 5, 14),
(561, 2, 28, 76, 4, 5),
(562, 3, 28, 76, 4, 5),
(563, 2, 33, 103, 5, 15),
(564, 3, 33, 103, 5, 15),
(565, 2, 33, 104, 4, 15),
(566, 3, 33, 104, 5, 15),
(567, 2, 24, 12, 4, 14),
(568, 2, 33, 105, 5, 15),
(569, 2, 28, 78, 4, 5),
(570, 3, 28, 78, 4, 5),
(571, 2, 25, 63, 4, 8),
(572, 3, 33, 105, 5, 15),
(573, 3, 25, 63, 4, 8),
(574, 2, 28, 79, 4, 5),
(575, 3, 28, 79, 4, 5),
(576, 2, 34, 3, 4, 7),
(579, 3, 34, 3, 4, 7),
(580, 2, 24, 14, 4, 14),
(581, 2, 25, 65, 4, 8),
(582, 3, 25, 65, 4, 8),
(583, 2, 31, 53, 4, 10),
(584, 3, 31, 53, 4, 10),
(585, 2, 28, 80, 5, 5),
(586, 3, 28, 80, 5, 5),
(587, 2, 31, 56, 4, 10),
(588, 2, 34, 4, 4, 7),
(589, 3, 31, 56, 4, 10),
(590, 3, 34, 4, 4, 7),
(591, 2, 25, 66, 4, 8),
(592, 3, 25, 66, 3, 8),
(593, 2, 24, 16, 6, 14),
(594, 2, 31, 58, 4, 10),
(595, 3, 31, 58, 4, 10),
(596, 2, 25, 68, 4, 8),
(597, 3, 25, 68, 5, 8),
(598, 2, 31, 61, 4, 10),
(599, 2, 28, 82, 4, 5),
(600, 3, 31, 61, 4, 10),
(601, 2, 24, 18, 3, 14),
(602, 3, 28, 82, 4, 5),
(603, 2, 34, 5, 4, 7),
(604, 2, 31, 62, 3, 10),
(605, 3, 34, 5, 4, 7),
(606, 3, 31, 62, 3, 10),
(607, 2, 36, 20, 5, 6),
(608, 3, 36, 20, 4, 6),
(609, 2, 25, 144, 4, 8),
(610, 2, 31, 63, 4, 10),
(611, 3, 25, 144, 4, 8),
(612, 3, 31, 63, 4, 10),
(613, 2, 28, 84, 4, 5),
(614, 3, 28, 84, 4, 5),
(615, 2, 24, 20, 4, 14),
(616, 2, 30, 33, 4, 1),
(617, 3, 30, 33, 4, 1),
(618, 2, 34, 6, 4, 7),
(619, 2, 31, 64, 4, 10),
(620, 3, 34, 6, 4, 7),
(621, 3, 31, 64, 4, 10),
(622, 2, 25, 69, 5, 8),
(623, 2, 36, 21, 3, 6),
(624, 3, 25, 69, 5, 8),
(625, 2, 24, 21, 3, 14),
(626, 3, 36, 21, 4, 6),
(627, 2, 31, 65, 4, 10),
(628, 3, 31, 65, 4, 10),
(629, 2, 28, 88, 4, 5),
(630, 3, 28, 88, 4, 5),
(631, 2, 34, 7, 4, 7),
(632, 2, 24, 22, 4, 14),
(633, 3, 34, 7, 4, 7),
(634, 2, 31, 66, 4, 10),
(635, 3, 31, 66, 4, 10),
(636, 2, 36, 22, 4, 6),
(637, 3, 36, 22, 4, 6),
(638, 2, 25, 71, 4, 8),
(639, 2, 31, 67, 5, 10),
(640, 3, 25, 71, 4, 8),
(641, 3, 31, 67, 5, 10),
(642, 2, 28, 90, 5, 5),
(643, 3, 28, 90, 4, 5),
(644, 2, 34, 8, 4, 7),
(645, 2, 24, 23, 5, 14),
(646, 3, 34, 8, 4, 7),
(647, 2, 31, 68, 5, 10),
(648, 3, 31, 68, 5, 10),
(649, 2, 25, 72, 4, 8),
(650, 3, 25, 72, 5, 8),
(651, 2, 31, 144, 3, 10),
(652, 2, 28, 92, 4, 5),
(653, 3, 31, 144, 3, 10),
(654, 2, 24, 25, 4, 14),
(655, 3, 28, 92, 5, 5),
(656, 2, 25, 73, 5, 8),
(657, 2, 28, 94, 4, 5),
(658, 3, 25, 73, 5, 8),
(659, 3, 28, 94, 4, 5),
(660, 2, 36, 23, 4, 6),
(661, 2, 33, 69, 4, 15),
(662, 3, 36, 23, 4, 6),
(663, 3, 33, 69, 5, 15),
(664, 2, 24, 27, 4, 14),
(665, 2, 28, 96, 4, 5),
(666, 3, 28, 96, 4, 5),
(667, 2, 34, 9, 4, 7),
(668, 3, 34, 9, 4, 7),
(669, 2, 33, 72, 4, 15),
(670, 3, 33, 72, 4, 15),
(671, 2, 25, 74, 4, 8),
(672, 2, 28, 97, 4, 5),
(673, 3, 25, 74, 4, 8),
(674, 3, 28, 97, 4, 5),
(675, 2, 25, 75, 4, 8),
(676, 3, 25, 75, 5, 8),
(677, 2, 28, 99, 5, 5),
(678, 3, 28, 99, 5, 5),
(679, 2, 24, 31, 4, 14),
(680, 2, 34, 11, 4, 7),
(681, 3, 34, 11, 4, 7),
(682, 2, 28, 101, 4, 5),
(683, 3, 28, 101, 4, 5),
(684, 2, 24, 33, 5, 14),
(685, 2, 25, 76, 4, 8),
(686, 3, 25, 76, 4, 8),
(687, 2, 28, 102, 4, 5),
(688, 2, 34, 13, 4, 7),
(689, 3, 28, 102, 4, 5),
(690, 3, 34, 13, 4, 7),
(691, 2, 24, 35, 4, 14),
(692, 2, 28, 103, 4, 5),
(693, 3, 28, 103, 4, 5),
(694, 2, 34, 15, 4, 7),
(695, 2, 25, 77, 4, 8),
(696, 3, 25, 77, 4, 8),
(697, 3, 34, 15, 4, 7),
(698, 2, 24, 37, 3, 14),
(699, 2, 28, 104, 4, 6),
(700, 3, 28, 104, 4, 6),
(701, 2, 36, 25, 4, 6),
(702, 2, 34, 17, 4, 7),
(703, 3, 34, 17, 4, 7),
(704, 2, 28, 105, 4, 5),
(705, 3, 36, 25, 4, 6),
(706, 3, 28, 105, 4, 5),
(707, 2, 25, 78, 4, 8),
(708, 3, 25, 78, 4, 8),
(709, 2, 28, 107, 4, 5),
(710, 2, 24, 43, 4, 14),
(711, 3, 28, 107, 4, 5),
(712, 2, 34, 24, 4, 7),
(713, 3, 34, 24, 4, 7),
(714, 2, 25, 79, 3, 8),
(715, 3, 25, 79, 4, 8),
(716, 2, 24, 44, 4, 14),
(717, 2, 34, 26, 4, 7),
(718, 3, 34, 26, 4, 7),
(719, 2, 25, 80, 5, 8),
(720, 3, 25, 80, 5, 8),
(721, 2, 34, 29, 4, 7),
(722, 3, 34, 29, 4, 7),
(723, 2, 24, 46, 5, 14),
(724, 2, 25, 82, 4, 8),
(725, 3, 25, 82, 4, 8),
(726, 2, 34, 30, 4, 7),
(727, 2, 36, 27, 4, 6),
(728, 3, 34, 30, 4, 7),
(729, 3, 36, 27, 4, 6),
(730, 2, 24, 51, 5, 14),
(731, 2, 34, 32, 4, 7),
(732, 3, 34, 32, 4, 7),
(733, 2, 36, 28, 3, 6),
(734, 3, 36, 28, 3, 6),
(735, 2, 34, 34, 4, 7),
(736, 3, 34, 34, 4, 7),
(737, 2, 24, 53, 4, 14),
(738, 2, 25, 86, 4, 8),
(739, 2, 34, 36, 4, 7),
(740, 3, 25, 86, 4, 8),
(741, 3, 34, 36, 4, 7),
(742, 2, 36, 31, 3, 6),
(743, 3, 36, 31, 4, 6),
(744, 2, 24, 58, 4, 14),
(745, 2, 25, 88, 4, 8),
(746, 3, 25, 88, 4, 8),
(747, 2, 34, 38, 4, 7),
(748, 3, 34, 38, 4, 7),
(749, 3, 25, 90, 4, 8),
(750, 2, 25, 90, 4, 8),
(751, 2, 34, 39, 4, 7),
(752, 3, 34, 39, 4, 7),
(753, 2, 36, 33, 4, 6),
(754, 2, 24, 61, 3, 14),
(755, 3, 36, 33, 5, 6),
(756, 2, 25, 92, 4, 8),
(757, 3, 25, 92, 5, 8),
(758, 2, 34, 40, 4, 7),
(759, 3, 34, 40, 4, 7),
(760, 2, 24, 62, 4, 14),
(761, 2, 34, 42, 4, 7),
(762, 3, 34, 42, 4, 7),
(763, 2, 25, 94, 4, 8),
(764, 3, 25, 94, 4, 8),
(765, 2, 24, 63, 3, 14),
(766, 2, 36, 35, 3, 6),
(767, 3, 36, 35, 4, 6),
(768, 2, 34, 45, 4, 7),
(769, 3, 34, 45, 4, 7),
(770, 2, 24, 65, 4, 14),
(771, 2, 25, 96, 4, 8),
(772, 2, 34, 47, 4, 7),
(773, 3, 34, 47, 4, 7),
(774, 2, 36, 37, 3, 6),
(775, 2, 24, 66, 4, 14),
(776, 3, 36, 37, 3, 6),
(777, 2, 34, 48, 4, 7),
(779, 2, 25, 97, 5, 8),
(780, 3, 25, 97, 5, 8),
(781, 2, 29, 145, 5, 1),
(782, 3, 34, 48, 4, 7),
(783, 2, 25, 99, 4, 8),
(784, 3, 25, 99, 4, 8),
(785, 2, 25, 99, 5, 8),
(787, 2, 25, 101, 3, 8),
(788, 2, 36, 41, 3, 6),
(789, 3, 25, 101, 3, 8),
(790, 3, 36, 41, 4, 6),
(791, 2, 34, 50, 4, 7),
(792, 3, 34, 50, 4, 7),
(793, 2, 29, 146, 6, 1),
(794, 2, 24, 144, 4, 14),
(795, 2, 34, 49, 4, 7),
(796, 3, 34, 49, 4, 7),
(797, 2, 36, 43, 4, 6),
(798, 2, 25, 102, 4, 8),
(799, 3, 36, 43, 4, 6),
(800, 3, 25, 102, 4, 8),
(801, 2, 25, 103, 5, 8),
(802, 3, 25, 103, 5, 8),
(803, 2, 25, 104, 5, 8),
(804, 2, 34, 52, 4, 7),
(805, 3, 25, 104, 5, 8),
(806, 3, 34, 52, 4, 7),
(807, 2, 36, 44, 4, 6),
(808, 3, 36, 44, 4, 6),
(809, 2, 25, 105, 4, 8),
(810, 3, 25, 105, 4, 8),
(811, 2, 34, 54, 4, 7),
(812, 2, 25, 107, 4, 8),
(813, 3, 34, 54, 4, 7),
(814, 3, 25, 107, 4, 8),
(815, 2, 34, 55, 4, 7),
(816, 3, 34, 55, 4, 7),
(817, 2, 36, 46, 4, 6),
(818, 2, 34, 57, 4, 7),
(819, 3, 36, 46, 4, 6),
(820, 3, 34, 57, 4, 7),
(821, 2, 25, 3, 4, 14),
(822, 3, 25, 3, 4, 14),
(823, 2, 34, 59, 4, 7),
(824, 3, 34, 59, 4, 7),
(825, 2, 36, 51, 4, 6),
(826, 3, 36, 51, 4, 6),
(827, 2, 34, 60, 4, 7),
(828, 3, 34, 60, 4, 7),
(829, 2, 34, 145, 4, 7),
(830, 2, 25, 4, 4, 14),
(831, 3, 34, 145, 4, 7),
(832, 3, 25, 4, 4, 14),
(833, 2, 34, 146, 4, 7),
(834, 3, 34, 146, 4, 7),
(835, 2, 36, 53, 3, 6),
(836, 3, 36, 53, 4, 6),
(837, 2, 25, 5, 4, 14),
(838, 3, 25, 5, 4, 14),
(839, 2, 24, 69, 4, 14),
(840, 2, 36, 56, 3, 6),
(841, 3, 36, 56, 4, 6),
(842, 2, 25, 6, 4, 14),
(843, 2, 34, 10, 4, 7),
(844, 3, 34, 10, 4, 7),
(845, 3, 25, 6, 4, 14),
(846, 2, 24, 70, 5, 14),
(847, 2, 34, 12, 4, 7),
(848, 3, 34, 12, 4, 7),
(849, 2, 36, 58, 4, 6),
(850, 3, 36, 58, 4, 6),
(851, 2, 25, 7, 4, 14),
(852, 3, 25, 7, 4, 14),
(853, 2, 34, 14, 4, 7),
(854, 2, 24, 71, 4, 14),
(855, 3, 34, 14, 4, 7),
(856, 2, 36, 61, 3, 6),
(857, 3, 36, 61, 4, 6),
(858, 2, 34, 16, 4, 7),
(859, 3, 34, 16, 4, 7),
(860, 2, 24, 72, 5, 14),
(861, 2, 36, 62, 3, 6),
(862, 3, 36, 62, 4, 6),
(863, 2, 25, 8, 4, 14),
(864, 3, 25, 8, 4, 14),
(865, 2, 24, 73, 5, 14),
(866, 2, 36, 63, 3, 6),
(867, 3, 36, 63, 3, 6),
(868, 2, 34, 18, 4, 7),
(869, 3, 34, 18, 4, 7),
(870, 2, 24, 74, 4, 14),
(871, 2, 34, 20, 4, 7),
(872, 3, 34, 20, 4, 7),
(873, 2, 25, 9, 4, 14),
(874, 3, 25, 9, 3, 14),
(875, 2, 24, 75, 5, 14),
(876, 2, 34, 21, 4, 7),
(877, 3, 34, 21, 4, 7),
(878, 2, 36, 65, 3, 6),
(879, 3, 36, 65, 4, 6),
(880, 2, 24, 76, 4, 14),
(881, 2, 34, 22, 4, 7),
(882, 2, 25, 11, 4, 14),
(883, 3, 34, 22, 4, 7),
(884, 3, 25, 11, 4, 14),
(885, 2, 24, 77, 4, 14),
(886, 2, 34, 23, 4, 7),
(887, 3, 34, 23, 4, 7),
(888, 2, 36, 66, 4, 6),
(889, 3, 36, 66, 3, 6),
(890, 2, 24, 78, 4, 14),
(891, 2, 25, 13, 3, 14),
(892, 2, 34, 25, 4, 7),
(893, 3, 25, 13, 3, 14),
(894, 3, 34, 25, 4, 7),
(895, 2, 24, 79, 4, 14),
(896, 2, 34, 27, 4, 7),
(897, 3, 34, 27, 4, 7),
(898, 2, 36, 68, 5, 6),
(899, 2, 25, 15, 4, 14),
(900, 3, 36, 68, 4, 6),
(901, 3, 25, 15, 4, 14),
(902, 2, 24, 80, 4, 14),
(903, 2, 24, 82, 4, 14),
(904, 2, 34, 28, 4, 7),
(905, 2, 25, 17, 4, 14),
(906, 3, 34, 28, 4, 7),
(907, 2, 36, 144, 3, 6),
(908, 3, 25, 17, 3, 14),
(909, 3, 36, 144, 4, 6),
(910, 2, 34, 31, 4, 7),
(911, 2, 24, 84, 3, 14),
(912, 3, 34, 31, 4, 7),
(913, 2, 25, 24, 3, 14),
(914, 3, 25, 24, 3, 14),
(915, 2, 24, 86, 3, 14),
(916, 2, 34, 33, 4, 7),
(917, 3, 34, 33, 4, 7),
(918, 2, 25, 26, 4, 14),
(919, 3, 25, 26, 3, 14),
(920, 2, 24, 88, 3, 14),
(921, 2, 34, 35, 4, 7),
(922, 3, 34, 35, 4, 7),
(923, 2, 25, 29, 4, 14),
(924, 2, 24, 90, 4, 14),
(925, 3, 25, 29, 3, 14),
(926, 2, 34, 37, 4, 7),
(927, 3, 34, 37, 4, 7),
(928, 2, 34, 41, 4, 7),
(929, 2, 24, 92, 5, 14),
(930, 2, 25, 30, 4, 14),
(931, 3, 34, 41, 4, 7),
(932, 3, 25, 30, 4, 14),
(933, 2, 24, 94, 4, 14),
(934, 2, 34, 43, 4, 7),
(935, 3, 34, 43, 4, 7),
(936, 2, 24, 96, 3, 14),
(937, 2, 34, 44, 4, 7),
(938, 3, 34, 44, 4, 7),
(939, 2, 25, 34, 4, 14),
(940, 3, 25, 34, 3, 14),
(941, 2, 34, 46, 4, 7),
(942, 3, 34, 46, 4, 7),
(943, 2, 24, 97, 5, 14),
(944, 2, 28, 5, 4, 5),
(945, 2, 25, 36, 4, 14),
(946, 3, 28, 5, 4, 5),
(947, 3, 25, 36, 4, 14),
(948, 2, 34, 51, 4, 7),
(949, 2, 28, 4, 4, 5),
(950, 3, 34, 51, 4, 7),
(951, 2, 24, 99, 5, 14),
(952, 2, 36, 10, 4, 13),
(953, 3, 36, 10, 4, 13),
(954, 2, 34, 53, 4, 7),
(955, 3, 34, 53, 4, 7),
(956, 2, 25, 38, 4, 14),
(957, 3, 25, 38, 4, 14),
(958, 2, 24, 101, 3, 14),
(959, 2, 28, 7, 4, 5),
(960, 3, 28, 7, 4, 5),
(961, 2, 34, 58, 4, 7),
(962, 3, 34, 58, 4, 7),
(963, 2, 25, 39, 4, 14),
(964, 3, 25, 39, 4, 14),
(965, 2, 36, 18, 3, 13),
(966, 2, 24, 102, 5, 14),
(967, 3, 36, 18, 4, 13),
(968, 2, 25, 40, 3, 14),
(969, 3, 25, 40, 3, 14),
(970, 2, 34, 61, 4, 7),
(971, 3, 34, 61, 4, 7),
(972, 2, 28, 8, 4, 5),
(973, 3, 28, 8, 4, 5),
(974, 2, 24, 103, 5, 14),
(975, 2, 34, 62, 4, 7),
(976, 2, 25, 42, 3, 14),
(977, 3, 34, 62, 4, 7),
(978, 2, 36, 12, 4, 13),
(979, 3, 25, 42, 3, 14),
(980, 3, 36, 12, 4, 13),
(981, 2, 26, 3, 4, 12),
(982, 3, 26, 3, 4, 12),
(983, 2, 26, 4, 4, 12),
(984, 3, 26, 4, 4, 12),
(985, 2, 34, 63, 4, 7),
(986, 3, 34, 63, 4, 7),
(987, 2, 34, 65, 4, 7),
(988, 3, 34, 65, 4, 7),
(989, 2, 34, 66, 4, 7),
(990, 3, 34, 66, 4, 7),
(991, 2, 34, 68, 4, 7),
(992, 3, 34, 68, 4, 7),
(993, 2, 34, 144, 4, 7),
(994, 3, 34, 144, 4, 7),
(995, 2, 34, 70, 4, 17),
(996, 3, 34, 70, 4, 17),
(997, 2, 26, 5, 4, 12),
(998, 3, 26, 5, 4, 12),
(999, 2, 34, 69, 4, 17),
(1000, 3, 34, 69, 4, 17),
(1001, 2, 34, 71, 4, 17),
(1002, 3, 34, 71, 4, 17),
(1003, 2, 34, 72, 4, 17),
(1004, 3, 34, 72, 4, 17),
(1005, 2, 34, 73, 4, 17),
(1006, 3, 34, 73, 4, 17),
(1007, 2, 34, 74, 4, 17),
(1008, 3, 34, 74, 4, 17),
(1009, 2, 34, 75, 4, 17),
(1010, 3, 34, 75, 4, 17),
(1011, 2, 34, 76, 4, 17),
(1012, 3, 34, 76, 4, 17),
(1013, 2, 26, 6, 4, 12),
(1014, 3, 26, 6, 4, 12),
(1015, 2, 26, 7, 4, 12),
(1016, 3, 26, 7, 4, 12),
(1017, 2, 26, 8, 4, 12),
(1018, 3, 26, 8, 4, 12),
(1019, 2, 34, 77, 4, 17),
(1020, 3, 34, 77, 4, 17),
(1021, 2, 34, 78, 4, 17),
(1022, 3, 34, 78, 4, 17),
(1023, 2, 26, 9, 4, 12),
(1024, 3, 26, 9, 4, 12),
(1025, 2, 34, 79, 4, 17),
(1026, 3, 34, 79, 4, 17),
(1027, 2, 23, 3, 4, 11),
(1028, 2, 26, 11, 4, 12),
(1029, 3, 26, 11, 4, 12),
(1030, 2, 34, 80, 4, 17),
(1031, 3, 34, 80, 4, 17),
(1032, 3, 23, 3, 4, 11),
(1033, 2, 26, 13, 3, 12),
(1034, 3, 26, 13, 3, 12),
(1035, 2, 34, 82, 4, 17),
(1036, 3, 34, 82, 4, 17),
(1037, 2, 23, 4, 4, 11),
(1038, 3, 23, 4, 4, 11),
(1039, 2, 34, 84, 4, 17),
(1040, 3, 34, 84, 4, 17),
(1041, 2, 26, 15, 4, 12),
(1042, 2, 23, 5, 4, 11),
(1043, 3, 26, 15, 4, 12),
(1044, 3, 23, 5, 4, 11),
(1045, 2, 34, 86, 4, 17),
(1046, 3, 34, 86, 4, 17),
(1047, 2, 26, 17, 3, 12),
(1048, 3, 26, 17, 3, 12),
(1049, 2, 34, 88, 4, 17),
(1050, 3, 34, 88, 4, 17),
(1051, 2, 34, 90, 4, 17),
(1052, 3, 34, 90, 4, 17),
(1053, 2, 26, 24, 3, 12),
(1054, 3, 26, 24, 3, 12),
(1055, 2, 32, 3, 4, 3),
(1056, 2, 34, 94, 4, 17),
(1057, 3, 34, 94, 4, 17),
(1058, 2, 34, 96, 4, 17),
(1059, 3, 34, 96, 4, 17),
(1060, 2, 34, 97, 4, 17),
(1061, 3, 34, 97, 4, 17),
(1062, 2, 23, 6, 4, 11),
(1063, 3, 23, 6, 4, 11),
(1064, 2, 26, 26, 4, 12),
(1065, 3, 26, 26, 4, 12),
(1066, 2, 23, 7, 4, 11),
(1067, 3, 23, 7, 4, 11),
(1068, 2, 32, 4, 4, 3),
(1069, 2, 23, 8, 4, 11),
(1070, 3, 23, 8, 4, 11),
(1071, 2, 26, 29, 3, 12),
(1072, 3, 26, 29, 3, 12),
(1073, 2, 23, 9, 4, 11),
(1074, 3, 23, 9, 4, 11),
(1075, 2, 32, 9, 4, 3),
(1076, 2, 34, 99, 4, 17),
(1077, 3, 34, 99, 4, 17),
(1078, 2, 23, 11, 4, 11),
(1079, 3, 23, 11, 4, 11),
(1080, 2, 26, 30, 4, 12),
(1081, 3, 26, 30, 4, 12),
(1082, 2, 34, 101, 4, 17),
(1083, 3, 34, 101, 4, 17),
(1084, 2, 32, 5, 4, 3),
(1085, 2, 32, 6, 3, 3),
(1086, 2, 23, 13, 3, 11),
(1087, 2, 32, 7, 3, 3),
(1088, 2, 34, 102, 4, 17),
(1089, 3, 34, 102, 4, 17),
(1090, 3, 23, 13, 4, 11),
(1091, 2, 34, 103, 4, 17),
(1092, 3, 34, 103, 4, 17),
(1093, 2, 32, 8, 4, 3),
(1094, 2, 34, 105, 4, 17),
(1095, 2, 32, 11, 4, 3),
(1096, 3, 34, 105, 4, 17),
(1097, 2, 34, 107, 4, 17),
(1098, 3, 34, 107, 4, 17),
(1099, 2, 23, 15, 4, 11),
(1100, 2, 32, 13, 4, 3),
(1101, 2, 32, 15, 5, 3),
(1102, 2, 26, 32, 4, 12),
(1103, 3, 26, 32, 4, 12),
(1104, 2, 26, 34, 4, 12),
(1105, 3, 26, 34, 4, 12),
(1106, 2, 26, 36, 3, 12),
(1107, 3, 26, 36, 3, 12),
(1108, 2, 26, 38, 4, 12),
(1109, 3, 26, 38, 4, 12),
(1110, 2, 26, 39, 3, 12),
(1111, 3, 26, 39, 3, 12),
(1112, 2, 26, 40, 3, 12),
(1113, 3, 26, 40, 3, 12),
(1114, 2, 26, 42, 3, 12),
(1115, 3, 26, 42, 3, 12),
(1116, 2, 26, 45, 3, 12),
(1117, 3, 26, 45, 3, 12),
(1118, 2, 26, 48, 3, 12),
(1119, 3, 26, 48, 3, 12),
(1120, 2, 26, 49, 4, 12),
(1121, 3, 26, 49, 4, 12),
(1122, 2, 26, 50, 3, 12),
(1123, 3, 26, 50, 3, 12),
(1124, 2, 28, 11, 4, 5),
(1125, 3, 28, 11, 4, 5),
(1126, 2, 24, 104, 4, 14),
(1127, 2, 26, 52, 3, 12),
(1128, 3, 26, 52, 3, 12),
(1129, 2, 24, 105, 4, 14),
(1130, 2, 26, 54, 3, 12),
(1131, 3, 26, 54, 3, 12),
(1132, 2, 25, 45, 4, 14),
(1133, 2, 24, 107, 4, 14),
(1134, 3, 25, 45, 3, 14),
(1135, 2, 25, 47, 4, 14),
(1136, 3, 25, 47, 4, 14),
(1137, 2, 36, 14, 3, 13),
(1138, 3, 36, 14, 4, 13),
(1139, 2, 26, 55, 3, 12),
(1140, 3, 26, 55, 3, 12),
(1141, 2, 28, 13, 4, 5),
(1142, 3, 28, 13, 4, 5),
(1143, 2, 26, 57, 3, 12),
(1144, 3, 26, 57, 3, 12),
(1145, 2, 36, 16, 4, 13),
(1146, 3, 36, 16, 4, 13),
(1147, 2, 32, 17, 4, 3),
(1148, 2, 25, 48, 4, 14),
(1149, 3, 25, 48, 3, 14),
(1150, 2, 28, 15, 4, 5),
(1151, 3, 28, 15, 4, 5),
(1152, 2, 32, 24, 3, 3),
(1153, 2, 26, 59, 3, 12),
(1154, 2, 25, 49, 4, 14),
(1155, 3, 26, 59, 3, 12),
(1156, 3, 25, 49, 3, 14),
(1157, 2, 32, 26, 3, 3),
(1158, 2, 28, 17, 4, 5),
(1159, 3, 28, 17, 4, 5),
(1160, 2, 24, 146, 5, 8),
(1161, 2, 32, 29, 3, 3),
(1162, 2, 36, 20, 4, 13),
(1163, 3, 36, 20, 4, 13),
(1164, 2, 25, 50, 3, 14),
(1165, 3, 25, 50, 3, 14),
(1166, 2, 23, 17, 4, 11),
(1167, 2, 26, 60, 3, 12),
(1168, 2, 32, 30, 4, 3),
(1169, 3, 26, 60, 3, 12),
(1170, 2, 28, 24, 4, 5),
(1171, 3, 28, 24, 4, 5),
(1172, 2, 32, 32, 3, 3),
(1173, 2, 36, 21, 3, 13),
(1174, 3, 36, 21, 4, 13),
(1175, 2, 25, 52, 3, 14),
(1176, 3, 23, 17, 4, 11),
(1177, 3, 25, 52, 3, 14),
(1178, 2, 32, 34, 3, 3),
(1179, 2, 24, 145, 4, 8),
(1180, 2, 28, 26, 4, 5),
(1181, 3, 28, 26, 4, 5),
(1182, 2, 26, 145, 3, 12),
(1183, 3, 26, 145, 3, 12),
(1184, 2, 32, 36, 3, 3),
(1185, 2, 24, 125, 4, 8),
(1186, 2, 26, 146, 5, 12),
(1187, 3, 26, 146, 5, 12),
(1188, 2, 28, 29, 4, 5),
(1189, 3, 28, 29, 4, 5),
(1190, 2, 32, 38, 4, 3),
(1191, 2, 32, 39, 3, 3),
(1192, 2, 23, 24, 4, 11),
(1193, 3, 23, 24, 4, 11),
(1194, 2, 25, 55, 3, 14),
(1195, 3, 25, 55, 3, 14),
(1196, 2, 28, 32, 4, 5),
(1197, 3, 28, 32, 4, 5),
(1198, 2, 32, 40, 3, 3),
(1199, 2, 26, 111, 4, 12),
(1200, 3, 26, 111, 4, 12),
(1201, 2, 36, 22, 4, 13),
(1202, 3, 36, 22, 4, 13),
(1203, 2, 32, 42, 4, 3),
(1204, 2, 25, 57, 4, 14),
(1205, 3, 25, 57, 4, 14),
(1206, 2, 32, 45, 4, 3),
(1207, 2, 26, 112, 4, 12),
(1208, 3, 26, 112, 4, 12),
(1209, 2, 23, 26, 4, 11),
(1210, 2, 36, 23, 4, 13),
(1211, 2, 32, 47, 4, 3),
(1212, 2, 28, 34, 4, 5),
(1213, 3, 23, 26, 4, 11),
(1214, 3, 36, 23, 4, 13),
(1215, 3, 28, 34, 4, 5),
(1216, 2, 25, 59, 4, 14),
(1217, 3, 25, 59, 3, 14),
(1218, 2, 32, 48, 4, 3),
(1219, 2, 28, 36, 5, 5),
(1220, 3, 28, 36, 5, 5),
(1221, 2, 32, 49, 4, 3),
(1222, 2, 36, 25, 4, 13),
(1223, 3, 36, 25, 5, 13),
(1224, 2, 25, 60, 4, 14),
(1225, 2, 28, 38, 4, 5),
(1226, 3, 25, 60, 3, 14),
(1227, 3, 28, 38, 4, 5),
(1228, 2, 32, 50, 3, 3),
(1229, 2, 25, 145, 4, 14),
(1230, 3, 25, 145, 4, 14),
(1231, 2, 25, 146, 4, 14),
(1232, 2, 32, 52, 3, 3),
(1233, 3, 25, 146, 4, 14),
(1234, 2, 32, 54, 4, 3),
(1235, 2, 36, 28, 3, 13),
(1236, 2, 32, 55, 3, 3),
(1237, 3, 36, 28, 3, 13),
(1238, 2, 36, 31, 4, 13),
(1239, 3, 36, 31, 4, 13),
(1240, 2, 26, 113, 4, 12),
(1241, 2, 28, 39, 4, 5),
(1242, 3, 26, 113, 4, 12),
(1243, 3, 28, 39, 4, 5),
(1244, 2, 23, 29, 4, 11),
(1245, 3, 23, 29, 4, 11),
(1246, 2, 36, 33, 4, 13),
(1247, 3, 36, 33, 4, 13),
(1248, 2, 32, 145, 5, 3),
(1249, 2, 28, 40, 4, 5),
(1250, 3, 28, 40, 4, 5),
(1251, 2, 32, 57, 3, 3),
(1252, 2, 36, 35, 3, 13),
(1253, 2, 28, 42, 4, 5),
(1254, 3, 36, 35, 4, 13),
(1255, 3, 28, 42, 4, 5),
(1256, 2, 32, 59, 3, 3),
(1257, 2, 26, 115, 4, 12),
(1258, 3, 26, 115, 4, 12),
(1259, 2, 32, 60, 3, 3),
(1260, 2, 28, 45, 4, 5),
(1261, 2, 31, 69, 4, 10),
(1262, 3, 28, 45, 4, 5),
(1263, 3, 31, 69, 4, 10),
(1264, 2, 36, 37, 3, 13),
(1265, 3, 36, 37, 3, 13),
(1266, 2, 26, 116, 3, 12),
(1267, 3, 26, 116, 3, 12),
(1268, 2, 32, 146, 5, 3),
(1269, 2, 31, 70, 4, 10),
(1270, 3, 31, 70, 4, 10),
(1271, 2, 28, 47, 4, 5),
(1272, 2, 34, 70, 4, 7),
(1273, 2, 25, 84, 4, 8),
(1274, 3, 28, 47, 4, 5),
(1275, 3, 34, 70, 4, 7),
(1276, 3, 25, 84, 4, 8),
(1277, 2, 23, 30, 4, 11),
(1278, 3, 23, 30, 4, 11),
(1279, 2, 36, 41, 3, 13),
(1280, 3, 36, 41, 4, 13),
(1281, 2, 34, 69, 4, 7),
(1282, 3, 34, 69, 4, 7),
(1283, 2, 31, 71, 4, 10),
(1284, 2, 26, 117, 4, 12),
(1285, 3, 26, 117, 4, 12),
(1286, 3, 31, 71, 4, 10),
(1287, 2, 28, 48, 4, 5),
(1288, 3, 28, 48, 4, 5),
(1289, 2, 32, 10, 5, 3),
(1290, 2, 34, 71, 4, 7),
(1291, 3, 34, 71, 4, 7),
(1292, 3, 23, 10, 4, 11),
(1293, 2, 36, 43, 4, 13),
(1294, 3, 36, 43, 4, 13),
(1295, 2, 34, 72, 4, 7),
(1296, 3, 34, 72, 4, 7),
(1297, 2, 28, 49, 4, 5),
(1298, 3, 28, 49, 4, 5),
(1299, 2, 23, 32, 4, 11),
(1300, 3, 23, 32, 4, 11),
(1301, 2, 34, 78, 4, 7),
(1302, 3, 34, 78, 4, 7),
(1303, 2, 31, 72, 4, 10),
(1304, 3, 31, 72, 4, 10),
(1305, 2, 28, 50, 4, 5),
(1306, 3, 28, 50, 4, 5),
(1307, 2, 34, 97, 4, 7),
(1308, 3, 34, 97, 4, 7),
(1309, 2, 23, 12, 4, 11),
(1310, 2, 36, 44, 4, 13),
(1311, 3, 36, 44, 4, 13),
(1312, 2, 34, 73, 4, 7),
(1313, 2, 32, 12, 4, 3),
(1314, 3, 34, 73, 4, 7),
(1315, 3, 23, 12, 4, 11),
(1316, 2, 23, 10, 4, 11),
(1317, 2, 32, 14, 4, 3),
(1318, 2, 28, 52, 4, 5),
(1319, 3, 28, 52, 4, 5),
(1320, 2, 25, 21, 4, 8),
(1321, 3, 25, 21, 4, 8),
(1322, 2, 23, 34, 4, 11),
(1323, 2, 34, 79, 4, 7),
(1324, 3, 23, 34, 4, 11),
(1325, 3, 34, 79, 4, 7),
(1326, 2, 31, 73, 4, 10),
(1327, 3, 31, 73, 5, 10),
(1328, 2, 36, 46, 4, 13),
(1329, 3, 36, 46, 4, 13),
(1330, 2, 26, 118, 3, 12),
(1331, 2, 28, 54, 4, 5),
(1332, 3, 26, 118, 3, 12),
(1333, 2, 34, 75, 4, 7),
(1334, 3, 28, 54, 4, 5),
(1335, 3, 34, 75, 4, 7),
(1336, 2, 31, 74, 4, 10),
(1337, 2, 23, 14, 4, 11),
(1338, 3, 31, 74, 4, 10),
(1339, 3, 23, 14, 4, 11),
(1340, 2, 32, 16, 5, 3),
(1341, 2, 28, 55, 4, 5),
(1342, 3, 24, 3, 4, 8),
(1343, 3, 28, 55, 4, 5),
(1344, 2, 34, 76, 4, 7),
(1345, 2, 36, 51, 4, 13),
(1346, 3, 34, 76, 4, 7),
(1347, 3, 36, 51, 4, 13),
(1348, 2, 31, 75, 5, 10),
(1349, 3, 31, 75, 5, 10),
(1350, 2, 32, 18, 3, 3),
(1351, 3, 24, 4, 4, 8),
(1352, 2, 26, 119, 5, 12),
(1353, 2, 34, 80, 4, 7),
(1354, 2, 23, 36, 4, 11),
(1355, 3, 26, 119, 5, 12),
(1356, 3, 34, 80, 4, 7),
(1357, 3, 23, 36, 4, 11),
(1358, 3, 24, 5, 4, 8),
(1359, 2, 23, 16, 4, 11),
(1360, 3, 23, 16, 4, 11),
(1361, 2, 31, 76, 4, 10),
(1362, 3, 31, 76, 4, 10),
(1363, 2, 36, 53, 3, 13),
(1364, 3, 24, 6, 4, 8),
(1365, 2, 32, 20, 4, 3),
(1366, 2, 34, 82, 4, 7),
(1367, 3, 36, 53, 4, 13),
(1368, 3, 34, 82, 4, 7),
(1369, 3, 24, 7, 4, 8),
(1370, 2, 28, 57, 4, 5),
(1371, 3, 28, 57, 4, 5),
(1372, 2, 32, 21, 3, 3),
(1373, 3, 24, 8, 4, 8),
(1374, 2, 31, 77, 4, 10),
(1375, 3, 31, 77, 4, 10),
(1376, 2, 34, 84, 4, 7),
(1377, 3, 24, 9, 4, 8),
(1378, 3, 34, 84, 4, 7),
(1379, 2, 36, 56, 4, 13),
(1380, 3, 36, 56, 4, 13),
(1381, 2, 26, 120, 3, 12),
(1382, 3, 26, 120, 3, 12),
(1383, 2, 23, 18, 4, 11),
(1384, 3, 24, 11, 4, 8),
(1385, 3, 23, 18, 4, 11),
(1386, 2, 23, 38, 4, 11),
(1387, 3, 23, 38, 4, 11),
(1388, 2, 34, 86, 4, 7),
(1389, 2, 31, 78, 4, 10),
(1390, 3, 24, 13, 4, 8),
(1391, 3, 34, 86, 4, 7),
(1392, 3, 31, 78, 4, 10),
(1393, 2, 28, 59, 4, 5),
(1394, 3, 28, 59, 4, 5),
(1395, 3, 24, 15, 4, 8),
(1396, 2, 32, 22, 3, 3),
(1397, 2, 36, 58, 4, 13),
(1398, 3, 24, 17, 4, 8),
(1399, 3, 36, 58, 4, 13),
(1400, 2, 31, 79, 4, 10),
(1401, 2, 34, 88, 4, 7),
(1402, 2, 23, 20, 4, 11),
(1403, 2, 28, 60, 4, 5),
(1404, 3, 24, 24, 3, 8),
(1405, 3, 34, 88, 4, 7),
(1406, 3, 28, 60, 4, 5),
(1407, 3, 23, 20, 4, 11),
(1408, 3, 31, 79, 4, 10),
(1409, 2, 32, 23, 4, 3),
(1410, 3, 24, 26, 4, 8),
(1411, 3, 24, 29, 4, 8),
(1412, 2, 36, 61, 3, 13),
(1413, 3, 36, 61, 4, 13),
(1414, 2, 26, 121, 3, 12),
(1415, 2, 28, 145, 4, 5),
(1416, 3, 26, 121, 3, 12),
(1417, 2, 32, 25, 5, 3),
(1419, 3, 28, 145, 4, 5),
(1420, 3, 24, 30, 4, 8),
(1421, 2, 34, 102, 4, 7),
(1423, 3, 34, 102, 4, 7),
(1424, 2, 31, 80, 5, 10),
(1425, 3, 31, 80, 5, 10),
(1426, 2, 28, 146, 4, 5),
(1427, 2, 23, 21, 3, 11),
(1428, 3, 28, 146, 4, 5),
(1429, 2, 36, 62, 3, 13),
(1430, 3, 23, 21, 3, 11),
(1431, 3, 36, 62, 4, 13),
(1432, 3, 24, 32, 4, 8),
(1433, 2, 31, 82, 4, 10),
(1434, 3, 31, 82, 4, 10),
(1435, 3, 24, 34, 4, 8),
(1436, 3, 24, 36, 4, 8),
(1437, 2, 31, 84, 4, 10),
(1438, 3, 31, 84, 4, 10),
(1439, 2, 36, 63, 3, 13),
(1440, 3, 36, 63, 3, 13),
(1441, 3, 24, 38, 4, 8),
(1442, 2, 23, 39, 4, 11),
(1443, 3, 23, 39, 4, 11),
(1444, 2, 34, 92, 4, 7),
(1445, 3, 34, 92, 4, 7),
(1446, 3, 24, 39, 4, 8),
(1447, 2, 23, 22, 4, 11),
(1448, 2, 31, 86, 3, 10),
(1449, 3, 23, 22, 4, 11),
(1450, 3, 31, 86, 3, 10),
(1451, 3, 24, 40, 4, 8),
(1452, 2, 36, 65, 3, 13),
(1453, 3, 36, 65, 4, 13),
(1454, 3, 24, 42, 4, 8),
(1455, 2, 31, 88, 4, 10),
(1456, 2, 34, 94, 4, 7),
(1457, 3, 31, 88, 4, 10),
(1458, 3, 34, 94, 4, 7),
(1459, 2, 23, 23, 4, 11),
(1460, 3, 24, 45, 4, 8),
(1461, 3, 23, 23, 4, 11),
(1462, 2, 23, 40, 3, 11),
(1463, 2, 36, 66, 4, 13),
(1464, 3, 24, 47, 4, 8),
(1465, 3, 36, 66, 3, 13),
(1466, 3, 23, 40, 3, 11),
(1467, 2, 31, 90, 4, 10),
(1468, 3, 31, 90, 4, 10),
(1469, 3, 24, 48, 4, 8),
(1470, 2, 34, 96, 4, 7),
(1471, 3, 34, 96, 4, 7),
(1472, 2, 28, 27, 4, 5),
(1473, 3, 28, 27, 4, 5),
(1474, 3, 24, 49, 4, 8),
(1475, 3, 24, 50, 4, 8),
(1476, 2, 23, 25, 4, 11),
(1477, 3, 23, 25, 4, 11),
(1478, 2, 36, 68, 4, 13),
(1479, 2, 31, 92, 4, 10),
(1480, 3, 36, 68, 4, 13),
(1481, 3, 31, 92, 5, 10),
(1482, 2, 34, 99, 4, 7),
(1483, 3, 24, 52, 4, 8),
(1484, 3, 34, 99, 4, 7),
(1485, 2, 31, 94, 4, 10),
(1486, 3, 31, 94, 4, 10),
(1487, 2, 34, 90, 4, 7),
(1488, 3, 34, 90, 4, 7),
(1489, 2, 25, 32, 4, 14),
(1490, 3, 24, 55, 4, 8),
(1491, 2, 23, 42, 4, 11),
(1492, 3, 25, 32, 3, 14),
(1493, 3, 23, 42, 4, 11),
(1494, 2, 36, 144, 4, 13),
(1495, 3, 36, 144, 4, 13),
(1496, 2, 32, 27, 4, 3),
(1497, 2, 23, 27, 4, 11),
(1498, 3, 23, 27, 4, 11),
(1499, 3, 24, 57, 4, 8),
(1500, 2, 31, 96, 4, 10),
(1501, 3, 31, 96, 4, 10),
(1502, 2, 34, 77, 4, 7),
(1503, 3, 34, 77, 4, 7),
(1504, 3, 24, 59, 4, 8),
(1505, 3, 24, 60, 4, 8),
(1506, 2, 34, 74, 4, 7),
(1507, 2, 32, 28, 3, 3),
(1508, 3, 34, 74, 4, 7),
(1509, 3, 24, 145, 4, 8),
(1510, 2, 23, 45, 4, 11),
(1511, 3, 23, 45, 4, 11),
(1512, 2, 34, 101, 4, 7),
(1513, 3, 24, 146, 4, 8),
(1514, 2, 31, 97, 4, 10),
(1515, 3, 34, 101, 4, 7),
(1516, 3, 31, 97, 4, 10),
(1517, 2, 23, 28, 3, 11),
(1518, 2, 32, 31, 5, 3),
(1519, 3, 23, 28, 3, 11),
(1520, 2, 32, 33, 5, 3),
(1521, 2, 31, 99, 4, 10),
(1522, 3, 31, 99, 4, 10),
(1523, 2, 23, 47, 4, 11),
(1524, 2, 23, 31, 4, 11),
(1525, 3, 23, 47, 4, 11),
(1526, 3, 23, 31, 4, 11),
(1527, 3, 24, 10, 4, 14),
(1528, 2, 31, 101, 4, 10),
(1529, 3, 24, 12, 4, 14),
(1530, 3, 31, 101, 4, 10),
(1531, 2, 32, 35, 5, 3),
(1532, 2, 34, 104, 4, 7),
(1533, 3, 34, 104, 4, 7),
(1534, 2, 31, 102, 4, 10),
(1535, 2, 32, 37, 3, 3),
(1536, 3, 31, 102, 4, 10),
(1537, 2, 23, 33, 5, 11),
(1538, 3, 23, 33, 5, 11),
(1539, 2, 31, 103, 5, 10),
(1540, 3, 31, 103, 5, 10),
(1541, 2, 32, 41, 4, 3),
(1542, 2, 31, 104, 5, 10),
(1543, 3, 31, 104, 5, 10),
(1544, 3, 34, 103, 4, 7),
(1545, 2, 34, 103, 4, 7),
(1546, 2, 32, 43, 4, 3),
(1547, 2, 23, 35, 4, 11),
(1548, 3, 23, 35, 4, 11),
(1549, 2, 31, 105, 4, 10),
(1550, 3, 31, 105, 5, 10),
(1551, 2, 34, 105, 4, 7),
(1552, 3, 34, 105, 4, 7),
(1553, 2, 31, 107, 5, 10),
(1554, 2, 34, 107, 4, 7),
(1555, 3, 31, 107, 5, 10),
(1556, 3, 34, 107, 4, 7),
(1557, 2, 23, 48, 4, 11),
(1558, 3, 23, 48, 4, 11),
(1559, 3, 24, 14, 4, 14),
(1560, 2, 32, 44, 4, 3),
(1561, 3, 24, 16, 4, 14),
(1562, 3, 24, 18, 4, 14),
(1563, 2, 23, 37, 3, 11),
(1564, 3, 23, 37, 3, 11),
(1565, 3, 24, 20, 4, 14),
(1566, 2, 32, 46, 5, 3),
(1567, 3, 24, 21, 4, 14),
(1568, 3, 24, 22, 4, 14),
(1569, 3, 24, 23, 4, 14),
(1570, 2, 32, 51, 4, 3),
(1571, 3, 24, 25, 4, 14),
(1572, 2, 25, 54, 4, 14),
(1573, 3, 25, 54, 3, 14),
(1574, 3, 24, 27, 4, 14),
(1575, 3, 24, 28, 4, 14),
(1576, 2, 23, 69, 4, 11),
(1577, 3, 23, 69, 4, 11),
(1578, 2, 32, 53, 5, 3),
(1579, 3, 24, 28, 4, 14),
(1580, 2, 23, 41, 3, 11),
(1581, 3, 23, 41, 3, 11),
(1582, 3, 24, 31, 4, 14),
(1583, 2, 32, 56, 5, 3),
(1584, 3, 24, 33, 4, 14),
(1585, 3, 24, 35, 4, 14),
(1586, 3, 24, 37, 3, 14),
(1587, 3, 24, 41, 4, 14),
(1588, 2, 32, 58, 4, 3),
(1589, 3, 31, 24, 4, 10),
(1590, 3, 24, 43, 4, 14),
(1591, 3, 24, 44, 4, 14),
(1592, 2, 23, 43, 5, 11),
(1593, 3, 23, 43, 5, 11),
(1594, 3, 24, 46, 5, 14),
(1595, 2, 32, 61, 3, 3),
(1596, 2, 23, 70, 5, 11),
(1597, 3, 24, 51, 5, 14),
(1598, 3, 23, 70, 4, 11),
(1599, 3, 24, 53, 4, 14),
(1600, 3, 24, 58, 4, 14),
(1601, 2, 32, 62, 3, 3),
(1602, 2, 23, 44, 4, 11),
(1603, 3, 24, 61, 3, 14),
(1604, 3, 23, 44, 4, 11),
(1605, 2, 23, 71, 4, 11),
(1606, 3, 23, 71, 4, 11),
(1607, 2, 32, 63, 3, 3),
(1608, 3, 24, 62, 4, 14),
(1609, 3, 24, 63, 4, 14),
(1610, 3, 24, 65, 4, 14),
(1611, 2, 23, 46, 5, 11),
(1612, 3, 23, 46, 5, 11),
(1613, 2, 23, 72, 5, 11),
(1614, 3, 23, 72, 4, 11),
(1615, 3, 24, 66, 4, 14),
(1616, 2, 23, 73, 5, 11),
(1617, 3, 23, 73, 4, 11),
(1618, 2, 23, 51, 5, 11),
(1619, 3, 23, 51, 5, 11),
(1620, 2, 31, 145, 4, 10),
(1621, 3, 31, 145, 4, 10),
(1622, 3, 24, 144, 4, 14),
(1623, 2, 23, 74, 4, 11),
(1625, 3, 23, 74, 4, 11),
(1626, 2, 31, 146, 4, 10),
(1627, 3, 31, 146, 4, 10),
(1628, 3, 24, 69, 4, 14),
(1629, 3, 24, 70, 4, 14),
(1630, 3, 24, 71, 4, 14),
(1631, 2, 38, 66, 4, 2),
(1632, 3, 38, 66, 4, 2),
(1633, 2, 25, 3, 4, 6),
(1634, 2, 23, 53, 4, 11),
(1635, 3, 24, 72, 4, 14),
(1636, 3, 25, 3, 4, 6),
(1637, 3, 23, 53, 4, 11),
(1638, 3, 24, 73, 4, 14),
(1639, 2, 23, 75, 5, 11),
(1640, 3, 23, 75, 4, 11),
(1641, 3, 24, 74, 4, 14),
(1642, 3, 24, 75, 5, 14),
(1643, 2, 25, 4, 4, 6),
(1644, 3, 25, 4, 4, 6),
(1645, 3, 24, 76, 4, 14),
(1646, 2, 38, 18, 4, 2),
(1647, 2, 23, 49, 4, 11),
(1648, 3, 38, 18, 4, 2),
(1649, 3, 24, 77, 4, 14),
(1650, 3, 24, 78, 4, 14),
(1651, 2, 38, 35, 4, 2),
(1652, 2, 25, 5, 4, 6),
(1653, 3, 38, 35, 4, 2),
(1654, 2, 23, 76, 4, 11),
(1655, 3, 23, 76, 4, 11),
(1656, 3, 24, 79, 4, 14),
(1657, 3, 23, 49, 4, 11),
(1658, 3, 24, 80, 4, 14),
(1659, 2, 25, 6, 4, 6),
(1660, 3, 25, 6, 4, 6),
(1661, 3, 24, 82, 4, 14),
(1662, 2, 23, 77, 4, 11),
(1663, 3, 23, 77, 4, 11),
(1664, 3, 24, 84, 3, 14),
(1665, 2, 23, 56, 4, 11),
(1666, 3, 23, 56, 4, 11),
(1667, 2, 38, 16, 4, 2),
(1668, 3, 38, 16, 4, 2),
(1669, 3, 24, 86, 4, 14),
(1670, 3, 24, 88, 4, 14),
(1671, 3, 24, 90, 4, 14),
(1672, 2, 25, 7, 4, 6),
(1673, 3, 25, 7, 4, 6),
(1674, 2, 32, 67, 6, 3),
(1675, 2, 38, 51, 4, 2),
(1676, 3, 38, 51, 4, 2),
(1677, 3, 24, 92, 4, 14),
(1678, 3, 24, 94, 4, 14),
(1679, 2, 38, 22, 4, 2),
(1680, 3, 24, 96, 4, 14),
(1681, 3, 38, 22, 4, 2),
(1682, 2, 32, 68, 5, 3),
(1683, 2, 23, 78, 4, 11),
(1684, 3, 23, 78, 4, 11),
(1685, 2, 23, 61, 3, 11),
(1686, 3, 23, 61, 3, 11),
(1687, 2, 25, 8, 4, 6),
(1688, 3, 24, 97, 4, 14),
(1689, 3, 25, 8, 4, 6),
(1690, 2, 38, 28, 4, 2),
(1691, 3, 24, 99, 5, 14),
(1692, 3, 38, 28, 4, 2),
(1693, 3, 24, 101, 4, 14),
(1694, 2, 32, 144, 4, 3),
(1695, 2, 23, 79, 4, 11),
(1696, 3, 23, 79, 4, 11),
(1697, 3, 24, 102, 4, 14),
(1698, 2, 25, 9, 4, 6),
(1699, 3, 25, 9, 4, 6),
(1700, 2, 38, 63, 4, 2),
(1701, 3, 24, 103, 4, 14),
(1702, 3, 38, 63, 4, 2),
(1703, 2, 23, 62, 3, 11),
(1704, 3, 23, 62, 3, 11),
(1705, 3, 24, 104, 4, 14),
(1706, 2, 23, 50, 4, 11),
(1707, 3, 23, 50, 4, 11),
(1708, 2, 25, 11, 4, 6),
(1709, 3, 25, 11, 4, 6),
(1710, 3, 24, 105, 4, 14),
(1711, 2, 38, 69, 4, 2),
(1712, 2, 23, 80, 5, 11),
(1713, 3, 24, 107, 5, 14),
(1714, 3, 23, 80, 4, 11),
(1715, 3, 38, 69, 4, 2),
(1716, 2, 38, 61, 4, 2),
(1717, 3, 38, 61, 4, 2),
(1718, 2, 25, 13, 4, 6),
(1719, 3, 25, 13, 4, 6),
(1720, 2, 38, 70, 4, 2),
(1721, 2, 31, 51, 5, 10),
(1722, 3, 38, 70, 4, 2),
(1723, 3, 31, 51, 5, 10),
(1724, 2, 38, 65, 4, 2),
(1725, 3, 38, 65, 4, 2),
(1726, 2, 23, 63, 3, 11),
(1727, 2, 25, 15, 4, 6),
(1728, 3, 23, 63, 3, 11),
(1729, 2, 23, 82, 4, 11),
(1730, 3, 25, 15, 4, 6),
(1731, 3, 23, 82, 4, 11),
(1732, 2, 38, 21, 4, 2),
(1733, 3, 38, 21, 4, 2),
(1734, 2, 25, 17, 4, 6),
(1735, 3, 25, 17, 4, 6),
(1736, 2, 23, 84, 4, 11),
(1737, 3, 23, 84, 4, 11),
(1738, 2, 38, 71, 4, 2),
(1739, 2, 25, 24, 4, 6),
(1740, 3, 38, 71, 4, 2),
(1741, 3, 25, 24, 4, 6),
(1742, 2, 38, 68, 4, 2),
(1743, 3, 38, 68, 4, 2),
(1744, 2, 23, 52, 4, 11),
(1745, 3, 23, 52, 4, 11),
(1746, 2, 25, 26, 4, 6),
(1747, 2, 23, 86, 4, 11),
(1748, 3, 25, 26, 4, 6),
(1749, 3, 23, 86, 4, 11),
(1750, 2, 38, 37, 4, 2),
(1751, 3, 38, 37, 4, 2),
(1752, 2, 38, 72, 4, 2),
(1753, 3, 38, 72, 4, 2),
(1754, 2, 23, 65, 4, 11),
(1755, 3, 23, 65, 4, 11),
(1756, 2, 38, 23, 4, 2),
(1757, 3, 38, 23, 4, 2),
(1758, 2, 38, 73, 4, 2),
(1759, 3, 38, 73, 4, 2),
(1760, 2, 23, 54, 4, 11),
(1761, 2, 25, 29, 4, 6),
(1762, 3, 23, 54, 4, 11),
(1763, 3, 25, 29, 4, 6),
(1764, 2, 23, 88, 4, 11),
(1765, 3, 23, 88, 4, 11),
(1766, 2, 38, 74, 4, 2),
(1767, 3, 38, 74, 4, 2),
(1768, 2, 25, 30, 4, 6),
(1769, 3, 25, 30, 4, 6),
(1770, 2, 38, 75, 4, 2),
(1771, 3, 38, 75, 4, 2),
(1772, 2, 23, 66, 5, 11),
(1773, 3, 23, 66, 5, 11),
(1774, 2, 23, 90, 4, 11),
(1775, 3, 23, 90, 4, 11),
(1776, 2, 25, 32, 4, 6),
(1777, 3, 25, 32, 4, 6),
(1778, 2, 23, 55, 4, 11),
(1779, 3, 23, 55, 4, 11),
(1780, 2, 38, 76, 4, 2),
(1781, 3, 38, 76, 4, 2),
(1782, 2, 25, 34, 4, 6),
(1783, 2, 38, 46, 4, 2),
(1784, 3, 38, 46, 4, 2),
(1785, 3, 25, 34, 4, 6),
(1786, 2, 23, 92, 5, 11),
(1787, 2, 38, 77, 4, 2),
(1788, 3, 38, 77, 4, 2),
(1789, 3, 23, 92, 4, 11),
(1790, 2, 38, 31, 4, 2),
(1791, 3, 38, 31, 4, 2),
(1792, 2, 23, 68, 4, 11),
(1793, 2, 38, 78, 4, 2),
(1794, 2, 25, 36, 4, 6),
(1795, 3, 23, 68, 4, 11),
(1796, 3, 38, 78, 4, 2),
(1797, 2, 23, 57, 4, 11),
(1798, 3, 25, 36, 4, 6),
(1799, 3, 23, 57, 4, 11),
(1800, 2, 38, 33, 4, 2),
(1801, 3, 38, 33, 4, 2),
(1802, 2, 23, 94, 4, 11),
(1803, 2, 38, 79, 4, 2),
(1804, 3, 23, 94, 4, 11),
(1805, 3, 38, 79, 4, 2),
(1806, 2, 25, 38, 4, 6),
(1807, 3, 25, 38, 4, 6),
(1808, 2, 38, 41, 4, 2),
(1809, 3, 38, 41, 4, 2),
(1810, 2, 38, 80, 4, 2),
(1811, 2, 23, 59, 4, 11),
(1812, 3, 38, 80, 4, 2),
(1813, 3, 23, 59, 4, 11),
(1814, 2, 23, 96, 4, 11),
(1815, 3, 23, 96, 4, 11),
(1816, 2, 38, 82, 4, 2),
(1817, 3, 38, 82, 4, 2),
(1818, 2, 25, 39, 4, 6),
(1819, 2, 38, 53, 4, 2),
(1820, 3, 25, 39, 4, 6),
(1821, 2, 38, 84, 4, 2),
(1822, 3, 38, 84, 4, 2),
(1823, 2, 23, 60, 4, 11),
(1824, 3, 23, 60, 4, 11),
(1825, 2, 25, 40, 4, 6),
(1826, 3, 25, 40, 4, 6),
(1827, 2, 38, 86, 4, 2),
(1828, 3, 38, 86, 4, 2),
(1829, 2, 23, 97, 5, 11),
(1830, 2, 25, 42, 4, 6),
(1831, 3, 23, 97, 4, 11),
(1832, 3, 25, 42, 4, 6),
(1833, 2, 23, 145, 4, 11),
(1834, 2, 38, 88, 4, 2),
(1835, 3, 38, 53, 4, 2),
(1836, 3, 38, 88, 4, 2),
(1837, 3, 23, 145, 4, 11),
(1838, 2, 23, 144, 4, 11),
(1839, 3, 25, 45, 4, 6),
(1840, 3, 23, 144, 4, 11),
(1841, 2, 25, 45, 4, 6),
(1842, 2, 38, 90, 4, 2),
(1843, 3, 38, 90, 4, 2),
(1844, 2, 38, 27, 4, 2),
(1845, 3, 38, 27, 4, 2),
(1846, 2, 25, 47, 4, 6),
(1847, 2, 38, 92, 4, 2),
(1848, 3, 25, 47, 4, 6),
(1849, 3, 38, 92, 4, 2),
(1850, 2, 38, 14, 4, 2),
(1851, 3, 38, 14, 4, 2),
(1852, 2, 38, 94, 4, 2),
(1853, 3, 38, 94, 4, 2),
(1854, 2, 25, 48, 4, 6),
(1855, 2, 23, 99, 5, 11),
(1856, 3, 25, 48, 4, 6),
(1857, 3, 23, 99, 4, 11),
(1858, 2, 38, 96, 4, 2),
(1859, 3, 38, 96, 4, 2),
(1860, 2, 23, 101, 4, 11),
(1861, 3, 23, 101, 4, 11),
(1862, 2, 38, 97, 4, 2),
(1863, 3, 38, 97, 4, 2),
(1864, 2, 38, 99, 4, 2),
(1865, 3, 38, 99, 4, 2),
(1866, 2, 23, 102, 4, 11),
(1867, 3, 23, 102, 4, 11),
(1868, 2, 38, 62, 4, 2),
(1869, 3, 38, 62, 4, 2),
(1870, 2, 38, 101, 4, 2),
(1871, 3, 38, 101, 4, 2),
(1872, 2, 25, 49, 4, 6),
(1873, 3, 25, 49, 4, 6),
(1874, 2, 38, 58, 4, 2),
(1875, 3, 38, 58, 4, 2),
(1876, 2, 38, 102, 4, 2),
(1877, 2, 23, 103, 5, 11),
(1878, 3, 38, 102, 4, 2),
(1879, 3, 23, 103, 4, 11),
(1880, 2, 25, 50, 4, 6),
(1881, 2, 38, 103, 4, 2),
(1882, 3, 38, 103, 4, 2),
(1883, 3, 25, 50, 4, 6),
(1884, 2, 38, 144, 4, 2),
(1885, 3, 38, 144, 4, 2),
(1886, 2, 23, 104, 4, 11),
(1887, 3, 23, 104, 4, 11),
(1888, 2, 38, 104, 4, 2),
(1889, 3, 38, 104, 4, 2),
(1890, 2, 25, 52, 4, 6),
(1891, 3, 25, 52, 4, 6),
(1892, 2, 38, 44, 4, 2),
(1893, 3, 38, 44, 4, 2),
(1894, 2, 38, 105, 4, 2),
(1895, 2, 26, 122, 4, 12),
(1896, 3, 38, 105, 4, 2),
(1897, 2, 23, 105, 4, 11),
(1898, 3, 26, 122, 4, 12),
(1899, 3, 23, 105, 4, 11),
(1900, 2, 37, 3, 4, 13),
(1901, 2, 25, 54, 4, 6),
(1902, 3, 25, 54, 4, 6),
(1903, 2, 38, 107, 4, 2),
(1904, 3, 38, 107, 4, 2),
(1905, 2, 38, 20, 4, 2),
(1906, 3, 38, 20, 4, 2),
(1907, 2, 23, 107, 5, 11),
(1908, 2, 25, 55, 4, 6),
(1909, 3, 25, 55, 4, 6),
(1910, 3, 23, 107, 4, 11),
(1911, 2, 37, 4, 4, 13),
(1912, 3, 37, 4, 4, 13),
(1913, 2, 38, 43, 4, 2),
(1914, 3, 38, 43, 4, 2),
(1915, 2, 23, 69, 4, 16),
(1916, 3, 23, 69, 4, 16),
(1917, 2, 25, 57, 4, 6),
(1918, 3, 25, 57, 4, 6),
(1919, 2, 37, 5, 4, 13),
(1920, 3, 37, 5, 4, 13),
(1921, 2, 25, 59, 4, 6),
(1922, 3, 25, 59, 4, 6),
(1923, 2, 23, 70, 5, 16),
(1924, 3, 23, 70, 4, 16),
(1925, 3, 27, 3, 4, 4),
(1926, 2, 25, 60, 4, 6),
(1927, 3, 25, 60, 4, 6),
(1928, 2, 26, 10, 4, 12),
(1929, 3, 26, 10, 4, 12),
(1930, 2, 23, 71, 4, 16),
(1931, 3, 23, 71, 4, 16),
(1932, 2, 27, 4, 4, 4),
(1933, 3, 27, 4, 4, 4),
(1934, 2, 25, 145, 4, 6),
(1935, 3, 25, 145, 4, 6),
(1936, 2, 26, 12, 4, 12),
(1937, 3, 26, 12, 4, 12),
(1938, 2, 27, 5, 4, 4),
(1939, 3, 27, 5, 4, 4),
(1940, 2, 23, 72, 5, 16),
(1941, 3, 23, 72, 4, 16),
(1942, 2, 26, 14, 4, 12),
(1943, 3, 26, 14, 4, 12),
(1944, 2, 37, 6, 4, 13),
(1945, 3, 37, 6, 4, 13),
(1946, 2, 26, 16, 4, 12),
(1947, 3, 26, 16, 4, 12),
(1948, 2, 27, 6, 4, 4),
(1949, 3, 27, 6, 4, 4),
(1950, 2, 26, 18, 4, 12),
(1951, 3, 26, 18, 4, 12),
(1952, 2, 27, 7, 4, 4),
(1953, 3, 37, 3, 4, 13),
(1954, 3, 27, 7, 4, 4),
(1955, 2, 27, 8, 4, 4),
(1956, 3, 27, 8, 4, 4),
(1957, 2, 37, 7, 4, 13),
(1958, 3, 37, 7, 4, 13),
(1959, 2, 27, 9, 4, 4),
(1960, 3, 27, 9, 4, 4),
(1961, 2, 37, 8, 4, 13),
(1962, 3, 37, 8, 4, 13),
(1963, 2, 37, 9, 4, 13),
(1964, 3, 37, 9, 4, 13),
(1965, 2, 26, 21, 4, 12),
(1966, 3, 26, 21, 4, 12),
(1967, 2, 27, 13, 4, 4),
(1968, 3, 27, 13, 4, 4),
(1969, 2, 37, 11, 4, 13),
(1970, 3, 37, 11, 4, 13),
(1971, 2, 26, 22, 4, 12),
(1972, 3, 26, 22, 4, 12),
(1973, 2, 27, 15, 4, 4),
(1974, 2, 37, 13, 4, 13),
(1975, 3, 27, 15, 4, 4),
(1976, 3, 37, 13, 4, 13),
(1977, 2, 37, 15, 4, 13),
(1978, 3, 37, 15, 4, 13),
(1979, 2, 27, 17, 4, 4),
(1980, 3, 27, 17, 4, 4),
(1981, 2, 37, 17, 4, 13),
(1982, 3, 37, 17, 4, 13),
(1983, 2, 23, 73, 5, 16),
(1984, 3, 23, 73, 4, 16),
(1985, 2, 27, 11, 4, 4),
(1986, 2, 37, 24, 4, 13),
(1987, 3, 27, 11, 4, 4),
(1988, 3, 37, 24, 4, 13),
(1989, 2, 25, 70, 5, 8),
(1990, 3, 25, 70, 5, 8),
(1991, 2, 37, 26, 4, 13),
(1992, 3, 37, 26, 4, 13),
(1993, 2, 26, 125, 4, 12),
(1994, 2, 37, 29, 4, 13),
(1995, 3, 26, 125, 4, 12),
(1996, 3, 37, 29, 4, 13),
(1997, 2, 26, 23, 4, 12),
(1998, 2, 27, 24, 4, 4),
(1999, 3, 26, 23, 4, 12),
(2000, 3, 27, 24, 4, 4),
(2001, 2, 37, 30, 4, 13),
(2002, 3, 37, 30, 4, 13),
(2003, 2, 26, 25, 4, 12),
(2004, 3, 26, 25, 4, 12),
(2005, 2, 23, 74, 4, 16),
(2006, 3, 23, 74, 4, 16),
(2007, 2, 27, 30, 4, 4),
(2008, 2, 37, 32, 4, 13),
(2009, 3, 27, 30, 4, 4),
(2010, 3, 37, 32, 4, 13),
(2011, 2, 26, 126, 4, 12),
(2012, 2, 26, 27, 4, 12),
(2013, 3, 26, 126, 4, 12),
(2014, 3, 26, 27, 4, 12),
(2015, 2, 37, 34, 4, 13),
(2016, 3, 37, 34, 4, 13),
(2017, 2, 27, 38, 4, 4),
(2018, 3, 27, 38, 4, 4),
(2019, 2, 26, 28, 4, 12),
(2020, 2, 37, 36, 4, 13),
(2021, 2, 23, 75, 5, 16),
(2022, 3, 26, 28, 4, 12),
(2023, 3, 37, 36, 4, 13),
(2024, 3, 23, 75, 4, 16),
(2025, 2, 27, 47, 4, 4),
(2026, 3, 27, 47, 4, 4),
(2027, 2, 26, 127, 4, 12),
(2028, 3, 26, 127, 4, 12),
(2029, 2, 37, 38, 4, 13),
(2030, 2, 26, 31, 4, 12),
(2031, 3, 37, 38, 4, 13),
(2032, 3, 26, 31, 4, 12),
(2033, 2, 27, 48, 4, 4),
(2034, 3, 27, 48, 4, 4),
(2035, 2, 26, 33, 4, 12),
(2036, 3, 26, 33, 4, 12),
(2037, 2, 37, 39, 4, 13),
(2038, 2, 26, 128, 4, 12),
(2039, 3, 37, 39, 4, 13),
(2040, 3, 26, 128, 4, 12),
(2041, 2, 23, 76, 4, 16),
(2042, 3, 23, 76, 4, 16),
(2043, 2, 26, 35, 4, 12),
(2044, 3, 26, 35, 4, 12),
(2045, 2, 27, 57, 4, 4),
(2046, 2, 37, 40, 4, 13),
(2047, 3, 27, 57, 4, 4),
(2048, 3, 37, 40, 4, 13),
(2049, 2, 27, 145, 4, 4),
(2050, 2, 37, 42, 4, 13),
(2051, 3, 27, 145, 4, 4),
(2052, 2, 26, 37, 4, 12),
(2053, 3, 37, 42, 4, 13),
(2054, 3, 26, 37, 4, 12),
(2055, 2, 23, 77, 4, 16),
(2056, 2, 26, 129, 4, 12),
(2057, 3, 23, 77, 4, 16),
(2058, 3, 26, 129, 4, 12),
(2059, 2, 27, 146, 4, 4),
(2060, 3, 27, 146, 4, 4),
(2061, 2, 26, 41, 4, 12),
(2062, 3, 26, 41, 4, 12),
(2063, 2, 23, 78, 4, 16),
(2064, 3, 23, 78, 4, 16),
(2065, 2, 26, 43, 4, 12),
(2066, 3, 26, 43, 4, 12),
(2067, 2, 26, 130, 3, 12),
(2068, 3, 26, 130, 3, 12),
(2069, 3, 26, 130, 3, 12),
(2070, 2, 26, 44, 4, 12),
(2071, 3, 26, 44, 4, 12),
(2075, 2, 27, 69, 4, 4),
(2076, 2, 37, 45, 4, 13),
(2077, 3, 27, 69, 4, 4),
(2078, 3, 37, 45, 4, 13),
(2079, 2, 27, 71, 4, 4),
(2080, 3, 27, 71, 4, 4),
(2081, 2, 27, 72, 4, 4),
(2082, 3, 27, 72, 4, 4),
(2083, 2, 26, 131, 3, 12),
(2084, 2, 23, 79, 4, 16),
(2085, 3, 26, 131, 3, 12),
(2086, 3, 23, 79, 4, 16),
(2087, 2, 27, 78, 4, 4),
(2088, 3, 27, 78, 4, 4),
(2089, 2, 37, 47, 4, 13),
(2090, 3, 37, 47, 4, 13),
(2091, 2, 37, 48, 4, 13),
(2092, 3, 37, 48, 4, 13),
(2093, 2, 27, 97, 4, 4),
(2094, 3, 27, 97, 4, 4),
(2095, 2, 25, 49, 4, 13),
(2096, 3, 25, 49, 4, 13),
(2097, 2, 23, 80, 5, 16),
(2098, 3, 23, 80, 4, 16),
(2099, 2, 27, 73, 4, 4),
(2100, 2, 37, 50, 4, 13),
(2101, 3, 27, 73, 4, 4),
(2102, 3, 37, 50, 4, 13),
(2103, 2, 26, 132, 4, 12),
(2104, 3, 26, 132, 4, 12),
(2105, 2, 25, 52, 4, 13),
(2106, 3, 25, 52, 4, 13),
(2107, 2, 37, 54, 4, 13),
(2108, 3, 37, 54, 4, 13),
(2109, 2, 25, 55, 4, 13),
(2110, 3, 25, 55, 4, 13),
(2111, 2, 27, 75, 6, 4),
(2112, 2, 37, 57, 4, 13),
(2113, 3, 27, 75, 6, 4),
(2114, 3, 37, 57, 4, 13),
(2115, 2, 23, 82, 4, 16),
(2116, 3, 23, 82, 4, 16),
(2117, 2, 37, 60, 4, 13),
(2118, 2, 25, 59, 4, 13),
(2119, 2, 26, 133, 4, 12),
(2120, 3, 37, 60, 4, 13),
(2121, 2, 27, 80, 4, 4),
(2122, 3, 25, 59, 4, 13),
(2123, 3, 26, 133, 4, 12),
(2124, 3, 27, 80, 4, 4),
(2125, 2, 37, 145, 4, 13),
(2126, 3, 37, 145, 4, 13),
(2127, 2, 27, 84, 4, 4),
(2128, 3, 27, 84, 4, 4),
(2129, 2, 23, 84, 4, 16),
(2130, 3, 23, 84, 4, 16),
(2131, 2, 27, 88, 4, 4),
(2132, 3, 27, 88, 4, 4),
(2133, 2, 26, 46, 4, 12),
(2134, 2, 23, 86, 4, 16),
(2135, 2, 27, 92, 4, 4),
(2136, 3, 26, 46, 4, 12),
(2137, 3, 27, 92, 4, 4),
(2138, 3, 23, 86, 4, 16),
(2139, 2, 27, 94, 4, 4),
(2140, 3, 27, 94, 4, 4),
(2141, 2, 23, 88, 4, 16),
(2142, 3, 23, 88, 4, 16),
(2143, 2, 27, 90, 6, 4),
(2144, 2, 26, 51, 4, 12),
(2145, 3, 27, 90, 6, 4),
(2146, 3, 26, 51, 4, 12),
(2147, 2, 23, 90, 4, 16),
(2148, 3, 23, 90, 4, 16),
(2149, 2, 27, 99, 4, 4),
(2150, 3, 27, 99, 4, 4),
(2151, 2, 23, 92, 5, 16),
(2152, 3, 23, 92, 4, 16),
(2153, 2, 26, 53, 3, 12),
(2154, 3, 26, 53, 3, 12),
(2155, 2, 27, 70, 6, 4),
(2156, 3, 27, 70, 6, 4),
(2157, 2, 23, 94, 4, 16),
(2158, 3, 23, 94, 4, 16),
(2159, 2, 27, 102, 4, 4),
(2160, 2, 26, 56, 3, 12),
(2161, 3, 27, 102, 4, 4),
(2162, 3, 26, 56, 3, 12),
(2163, 2, 23, 96, 4, 16),
(2164, 3, 23, 96, 4, 16),
(2165, 2, 27, 104, 4, 4),
(2166, 3, 27, 104, 4, 4),
(2167, 2, 26, 58, 4, 12),
(2168, 2, 27, 103, 4, 4),
(2169, 3, 26, 58, 4, 12),
(2170, 3, 27, 103, 4, 4),
(2171, 2, 27, 10, 4, 4),
(2172, 3, 27, 10, 4, 4),
(2173, 2, 23, 97, 4, 16),
(2174, 2, 27, 12, 4, 4),
(2175, 3, 23, 97, 4, 16),
(2176, 3, 27, 12, 4, 4),
(2177, 2, 26, 61, 3, 12),
(2178, 3, 26, 61, 3, 12),
(2179, 2, 27, 14, 4, 4),
(2180, 3, 27, 14, 4, 4),
(2181, 2, 23, 99, 5, 16),
(2182, 2, 27, 16, 4, 4),
(2183, 3, 27, 16, 4, 4),
(2184, 3, 23, 99, 4, 16),
(2185, 2, 27, 18, 4, 4),
(2186, 3, 27, 18, 4, 4),
(2187, 2, 26, 62, 4, 12),
(2188, 3, 26, 62, 4, 12),
(2189, 2, 27, 20, 6, 4),
(2190, 3, 27, 20, 4, 4),
(2191, 2, 27, 21, 4, 4),
(2192, 3, 27, 21, 4, 4),
(2193, 2, 26, 63, 3, 12);
INSERT INTO `student_attitude` (`id`, `attitude_id`, `user_id`, `student_id`, `predicate_id`, `course_id`) VALUES
(2194, 3, 26, 63, 3, 12),
(2195, 2, 27, 22, 4, 4),
(2196, 3, 27, 22, 4, 4),
(2197, 2, 27, 23, 4, 4),
(2198, 3, 27, 23, 4, 4),
(2199, 2, 26, 65, 3, 12),
(2200, 3, 26, 65, 3, 12),
(2201, 2, 27, 27, 4, 4),
(2202, 3, 27, 27, 4, 4),
(2203, 2, 23, 101, 4, 16),
(2204, 3, 23, 101, 4, 16),
(2205, 2, 27, 31, 4, 4),
(2206, 3, 27, 31, 4, 4),
(2207, 2, 27, 33, 4, 4),
(2208, 3, 27, 33, 4, 4),
(2209, 2, 26, 66, 4, 12),
(2210, 3, 26, 66, 4, 12),
(2211, 2, 27, 35, 4, 4),
(2212, 3, 27, 35, 4, 4),
(2213, 2, 23, 102, 4, 16),
(2214, 3, 23, 102, 4, 16),
(2215, 2, 27, 37, 4, 4),
(2216, 3, 27, 37, 4, 4),
(2217, 2, 27, 43, 4, 4),
(2218, 2, 26, 144, 3, 12),
(2219, 3, 26, 144, 3, 12),
(2220, 3, 27, 43, 4, 4),
(2221, 2, 23, 103, 4, 16),
(2222, 3, 23, 103, 4, 16),
(2223, 2, 27, 44, 4, 4),
(2224, 3, 27, 44, 4, 4),
(2225, 2, 27, 46, 4, 4),
(2226, 3, 27, 46, 4, 4),
(2227, 2, 26, 10, 4, 9),
(2228, 3, 26, 10, 4, 9),
(2229, 2, 23, 104, 4, 16),
(2230, 3, 23, 104, 4, 16),
(2231, 2, 27, 51, 4, 4),
(2232, 3, 27, 51, 4, 4),
(2233, 2, 26, 12, 4, 9),
(2234, 2, 27, 53, 4, 4),
(2235, 3, 27, 53, 4, 4),
(2236, 2, 26, 14, 4, 9),
(2237, 2, 27, 58, 4, 4),
(2238, 3, 26, 14, 4, 9),
(2239, 3, 27, 58, 4, 4),
(2240, 2, 27, 61, 4, 4),
(2241, 3, 27, 61, 4, 4),
(2242, 2, 27, 62, 4, 4),
(2243, 3, 27, 62, 4, 4),
(2244, 2, 26, 16, 4, 9),
(2245, 3, 26, 16, 4, 9),
(2246, 2, 27, 65, 4, 4),
(2247, 3, 27, 65, 4, 4),
(2248, 2, 27, 25, 5, 4),
(2249, 3, 27, 25, 5, 4),
(2250, 2, 27, 144, 4, 4),
(2251, 3, 26, 12, 4, 9),
(2252, 3, 27, 144, 4, 4),
(2253, 2, 27, 68, 4, 4),
(2254, 3, 27, 68, 4, 4),
(2255, 2, 27, 66, 4, 4),
(2256, 3, 27, 66, 4, 4),
(2257, 2, 27, 107, 4, 4),
(2258, 3, 27, 107, 4, 4),
(2259, 2, 26, 18, 4, 9),
(2260, 3, 26, 18, 4, 9),
(2261, 2, 26, 20, 4, 9),
(2262, 3, 26, 20, 4, 9),
(2263, 2, 26, 21, 4, 9),
(2264, 3, 26, 21, 4, 9),
(2265, 2, 26, 22, 4, 9),
(2266, 3, 26, 22, 4, 9),
(2267, 2, 27, 3, 4, 9),
(2268, 3, 27, 3, 4, 9),
(2269, 2, 27, 4, 4, 9),
(2270, 3, 27, 4, 4, 9),
(2271, 2, 26, 23, 4, 9),
(2272, 3, 26, 23, 4, 9),
(2273, 2, 25, 3, 4, 2),
(2274, 3, 25, 3, 4, 2),
(2275, 2, 27, 5, 4, 9),
(2276, 3, 27, 5, 4, 9),
(2277, 2, 25, 4, 4, 2),
(2278, 2, 26, 25, 4, 9),
(2279, 3, 25, 4, 4, 2),
(2280, 3, 26, 25, 4, 9),
(2281, 2, 25, 5, 4, 2),
(2282, 3, 25, 5, 4, 2),
(2283, 2, 25, 6, 4, 2),
(2284, 3, 25, 6, 4, 2),
(2285, 2, 26, 27, 4, 9),
(2286, 2, 25, 7, 4, 2),
(2287, 3, 25, 7, 4, 2),
(2288, 3, 26, 27, 4, 9),
(2289, 2, 28, 10, 4, 2),
(2290, 3, 28, 10, 4, 2),
(2291, 2, 25, 8, 4, 2),
(2292, 3, 25, 8, 4, 2),
(2293, 2, 25, 9, 4, 2),
(2294, 3, 25, 9, 4, 2),
(2295, 2, 25, 11, 4, 2),
(2296, 3, 25, 11, 4, 2),
(2297, 2, 25, 13, 4, 2),
(2298, 2, 26, 28, 4, 9),
(2299, 3, 26, 28, 4, 9),
(2300, 2, 25, 15, 4, 2),
(2301, 3, 25, 15, 4, 2),
(2302, 2, 27, 6, 4, 9),
(2303, 3, 27, 6, 4, 9),
(2304, 2, 27, 7, 4, 9),
(2305, 3, 27, 7, 4, 9),
(2306, 2, 25, 17, 4, 2),
(2307, 2, 27, 8, 4, 9),
(2308, 3, 25, 17, 4, 2),
(2309, 3, 27, 8, 4, 9),
(2310, 2, 25, 24, 4, 2),
(2311, 3, 25, 24, 4, 2),
(2312, 2, 25, 26, 4, 2),
(2313, 3, 25, 26, 4, 2),
(2314, 2, 25, 29, 4, 2),
(2315, 3, 25, 29, 4, 2),
(2316, 2, 27, 9, 4, 9),
(2317, 3, 27, 9, 4, 9),
(2318, 2, 25, 30, 4, 2),
(2319, 3, 25, 30, 4, 2),
(2320, 2, 27, 13, 4, 9),
(2321, 3, 27, 13, 4, 9),
(2322, 2, 25, 32, 4, 2),
(2323, 3, 25, 32, 4, 2),
(2324, 2, 25, 34, 4, 2),
(2325, 3, 25, 34, 4, 2),
(2326, 2, 27, 15, 4, 9),
(2327, 3, 27, 15, 4, 9),
(2328, 2, 25, 36, 4, 2),
(2329, 3, 25, 36, 4, 2),
(2330, 2, 25, 38, 4, 2),
(2331, 3, 25, 38, 4, 2),
(2332, 2, 27, 17, 4, 9),
(2333, 3, 27, 17, 4, 9),
(2334, 2, 25, 39, 4, 2),
(2335, 3, 25, 39, 4, 2),
(2336, 2, 26, 31, 4, 9),
(2337, 3, 26, 31, 4, 9),
(2338, 2, 25, 40, 4, 2),
(2339, 2, 25, 42, 4, 2),
(2340, 3, 25, 42, 4, 2),
(2341, 2, 25, 45, 4, 2),
(2342, 3, 25, 45, 4, 2),
(2343, 2, 25, 47, 4, 2),
(2344, 3, 25, 47, 4, 2),
(2345, 2, 25, 48, 4, 2),
(2346, 3, 25, 48, 4, 2),
(2347, 2, 27, 11, 4, 9),
(2348, 3, 27, 11, 4, 9),
(2349, 2, 25, 49, 4, 2),
(2350, 3, 25, 49, 4, 2),
(2351, 2, 25, 50, 4, 2),
(2352, 3, 25, 50, 4, 2),
(2353, 2, 27, 28, 4, 4),
(2354, 3, 27, 28, 4, 4),
(2355, 2, 25, 52, 3, 2),
(2356, 3, 25, 52, 3, 2),
(2357, 3, 25, 3, 4, 1),
(2358, 2, 25, 3, 4, 5),
(2359, 3, 25, 3, 5, 5),
(2360, 2, 25, 3, 5, 16),
(2361, 3, 25, 3, 4, 16),
(2362, 2, 25, 3, 4, 17),
(2363, 3, 25, 3, 4, 17),
(2364, 3, 25, 4, 4, 1),
(2365, 3, 25, 4, 4, 5),
(2366, 3, 25, 4, 4, 10),
(2367, 3, 25, 4, 4, 3),
(2368, 2, 25, 4, 4, 16),
(2369, 3, 25, 4, 4, 16);

-- --------------------------------------------------------

--
-- Struktur dari tabel `student_profile`
--

CREATE TABLE `student_profile` (
  `id` int(10) UNSIGNED NOT NULL,
  `school_id` int(10) UNSIGNED NOT NULL,
  `classroom_id` int(10) UNSIGNED NOT NULL,
  `name` varchar(255) NOT NULL,
  `nis` varchar(8) NOT NULL,
  `nisn` varchar(15) NOT NULL
) ENGINE=InnoDB DEFAULT CHARSET=latin1;

-- --------------------------------------------------------

--
-- Struktur dari tabel `teacher_profile`
--

CREATE TABLE `teacher_profile` (
  `id` int(10) UNSIGNED NOT NULL,
  `school_id` int(10) UNSIGNED NOT NULL,
  `user_id` int(11) UNSIGNED NOT NULL,
  `nip` varchar(40) NOT NULL
) ENGINE=InnoDB DEFAULT CHARSET=latin1;

--
-- Dumping data untuk tabel `teacher_profile`
--

INSERT INTO `teacher_profile` (`id`, `school_id`, `user_id`, `nip`) VALUES
(2, 1, 22, '192 168 1 1'),
(3, 1, 23, '198508202009032003'),
(4, 1, 24, '197603152010012011'),
(5, 1, 25, '197604262009032004'),
(6, 1, 26, '196905112005021002'),
(7, 1, 27, '198402282011011004'),
(8, 1, 28, '199002282015122001'),
(9, 1, 29, '0'),
(10, 1, 30, '0'),
(11, 1, 31, '0'),
(12, 1, 32, '0'),
(13, 1, 33, '0'),
(14, 1, 34, '0'),
(15, 1, 35, '0'),
(16, 1, 36, '0'),
(17, 1, 37, '0'),
(18, 1, 38, '0');

-- --------------------------------------------------------

--
-- Struktur dari tabel `users`
--

CREATE TABLE `users` (
  `id` int(11) UNSIGNED NOT NULL,
  `ip_address` varchar(45) NOT NULL,
  `username` varchar(100) DEFAULT NULL,
  `password` varchar(255) NOT NULL,
  `email` varchar(254) NOT NULL,
  `activation_selector` varchar(255) DEFAULT NULL,
  `activation_code` varchar(255) DEFAULT NULL,
  `forgotten_password_selector` varchar(255) DEFAULT NULL,
  `forgotten_password_code` varchar(255) DEFAULT NULL,
  `forgotten_password_time` int(11) UNSIGNED DEFAULT NULL,
  `remember_selector` varchar(255) DEFAULT NULL,
  `remember_code` varchar(255) DEFAULT NULL,
  `created_on` int(11) UNSIGNED NOT NULL,
  `last_login` int(11) UNSIGNED DEFAULT NULL,
  `active` tinyint(1) UNSIGNED DEFAULT NULL,
  `first_name` varchar(50) DEFAULT NULL,
  `last_name` varchar(50) DEFAULT NULL,
  `phone` varchar(20) DEFAULT NULL,
  `image` text NOT NULL,
  `address` varchar(200) NOT NULL
) ENGINE=InnoDB DEFAULT CHARSET=utf8;

--
-- Dumping data untuk tabel `users`
--

INSERT INTO `users` (`id`, `ip_address`, `username`, `password`, `email`, `activation_selector`, `activation_code`, `forgotten_password_selector`, `forgotten_password_code`, `forgotten_password_time`, `remember_selector`, `remember_code`, `created_on`, `last_login`, `active`, `first_name`, `last_name`, `phone`, `image`, `address`) VALUES
(1, '127.0.0.1', 'admin@fixl.com', '$2y$12$XpBgMvQ5JzfvN3PTgf/tA.XwxbCOs3mO0a10oP9/11qi1NUpv46.u', 'admin@fixl.com', NULL, '', NULL, NULL, NULL, NULL, NULL, 1268889823, 1581830807, 1, 'Admin', 'istrator', '081342989185', 'USER_1_1571554027.jpeg', 'admin'),
(13, '::1', 'uadmin@gmail.com', '$2y$10$78SZyvKRKMU7nPCew9w4nOpEUmJ1SeTV4L4ZG2NXXSfbEaswqoepq', 'uadmin@gmail.com', NULL, NULL, NULL, NULL, NULL, NULL, NULL, 1568678256, 1581831046, 1, 'admin', 'Dinas', '00', 'USER_13_1568678463.jpg', 'jln mutiara no 8'),
(18, '::1', 'subur@gmail.com', '$2y$10$mfqzS5OmKEzpKeda8JxBce/Tli8Xkxe0kQ5N.l1lJWOGTlvHtDkbW', 'subur@gmail.com', NULL, NULL, NULL, NULL, NULL, NULL, NULL, 1576244780, NULL, 1, 'H. M. Subur,', 'S.Pd', '081232578168', 'default.jpg', 'Morosi'),
(19, '::1', 'smansa_morosi@gmail.com', '$2y$10$7/nMU75i/IXjC2lrox.kqOqNsSLdLMZnEK6XyJNrzSkr18F8WSIMi', 'smansa_morosi@gmail.com', NULL, NULL, NULL, NULL, NULL, NULL, NULL, 1576244780, 1576729498, 1, 'Admin ', 'SMAN 1 MOROSI', '081232578168', 'default.jpg', 'MOROSI'),
(20, '::1', 'zidni@gmail.com', '$2y$10$0KyjH0yaWbjPJI/AWEufC.dnWvYdliLe2NOzhLpLiMyIn/U/7w9tq', 'zidni@gmail.com', NULL, NULL, NULL, NULL, NULL, NULL, NULL, 1576246240, 1576463158, 1, 'Al Zidni', 'Kasim', '081232578168', 'default.jpg', 'BTN Graha Mandiri Permai Blok K/07'),
(22, '::1', 'guru@gmail.com', '$2y$10$6J7.MvMNs39dLQe8HM1Mn.ashaGhvb4UFRVK9CXZnEFfs4vCqUJV.', 'guru@gmail.com', NULL, NULL, NULL, NULL, NULL, NULL, NULL, 1576396791, 1576426418, 1, 'Guru', 'Ku', '081232578169', 'default.jpg', 'Jalan'),
(23, '192.168.1.1', 'arni@gmail.com', '$2y$10$qF64JIh1L257o/enm2cHXOILowiqBNnmrmhGxSrSfcm4tjdBXE2s2', 'arni@gmail.com', NULL, NULL, NULL, NULL, NULL, NULL, NULL, 1576464098, 1581831062, 1, 'Arni', 'S.Pd., M.Pd', '085241571996', 'default.jpg', 'Pohara'),
(24, '192.168.1.1', 'sunarmin@gmail.com', '$2y$10$1cyXRxoLobr1Z7LW3ipAbeuQKo6ApnUUPgFK.VTCVxtgQYKBo0Avi', 'sunarmin@gmail.com', NULL, NULL, NULL, NULL, NULL, NULL, NULL, 1576464142, 1576812970, 1, 'Sunarmin', 'S.Pd', '082291555195', 'default.jpg', 'Kendari'),
(25, '192.168.1.1', 'nursina@gmail.com', '$2y$10$1J04u8Ct//p.gWOLsX/J9ubUGkj.qxc9JdPJiXyVTCKyEIO84B/5S', 'nursina@gmail.com', NULL, NULL, NULL, NULL, NULL, NULL, NULL, 1576464187, 1576890299, 1, 'Nursina', 'S.Pd', '081245258712', 'default.jpg', 'Kendari'),
(26, '192.168.1.1', 'tamis@gmail.com', '$2y$10$5gkPEB2tT./eQxWBFfMZIO3M6cdkJE5a5QsgJR6bMACQvVu8fEr3O', 'tamis@gmail.com', NULL, NULL, NULL, NULL, NULL, NULL, NULL, 1576464252, 1576805195, 1, 'La Ode Tamis', 'S.Pd', '081341652232', 'default.jpg', 'Konda '),
(27, '192.168.1.1', 'suriyadi@gmail.com', '$2y$10$/9mRepq8lU0acgMMsqZ1ZuI8QM294Rm5dWGEbhWuD4MgscsKGLv3G', 'suriyadi@gmail.com', NULL, NULL, NULL, NULL, NULL, NULL, NULL, 1576464362, 1576812681, 1, 'SURIYADI', 'S.Pd', '00000000000', 'default.jpg', 'Kendari'),
(28, '192.168.1.1', 'risnaeni@gmail.com', '$2y$10$udp6lSwDsET0xZ2LrlWe9uv2d0PgeHbT2eUjb6qae2CufMov9LeXu', 'risnaeni@gmail.com', NULL, NULL, NULL, NULL, NULL, NULL, NULL, 1576464422, 1576811125, 1, 'Risnaeni M', 'S.Pd', '082187294529', 'default.jpg', 'Kendari'),
(29, '192.168.1.1', 'evisari@gmail.com', '$2y$10$/H1NdTBBMkjjSw4Aey77.OjAlw2SgZ7JPDPWsC7ah3sOM/AX60Cz.', 'evisari@gmail.com', NULL, NULL, NULL, NULL, NULL, NULL, NULL, 1576464463, 1576722389, 1, 'Evi sari', 'S.Pd', '081341594444', 'default.jpg', 'Kendari'),
(30, '192.168.1.1', 'justina@gmail.com', '$2y$10$Lyzfs57b8D3icMkspbp1.uX3WvzKSsSIugvnFmdzW8mRpHx2oXLm.', 'justina@gmail.com', NULL, NULL, NULL, NULL, NULL, NULL, NULL, 1576464493, 1576725498, 1, 'Justina', 'S.Pd', '0', 'default.jpg', 'Morosi'),
(31, '192.168.1.1', 'chichi@gmail.com', '$2y$10$efg48VBRmq6yk9f1xXtB6O0Mdd6pQRhhupqLjRWMLjHheAw4lJFzO', 'chichi@gmail.com', NULL, NULL, NULL, NULL, NULL, NULL, NULL, 1576466373, 1576724092, 1, 'Chichi suciyanti', 'S.Pd', '0', 'default.jpg', 'Morosi'),
(32, '192.168.1.1', 'yunus@gmail.com', '$2y$10$DwD4r3xCP/K94xMCE8y84OG3UdoTnng4vObJU/DgqGdv7e.Vb/Jsy', 'yunus@gmail.com', NULL, NULL, NULL, NULL, NULL, NULL, NULL, 1576466422, 1576720958, 1, 'Yunus', 'S.Pd', '0', 'default.jpg', 'Andaroa'),
(33, '192.168.1.1', 'satriadi@gmail.com', '$2y$10$2vAkNWED9UXhrodpJMNfLeDlpVa.rmEvpLy9hubxx35ghIkzQ4qYe', 'satriadi@gmail.com', NULL, NULL, NULL, NULL, NULL, NULL, NULL, 1576466494, 1576545100, 1, 'Satriadi', 'S.Pd', '0', 'default.jpg', 'Morosi'),
(34, '192.168.1.1', 'hasrika@gmail.com', '$2y$10$/tJqmThfT8kwyzc4ica/4usM18zMOXgEbDp1bqTZsrvYYBtZ.mr6i', 'hasrika@gmail.com', NULL, NULL, NULL, NULL, NULL, NULL, NULL, 1576466528, 1576809937, 1, 'Hasrika', 'S.Pd', '0', 'default.jpg', 'Abelisawah'),
(35, '192.168.1.1', 'basran@gmail.com', '$2y$10$p0LSSeFzeIu84PGPMu6wDO8T53/QTz2iEYQXQ/PtRZEOD6vTyi566', 'basran@gmail.com', NULL, NULL, NULL, NULL, NULL, NULL, NULL, 1576466562, NULL, 1, 'Basran', 'S.PdI', '0', 'default.jpg', 'Kendari'),
(36, '192.168.1.1', 'agryvita@gmail.com', '$2y$10$bQ//Sjfqr183UGSnCaNzKuXWWvULe91kYKQo5LvgkcGF225zOaVRK', 'agryvita@gmail.com', NULL, NULL, NULL, NULL, NULL, NULL, NULL, 1576466578, 1576811425, 1, 'Agryvita', 'S.Pd', '0', 'default.jpg', 'Kendari'),
(37, '192.168.1.1', 'adam@gmail.com', '$2y$10$P14UfvQKQUdbQmpy/mY1tOt5F9NpC7nyFGJtf0Q/Lhz0dZx6nfw/C', 'adam@gmail.com', NULL, NULL, NULL, NULL, NULL, NULL, NULL, 1576466605, 1576811035, 1, 'La', 'Adam', '0', 'default.jpg', 'Kendari'),
(38, '192.168.1.1', 'mualim@gmail.com', '$2y$10$MRK0HJlDO8QG/boiB74t2.HHZMLh/D7hYM9Z/s.48em1NXTdocywC', 'mualim@gmail.com', NULL, NULL, NULL, NULL, NULL, NULL, NULL, 1576466830, 1576809819, 1, 'Muh', 'Mualim', '0', 'default.jpg', 'Morosi');

-- --------------------------------------------------------

--
-- Struktur dari tabel `users_groups`
--

CREATE TABLE `users_groups` (
  `id` int(11) UNSIGNED NOT NULL,
  `user_id` int(11) UNSIGNED NOT NULL,
  `group_id` mediumint(8) UNSIGNED NOT NULL
) ENGINE=InnoDB DEFAULT CHARSET=utf8;

--
-- Dumping data untuk tabel `users_groups`
--

INSERT INTO `users_groups` (`id`, `user_id`, `group_id`) VALUES
(1, 1, 1),
(29, 13, 2),
(34, 18, 4),
(35, 19, 3),
(36, 20, 5),
(38, 22, 5),
(39, 23, 5),
(40, 24, 5),
(41, 25, 5),
(42, 26, 5),
(43, 27, 5),
(44, 28, 5),
(45, 29, 5),
(46, 30, 5),
(47, 31, 5),
(48, 32, 5),
(49, 33, 5),
(50, 34, 5),
(51, 35, 5),
(52, 36, 5),
(53, 37, 5),
(54, 38, 5);

--
-- Indexes for dumped tables
--

--
-- Indexes for table `absence`
--
ALTER TABLE `absence`
  ADD PRIMARY KEY (`id`),
  ADD KEY `user_id` (`user_id`),
  ADD KEY `student_id` (`student_id`);

--
-- Indexes for table `achievement`
--
ALTER TABLE `achievement`
  ADD PRIMARY KEY (`id`),
  ADD KEY `student_id` (`student_id`);

--
-- Indexes for table `assignment`
--
ALTER TABLE `assignment`
  ADD PRIMARY KEY (`id`),
  ADD KEY `student_id` (`student_id`),
  ADD KEY `course_id` (`course_id`),
  ADD KEY `user_id` (`user_id`);

--
-- Indexes for table `attitude`
--
ALTER TABLE `attitude`
  ADD PRIMARY KEY (`id`),
  ADD KEY `school_id` (`school_id`);

--
-- Indexes for table `category`
--
ALTER TABLE `category`
  ADD PRIMARY KEY (`id`),
  ADD KEY `school_id` (`school_id`);

--
-- Indexes for table `classroom`
--
ALTER TABLE `classroom`
  ADD PRIMARY KEY (`id`),
  ADD KEY `school_id` (`school_id`),
  ADD KEY `user_id` (`user_id`);

--
-- Indexes for table `courses`
--
ALTER TABLE `courses`
  ADD PRIMARY KEY (`id`),
  ADD KEY `category_id` (`category_id`),
  ADD KEY `school_id` (`school_id`);

--
-- Indexes for table `extracurricular`
--
ALTER TABLE `extracurricular`
  ADD PRIMARY KEY (`id`),
  ADD KEY `school_id` (`school_id`),
  ADD KEY `group_id` (`group_id`);

--
-- Indexes for table `extracurricular_group`
--
ALTER TABLE `extracurricular_group`
  ADD PRIMARY KEY (`id`),
  ADD KEY `school_id` (`school_id`);

--
-- Indexes for table `groups`
--
ALTER TABLE `groups`
  ADD PRIMARY KEY (`id`);

--
-- Indexes for table `login_attempts`
--
ALTER TABLE `login_attempts`
  ADD PRIMARY KEY (`id`);

--
-- Indexes for table `menus`
--
ALTER TABLE `menus`
  ADD PRIMARY KEY (`id`);

--
-- Indexes for table `predicate_attitude`
--
ALTER TABLE `predicate_attitude`
  ADD PRIMARY KEY (`id`),
  ADD KEY `school_id` (`school_id`);

--
-- Indexes for table `predicate_rating`
--
ALTER TABLE `predicate_rating`
  ADD PRIMARY KEY (`id`),
  ADD KEY `school_id` (`school_id`);

--
-- Indexes for table `rating_extracurricular`
--
ALTER TABLE `rating_extracurricular`
  ADD PRIMARY KEY (`id`),
  ADD KEY `extracurricular_id` (`extracurricular_id`),
  ADD KEY `student_id` (`student_id`);

--
-- Indexes for table `rating_final`
--
ALTER TABLE `rating_final`
  ADD PRIMARY KEY (`id`),
  ADD KEY `course_id` (`course_id`),
  ADD KEY `student_id` (`student_id`),
  ADD KEY `user_id` (`user_id`);

--
-- Indexes for table `rating_formula`
--
ALTER TABLE `rating_formula`
  ADD PRIMARY KEY (`id`),
  ADD KEY `school_id` (`school_id`);

--
-- Indexes for table `rating_mid`
--
ALTER TABLE `rating_mid`
  ADD PRIMARY KEY (`id`),
  ADD KEY `student_id` (`student_id`),
  ADD KEY `course_id` (`course_id`),
  ADD KEY `user_id` (`user_id`);

--
-- Indexes for table `rating_portfolio`
--
ALTER TABLE `rating_portfolio`
  ADD PRIMARY KEY (`id`),
  ADD KEY `student_id` (`student_id`),
  ADD KEY `course_id` (`course_id`),
  ADD KEY `user_id` (`user_id`);

--
-- Indexes for table `rating_practice`
--
ALTER TABLE `rating_practice`
  ADD PRIMARY KEY (`id`),
  ADD KEY `student_id` (`student_id`),
  ADD KEY `course_id` (`course_id`),
  ADD KEY `user_id` (`user_id`);

--
-- Indexes for table `rating_project`
--
ALTER TABLE `rating_project`
  ADD PRIMARY KEY (`id`),
  ADD KEY `student_id` (`student_id`),
  ADD KEY `course_id` (`course_id`),
  ADD KEY `user_id` (`user_id`);

--
-- Indexes for table `rating_skill`
--
ALTER TABLE `rating_skill`
  ADD PRIMARY KEY (`id`),
  ADD KEY `user_id` (`student_id`),
  ADD KEY `course_id` (`course_id`),
  ADD KEY `user_id_2` (`user_id`);

--
-- Indexes for table `rating_test`
--
ALTER TABLE `rating_test`
  ADD PRIMARY KEY (`id`),
  ADD KEY `user_id` (`student_id`),
  ADD KEY `course_id` (`course_id`),
  ADD KEY `user_id_2` (`user_id`);

--
-- Indexes for table `schools`
--
ALTER TABLE `schools`
  ADD PRIMARY KEY (`id`),
  ADD KEY `user_id` (`user_id`),
  ADD KEY `school_head_id` (`school_head_id`);

--
-- Indexes for table `school_head_profile`
--
ALTER TABLE `school_head_profile`
  ADD PRIMARY KEY (`id`),
  ADD KEY `user_id` (`user_id`);

--
-- Indexes for table `students`
--
ALTER TABLE `students`
  ADD PRIMARY KEY (`id`),
  ADD KEY `classroom_id` (`classroom_id`),
  ADD KEY `school_id` (`school_id`);

--
-- Indexes for table `student_attitude`
--
ALTER TABLE `student_attitude`
  ADD PRIMARY KEY (`id`),
  ADD KEY `student_id` (`student_id`),
  ADD KEY `attitude_id` (`attitude_id`),
  ADD KEY `predicate_id` (`predicate_id`),
  ADD KEY `user_id` (`user_id`),
  ADD KEY `course_id` (`course_id`);

--
-- Indexes for table `student_profile`
--
ALTER TABLE `student_profile`
  ADD PRIMARY KEY (`id`),
  ADD KEY `classroom_id` (`classroom_id`),
  ADD KEY `school_id` (`school_id`);

--
-- Indexes for table `teacher_profile`
--
ALTER TABLE `teacher_profile`
  ADD PRIMARY KEY (`id`),
  ADD KEY `user_id` (`user_id`),
  ADD KEY `school_id` (`school_id`);

--
-- Indexes for table `users`
--
ALTER TABLE `users`
  ADD PRIMARY KEY (`id`),
  ADD UNIQUE KEY `uc_email` (`email`),
  ADD UNIQUE KEY `uc_activation_selector` (`activation_selector`),
  ADD UNIQUE KEY `uc_forgotten_password_selector` (`forgotten_password_selector`),
  ADD UNIQUE KEY `uc_remember_selector` (`remember_selector`);

--
-- Indexes for table `users_groups`
--
ALTER TABLE `users_groups`
  ADD PRIMARY KEY (`id`),
  ADD UNIQUE KEY `uc_users_groups` (`user_id`,`group_id`),
  ADD KEY `fk_users_groups_users1_idx` (`user_id`),
  ADD KEY `fk_users_groups_groups1_idx` (`group_id`);

--
-- AUTO_INCREMENT for dumped tables
--

--
-- AUTO_INCREMENT for table `absence`
--
ALTER TABLE `absence`
  MODIFY `id` int(10) UNSIGNED NOT NULL AUTO_INCREMENT, AUTO_INCREMENT=77;
--
-- AUTO_INCREMENT for table `achievement`
--
ALTER TABLE `achievement`
  MODIFY `id` bigint(20) UNSIGNED NOT NULL AUTO_INCREMENT;
--
-- AUTO_INCREMENT for table `assignment`
--
ALTER TABLE `assignment`
  MODIFY `id` int(10) UNSIGNED NOT NULL AUTO_INCREMENT, AUTO_INCREMENT=2918;
--
-- AUTO_INCREMENT for table `attitude`
--
ALTER TABLE `attitude`
  MODIFY `id` int(10) UNSIGNED NOT NULL AUTO_INCREMENT, AUTO_INCREMENT=4;
--
-- AUTO_INCREMENT for table `category`
--
ALTER TABLE `category`
  MODIFY `id` int(10) UNSIGNED NOT NULL AUTO_INCREMENT, AUTO_INCREMENT=3;
--
-- AUTO_INCREMENT for table `classroom`
--
ALTER TABLE `classroom`
  MODIFY `id` int(10) UNSIGNED NOT NULL AUTO_INCREMENT, AUTO_INCREMENT=11;
--
-- AUTO_INCREMENT for table `courses`
--
ALTER TABLE `courses`
  MODIFY `id` int(10) UNSIGNED NOT NULL AUTO_INCREMENT, AUTO_INCREMENT=18;
--
-- AUTO_INCREMENT for table `extracurricular`
--
ALTER TABLE `extracurricular`
  MODIFY `id` int(10) UNSIGNED NOT NULL AUTO_INCREMENT, AUTO_INCREMENT=2;
--
-- AUTO_INCREMENT for table `extracurricular_group`
--
ALTER TABLE `extracurricular_group`
  MODIFY `id` int(10) UNSIGNED NOT NULL AUTO_INCREMENT, AUTO_INCREMENT=2;
--
-- AUTO_INCREMENT for table `groups`
--
ALTER TABLE `groups`
  MODIFY `id` mediumint(8) UNSIGNED NOT NULL AUTO_INCREMENT, AUTO_INCREMENT=6;
--
-- AUTO_INCREMENT for table `login_attempts`
--
ALTER TABLE `login_attempts`
  MODIFY `id` int(11) UNSIGNED NOT NULL AUTO_INCREMENT, AUTO_INCREMENT=18;
--
-- AUTO_INCREMENT for table `menus`
--
ALTER TABLE `menus`
  MODIFY `id` int(10) UNSIGNED NOT NULL AUTO_INCREMENT, AUTO_INCREMENT=124;
--
-- AUTO_INCREMENT for table `predicate_attitude`
--
ALTER TABLE `predicate_attitude`
  MODIFY `id` int(10) UNSIGNED NOT NULL AUTO_INCREMENT, AUTO_INCREMENT=7;
--
-- AUTO_INCREMENT for table `predicate_rating`
--
ALTER TABLE `predicate_rating`
  MODIFY `id` int(10) UNSIGNED NOT NULL AUTO_INCREMENT, AUTO_INCREMENT=7;
--
-- AUTO_INCREMENT for table `rating_extracurricular`
--
ALTER TABLE `rating_extracurricular`
  MODIFY `id` bigint(20) UNSIGNED NOT NULL AUTO_INCREMENT, AUTO_INCREMENT=72;
--
-- AUTO_INCREMENT for table `rating_final`
--
ALTER TABLE `rating_final`
  MODIFY `id` bigint(20) UNSIGNED NOT NULL AUTO_INCREMENT, AUTO_INCREMENT=1263;
--
-- AUTO_INCREMENT for table `rating_formula`
--
ALTER TABLE `rating_formula`
  MODIFY `id` int(10) UNSIGNED NOT NULL AUTO_INCREMENT, AUTO_INCREMENT=6;
--
-- AUTO_INCREMENT for table `rating_mid`
--
ALTER TABLE `rating_mid`
  MODIFY `id` int(10) UNSIGNED NOT NULL AUTO_INCREMENT, AUTO_INCREMENT=1288;
--
-- AUTO_INCREMENT for table `rating_portfolio`
--
ALTER TABLE `rating_portfolio`
  MODIFY `id` bigint(20) UNSIGNED NOT NULL AUTO_INCREMENT;
--
-- AUTO_INCREMENT for table `rating_practice`
--
ALTER TABLE `rating_practice`
  MODIFY `id` bigint(20) UNSIGNED NOT NULL AUTO_INCREMENT;
--
-- AUTO_INCREMENT for table `rating_project`
--
ALTER TABLE `rating_project`
  MODIFY `id` bigint(20) UNSIGNED NOT NULL AUTO_INCREMENT;
--
-- AUTO_INCREMENT for table `rating_skill`
--
ALTER TABLE `rating_skill`
  MODIFY `id` bigint(20) UNSIGNED NOT NULL AUTO_INCREMENT, AUTO_INCREMENT=846;
--
-- AUTO_INCREMENT for table `rating_test`
--
ALTER TABLE `rating_test`
  MODIFY `id` bigint(20) UNSIGNED NOT NULL AUTO_INCREMENT, AUTO_INCREMENT=1731;
--
-- AUTO_INCREMENT for table `schools`
--
ALTER TABLE `schools`
  MODIFY `id` int(10) UNSIGNED NOT NULL AUTO_INCREMENT, AUTO_INCREMENT=2;
--
-- AUTO_INCREMENT for table `school_head_profile`
--
ALTER TABLE `school_head_profile`
  MODIFY `id` int(10) UNSIGNED NOT NULL AUTO_INCREMENT, AUTO_INCREMENT=3;
--
-- AUTO_INCREMENT for table `students`
--
ALTER TABLE `students`
  MODIFY `id` int(10) UNSIGNED NOT NULL AUTO_INCREMENT, AUTO_INCREMENT=147;
--
-- AUTO_INCREMENT for table `student_attitude`
--
ALTER TABLE `student_attitude`
  MODIFY `id` bigint(20) UNSIGNED NOT NULL AUTO_INCREMENT, AUTO_INCREMENT=2370;
--
-- AUTO_INCREMENT for table `student_profile`
--
ALTER TABLE `student_profile`
  MODIFY `id` int(10) UNSIGNED NOT NULL AUTO_INCREMENT;
--
-- AUTO_INCREMENT for table `teacher_profile`
--
ALTER TABLE `teacher_profile`
  MODIFY `id` int(10) UNSIGNED NOT NULL AUTO_INCREMENT, AUTO_INCREMENT=19;
--
-- AUTO_INCREMENT for table `users`
--
ALTER TABLE `users`
  MODIFY `id` int(11) UNSIGNED NOT NULL AUTO_INCREMENT, AUTO_INCREMENT=39;
--
-- AUTO_INCREMENT for table `users_groups`
--
ALTER TABLE `users_groups`
  MODIFY `id` int(11) UNSIGNED NOT NULL AUTO_INCREMENT, AUTO_INCREMENT=55;
--
-- Ketidakleluasaan untuk tabel pelimpahan (Dumped Tables)
--

--
-- Ketidakleluasaan untuk tabel `absence`
--
ALTER TABLE `absence`
  ADD CONSTRAINT `absence_ibfk_1` FOREIGN KEY (`user_id`) REFERENCES `users` (`id`),
  ADD CONSTRAINT `absence_ibfk_2` FOREIGN KEY (`student_id`) REFERENCES `students` (`id`);

--
-- Ketidakleluasaan untuk tabel `achievement`
--
ALTER TABLE `achievement`
  ADD CONSTRAINT `achievement_ibfk_1` FOREIGN KEY (`student_id`) REFERENCES `students` (`id`);

--
-- Ketidakleluasaan untuk tabel `assignment`
--
ALTER TABLE `assignment`
  ADD CONSTRAINT `assignment_ibfk_1` FOREIGN KEY (`student_id`) REFERENCES `students` (`id`),
  ADD CONSTRAINT `assignment_ibfk_2` FOREIGN KEY (`course_id`) REFERENCES `courses` (`id`),
  ADD CONSTRAINT `assignment_ibfk_3` FOREIGN KEY (`user_id`) REFERENCES `users` (`id`);

--
-- Ketidakleluasaan untuk tabel `attitude`
--
ALTER TABLE `attitude`
  ADD CONSTRAINT `attitude_ibfk_1` FOREIGN KEY (`school_id`) REFERENCES `schools` (`id`);

--
-- Ketidakleluasaan untuk tabel `category`
--
ALTER TABLE `category`
  ADD CONSTRAINT `category_ibfk_1` FOREIGN KEY (`school_id`) REFERENCES `schools` (`id`);

--
-- Ketidakleluasaan untuk tabel `classroom`
--
ALTER TABLE `classroom`
  ADD CONSTRAINT `classroom_ibfk_1` FOREIGN KEY (`school_id`) REFERENCES `schools` (`id`),
  ADD CONSTRAINT `classroom_ibfk_2` FOREIGN KEY (`user_id`) REFERENCES `users` (`id`);

--
-- Ketidakleluasaan untuk tabel `courses`
--
ALTER TABLE `courses`
  ADD CONSTRAINT `courses_ibfk_1` FOREIGN KEY (`category_id`) REFERENCES `category` (`id`),
  ADD CONSTRAINT `courses_ibfk_2` FOREIGN KEY (`school_id`) REFERENCES `schools` (`id`);

--
-- Ketidakleluasaan untuk tabel `extracurricular`
--
ALTER TABLE `extracurricular`
  ADD CONSTRAINT `extracurricular_ibfk_1` FOREIGN KEY (`school_id`) REFERENCES `schools` (`id`),
  ADD CONSTRAINT `extracurricular_ibfk_2` FOREIGN KEY (`group_id`) REFERENCES `extracurricular_group` (`id`);

--
-- Ketidakleluasaan untuk tabel `extracurricular_group`
--
ALTER TABLE `extracurricular_group`
  ADD CONSTRAINT `extracurricular_group_ibfk_1` FOREIGN KEY (`school_id`) REFERENCES `schools` (`id`);

--
-- Ketidakleluasaan untuk tabel `predicate_attitude`
--
ALTER TABLE `predicate_attitude`
  ADD CONSTRAINT `predicate_attitude_ibfk_1` FOREIGN KEY (`school_id`) REFERENCES `schools` (`id`);

--
-- Ketidakleluasaan untuk tabel `rating_extracurricular`
--
ALTER TABLE `rating_extracurricular`
  ADD CONSTRAINT `rating_extracurricular_ibfk_1` FOREIGN KEY (`extracurricular_id`) REFERENCES `extracurricular` (`id`),
  ADD CONSTRAINT `rating_extracurricular_ibfk_2` FOREIGN KEY (`student_id`) REFERENCES `students` (`id`);

--
-- Ketidakleluasaan untuk tabel `rating_final`
--
ALTER TABLE `rating_final`
  ADD CONSTRAINT `rating_final_ibfk_2` FOREIGN KEY (`course_id`) REFERENCES `courses` (`id`),
  ADD CONSTRAINT `rating_final_ibfk_3` FOREIGN KEY (`student_id`) REFERENCES `students` (`id`),
  ADD CONSTRAINT `rating_final_ibfk_4` FOREIGN KEY (`user_id`) REFERENCES `users` (`id`);

--
-- Ketidakleluasaan untuk tabel `rating_formula`
--
ALTER TABLE `rating_formula`
  ADD CONSTRAINT `rating_formula_ibfk_1` FOREIGN KEY (`school_id`) REFERENCES `schools` (`id`);

--
-- Ketidakleluasaan untuk tabel `rating_mid`
--
ALTER TABLE `rating_mid`
  ADD CONSTRAINT `rating_mid_ibfk_1` FOREIGN KEY (`student_id`) REFERENCES `students` (`id`),
  ADD CONSTRAINT `rating_mid_ibfk_2` FOREIGN KEY (`course_id`) REFERENCES `courses` (`id`),
  ADD CONSTRAINT `rating_mid_ibfk_3` FOREIGN KEY (`user_id`) REFERENCES `users` (`id`);

--
-- Ketidakleluasaan untuk tabel `rating_portfolio`
--
ALTER TABLE `rating_portfolio`
  ADD CONSTRAINT `rating_portfolio_ibfk_1` FOREIGN KEY (`student_id`) REFERENCES `students` (`id`),
  ADD CONSTRAINT `rating_portfolio_ibfk_2` FOREIGN KEY (`course_id`) REFERENCES `courses` (`id`),
  ADD CONSTRAINT `rating_portfolio_ibfk_3` FOREIGN KEY (`user_id`) REFERENCES `users` (`id`);

--
-- Ketidakleluasaan untuk tabel `rating_practice`
--
ALTER TABLE `rating_practice`
  ADD CONSTRAINT `rating_practice_ibfk_1` FOREIGN KEY (`student_id`) REFERENCES `students` (`id`),
  ADD CONSTRAINT `rating_practice_ibfk_2` FOREIGN KEY (`course_id`) REFERENCES `courses` (`id`),
  ADD CONSTRAINT `rating_practice_ibfk_3` FOREIGN KEY (`user_id`) REFERENCES `users` (`id`);

--
-- Ketidakleluasaan untuk tabel `rating_project`
--
ALTER TABLE `rating_project`
  ADD CONSTRAINT `rating_project_ibfk_1` FOREIGN KEY (`student_id`) REFERENCES `students` (`id`),
  ADD CONSTRAINT `rating_project_ibfk_2` FOREIGN KEY (`course_id`) REFERENCES `courses` (`id`),
  ADD CONSTRAINT `rating_project_ibfk_3` FOREIGN KEY (`user_id`) REFERENCES `users` (`id`);

--
-- Ketidakleluasaan untuk tabel `rating_skill`
--
ALTER TABLE `rating_skill`
  ADD CONSTRAINT `rating_skill_ibfk_1` FOREIGN KEY (`course_id`) REFERENCES `courses` (`id`),
  ADD CONSTRAINT `rating_skill_ibfk_2` FOREIGN KEY (`student_id`) REFERENCES `students` (`id`),
  ADD CONSTRAINT `rating_skill_ibfk_3` FOREIGN KEY (`user_id`) REFERENCES `users` (`id`);

--
-- Ketidakleluasaan untuk tabel `rating_test`
--
ALTER TABLE `rating_test`
  ADD CONSTRAINT `rating_test_ibfk_1` FOREIGN KEY (`student_id`) REFERENCES `students` (`id`),
  ADD CONSTRAINT `rating_test_ibfk_2` FOREIGN KEY (`course_id`) REFERENCES `courses` (`id`),
  ADD CONSTRAINT `rating_test_ibfk_3` FOREIGN KEY (`user_id`) REFERENCES `users` (`id`);

--
-- Ketidakleluasaan untuk tabel `schools`
--
ALTER TABLE `schools`
  ADD CONSTRAINT `schools_ibfk_1` FOREIGN KEY (`user_id`) REFERENCES `users` (`id`),
  ADD CONSTRAINT `schools_ibfk_2` FOREIGN KEY (`school_head_id`) REFERENCES `users` (`id`);

--
-- Ketidakleluasaan untuk tabel `school_head_profile`
--
ALTER TABLE `school_head_profile`
  ADD CONSTRAINT `school_head_profile_ibfk_1` FOREIGN KEY (`user_id`) REFERENCES `users` (`id`);

--
-- Ketidakleluasaan untuk tabel `students`
--
ALTER TABLE `students`
  ADD CONSTRAINT `students_ibfk_1` FOREIGN KEY (`classroom_id`) REFERENCES `classroom` (`id`),
  ADD CONSTRAINT `students_ibfk_2` FOREIGN KEY (`school_id`) REFERENCES `schools` (`id`);

--
-- Ketidakleluasaan untuk tabel `student_attitude`
--
ALTER TABLE `student_attitude`
  ADD CONSTRAINT `student_attitude_ibfk_1` FOREIGN KEY (`student_id`) REFERENCES `students` (`id`),
  ADD CONSTRAINT `student_attitude_ibfk_2` FOREIGN KEY (`attitude_id`) REFERENCES `attitude` (`id`),
  ADD CONSTRAINT `student_attitude_ibfk_3` FOREIGN KEY (`predicate_id`) REFERENCES `predicate_attitude` (`id`),
  ADD CONSTRAINT `student_attitude_ibfk_4` FOREIGN KEY (`user_id`) REFERENCES `users` (`id`),
  ADD CONSTRAINT `student_attitude_ibfk_5` FOREIGN KEY (`course_id`) REFERENCES `courses` (`id`);

--
-- Ketidakleluasaan untuk tabel `student_profile`
--
ALTER TABLE `student_profile`
  ADD CONSTRAINT `student_profile_ibfk_1` FOREIGN KEY (`classroom_id`) REFERENCES `classroom` (`id`),
  ADD CONSTRAINT `student_profile_ibfk_2` FOREIGN KEY (`school_id`) REFERENCES `schools` (`id`);

--
-- Ketidakleluasaan untuk tabel `teacher_profile`
--
ALTER TABLE `teacher_profile`
  ADD CONSTRAINT `teacher_profile_ibfk_1` FOREIGN KEY (`school_id`) REFERENCES `schools` (`id`);

--
-- Ketidakleluasaan untuk tabel `users_groups`
--
ALTER TABLE `users_groups`
  ADD CONSTRAINT `fk_users_groups_groups1` FOREIGN KEY (`group_id`) REFERENCES `groups` (`id`) ON DELETE CASCADE ON UPDATE NO ACTION,
  ADD CONSTRAINT `fk_users_groups_users1` FOREIGN KEY (`user_id`) REFERENCES `users` (`id`) ON DELETE CASCADE ON UPDATE NO ACTION;

/*!40101 SET CHARACTER_SET_CLIENT=@OLD_CHARACTER_SET_CLIENT */;
/*!40101 SET CHARACTER_SET_RESULTS=@OLD_CHARACTER_SET_RESULTS */;
/*!40101 SET COLLATION_CONNECTION=@OLD_COLLATION_CONNECTION */;
